parent_name,child_name,parent_smiles,child_smiles,source,fps
(-)-Epigallocatechin gallate,"(-)-Epigallocatechin gallate, 3p-OH-glucuronide",O=C(OC1Cc2c(O)cc(O)cc2OC1c1cc(O)c(O)c(O)c1)c1cc(O)c(O)c(O)c1,O=C(OC1Cc2c(O)cc(O)cc2OC1c1cc(O)c(O)c(OC2OC(C(=O)O)C(O)C(O)C2O)c1)c1cc(O)c(O)c(O)c1,MetXBioDB,[0 0 0 ... 0 0 0]
(-)-Epigallocatechin gallate,"(-)-Epigallocatechin gallate, 4p-OH-glucuronide",O=C(OC1Cc2c(O)cc(O)cc2OC1c1cc(O)c(O)c(O)c1)c1cc(O)c(O)c(O)c1,O=C(OC1Cc2c(O)cc(O)cc2OC1c1cc(O)c(OC2OC(C(=O)O)C(O)C(O)C2O)c(O)c1)c1cc(O)c(O)c(O)c1,MetXBioDB,[0 0 0 ... 0 0 0]
(-)-Epigallocatechin,"(-)-Epigallocatechin, 3p-OH-glucuronide",Oc1cc(O)c2c(c1)OC(c1cc(O)c(O)c(O)c1)C(O)C2,O=C(O)C1OC(Oc2cc(C3Oc4cc(O)cc(O)c4CC3O)cc(O)c2O)C(O)C(O)C1O,MetXBioDB,[0 0 0 ... 0 0 0]
2-Hydroxychalcone,"2-Hydroxychalcone, 2-OH glucuronide",O=C(C=Cc1ccccc1O)c1ccccc1,O=C(C=Cc1ccccc1OC1OC(C(=O)O)C(O)C(O)C1O)c1ccccc1,MetXBioDB,[0 0 0 ... 0 0 0]
4-Hydroxychalcone,"4-Hydroxychalcone, 4-OH-glucuronide",O=C(C=Cc1ccc(O)cc1)c1ccccc1,O=C(C=Cc1ccc(OC2OC(C(=O)O)C(O)C(O)C2O)cc1)c1ccccc1,MetXBioDB,[0 0 0 ... 0 0 0]
2p-Hydroxychalcone,"2p-Hydroxychalcone, 2p-OH-glucuronide",O=C(C=Cc1ccccc1)c1ccccc1O,O=C(C=Cc1ccccc1)c1ccccc1OC1OC(C(=O)O)C(O)C(O)C1O,MetXBioDB,[0 0 0 ... 0 0 0]
4p-Hydroxychalcone,"4p-Hydroxychalcone, 4p-OH-glucuronide",O=C(C=Cc1ccccc1)c1ccc(O)cc1,O=C(C=Cc1ccccc1)c1ccc(OC2OC(C(=O)O)C(O)C(O)C2O)cc1,MetXBioDB,[0 0 0 ... 0 0 0]
Phloretin,"Phloretin, 4p-OH-glucuronide",O=C(CCc1ccc(O)cc1)c1c(O)cc(O)cc1O,O=C(CCc1ccc(O)cc1)c1c(O)cc(OC2OC(C(=O)O)C(O)C(O)C2O)cc1O,MetXBioDB,[0 0 0 ... 0 0 0]
7-Hydroxychromone,"7-Hydroxychromone, 7-OH-glucuronide",O=c1ccoc2cc(O)ccc12,O=C(O)C1OC(Oc2ccc3c(=O)ccoc3c2)C(O)C(O)C1O,MetXBioDB,[0 0 0 ... 0 0 0]
"3,4-Diphenyl-7-hydroxycoumarin","3,4-Diphenyl-7-hydroxycoumarin, 7-OH-glucuronide",O=c1oc2cc(O)ccc2c(-c2ccccc2)c1-c1ccccc1,O=C(O)C1OC(Oc2ccc3c(-c4ccccc4)c(-c4ccccc4)c(=O)oc3c2)C(O)C(O)C1O,MetXBioDB,[0 0 0 ... 0 0 0]
4-Methylumbelliferone,4-Methylumbelliferone O-glucuronide,Cc1cc(=O)oc2cc(O)ccc12,Cc1cc(=O)oc2cc(OC3OC(C(=O)O)C(O)C(O)C3O)ccc12,MetXBioDB,[0 0 0 ... 0 0 0]
4-Hydroxy-6-methylcoumarin,"6-methylcoumarin, 4-O-glucuronide",Cc1ccc2oc(=O)cc(O)c2c1,Cc1ccc2oc(=O)cc(OC3OC(C(=O)O)C(O)C(O)C3O)c2c1,MetXBioDB,[0 0 0 ... 0 0 0]
6-Hydroxy-7-methoxyl-4-phenylcoumarin,"7-methoxyl-4-phenylcoumarin, 6-O-glucuronide",COc1cc2oc(=O)cc(-c3ccccc3)c2cc1O,COc1cc2oc(=O)cc(-c3ccccc3)c2cc1OC1OC(C(=O)O)C(O)C(O)C1O,MetXBioDB,[0 0 0 ... 0 0 0]
8-Hydroxywarfarin,Warfarin 8-O-glucuronide,CC(=O)CC(c1ccccc1)c1c(O)c2cccc(O)c2oc1=O,CC(=O)CC(c1ccccc1)c1c(O)c2cccc(OC3OC(C(=O)O)C(O)C(O)C3O)c2oc1=O,MetXBioDB,[0 1 0 ... 0 0 0]
7-Hydroxywarfarin,Warfarin 7-O-glucuronide,CC(=O)CC(c1ccccc1)c1c(O)c2ccc(O)cc2oc1=O,CC(=O)CC(c1ccccc1)c1c(O)c2ccc(OC3OC(C(=O)O)C(O)C(O)C3O)cc2oc1=O,MetXBioDB,[0 1 0 ... 0 0 0]
6-Hydroxywarfarin,Warfarin 6-O-glucuronide,CC(=O)CC(c1ccccc1)c1c(O)c2cc(O)ccc2oc1=O,CC(=O)CC(c1ccccc1)c1c(O)c2cc(OC3OC(C(=O)O)C(O)C(O)C3O)ccc2oc1=O,MetXBioDB,[0 1 0 ... 0 0 0]
Scopoletin,Scopoletin OH-glucuronide,COc1cc2ccc(=O)oc2cc1O,COc1cc2ccc(=O)oc2cc1OC1OC(C(=O)O)C(O)C(O)C1O,MetXBioDB,[0 0 0 ... 0 0 0]
Curcumin,Curcumin 4-O-glucuronide,COc1cc(C=CC(=O)CC(=O)C=Cc2ccc(O)c(OC)c2)ccc1O,COc1cc(C=CC(=O)CC(=O)C=Cc2ccc(OC3OC(C(=O)O)C(O)C(O)C3O)c(OC)c2)ccc1O,MetXBioDB,[0 0 0 ... 0 0 0]
Demethoxycurcumin,Demethoxycurcumin O-glucuronide,COc1cc(C=CC(=O)CC(=O)C=Cc2ccc(O)cc2)ccc1O,COc1cc(C=CC(=O)CC(=O)C=Cc2ccc(O)cc2)ccc1OC1OC(C(=O)O)C(O)C(O)C1O,MetXBioDB,[0 0 0 ... 0 0 0]
Bisdemethoxycurcumin,"Bisdemethoxycurcumin, 4-O-glucuronide",O=C(C=Cc1ccc(O)cc1)CC(=O)C=Cc1ccc(O)cc1,O=C(C=Cc1ccc(O)cc1)CC(=O)C=Cc1ccc(OC2OC(C(=O)O)C(O)C(O)C2O)cc1,MetXBioDB,[0 0 0 ... 0 0 0]
Emodin,Emodin 3-OH-glucuronide,Cc1cc(O)c2c(c1)C(=O)c1cc(O)cc(O)c1C2=O,Cc1cc(O)c2c(c1)C(=O)c1cc(OC3OC(C(=O)O)C(O)C(O)C3O)cc(O)c1C2=O,MetXBioDB,[0 0 0 ... 0 0 0]
Endoxifen,Endoxifen O-glucuronide,CCC(=C(c1ccc(O)cc1)c1ccc(OCCNC)cc1)c1ccccc1,CCC(=C(c1ccc(OCCNC)cc1)c1ccc(OC2OC(C(=O)O)C(O)C(O)C2O)cc1)c1ccccc1,Both,[0 0 1 ... 0 0 0]
Enterolactone,Enterolactone O-glucuronide,O=C1OCC(Cc2cccc(O)c2)C1Cc1cccc(O)c1,O=C1OCC(Cc2cccc(OC3OC(C(=O)O)C(O)C(O)C3O)c2)C1Cc1cccc(O)c1,MetXBioDB,[0 0 0 ... 0 0 0]
1-Naphthol,1-Naphthyl glucuronide,Oc1cccc2ccccc12,O=C(O)C1OC(Oc2cccc3ccccc23)C(O)C(O)C1O,MetXBioDB,[0 0 0 ... 0 0 0]
Raloxifene,Raloxifene 6-O-glucuronide,O=C(c1ccc(OCCN2CCCCC2)cc1)c1c(-c2ccc(O)cc2)sc2cc(O)ccc12,O=C(c1ccc(OCCN2CCCCC2)cc1)c1c(-c2ccc(O)cc2)sc2cc(OC3OC(C(=O)O)C(O)C(O)C3O)ccc12,MetXBioDB,[0 0 1 ... 0 0 0]
Tyrphostin B42,"Tyrphostin B42, 3-O-glucuronide",N#CC(=Cc1ccc(O)c(O)c1)C(=O)NCc1ccccc1,N#CC(=Cc1ccc(O)c(OC2OC(C(=O)O)C(O)C(O)C2O)c1)C(=O)NCc1ccccc1,MetXBioDB,[0 0 0 ... 0 0 0]
Tyrphostin B42,"Tyrphostin B42, 4-O-glucuronide",N#CC(=Cc1ccc(O)c(O)c1)C(=O)NCc1ccccc1,N#CC(=Cc1ccc(OC2OC(C(=O)O)C(O)C(O)C2O)c(O)c1)C(=O)NCc1ccccc1,MetXBioDB,[0 0 0 ... 0 0 0]
7-Hydroxyflavanone,Flavanone 7-O-glucuronide,O=C1CC(c2ccccc2)Oc2cc(O)ccc21,O=C1CC(c2ccccc2)Oc2cc(OC3OC(C(=O)O)C(O)C(O)C3O)ccc21,MetXBioDB,[0 1 0 ... 0 0 0]
4p-Hydroxy-3-methoxyflavanone,3-methoxyflavanone 4p-O-glucuronide,COC1C(=O)c2ccccc2OC1c1ccc(O)cc1,COC1C(=O)c2ccccc2OC1c1ccc(OC2OC(C(=O)O)C(O)C(O)C2O)cc1,MetXBioDB,[0 0 0 ... 0 0 0]
Hesperetin,Hesperetin 7-O-glucuronide,COc1ccc(C2CC(=O)c3c(O)cc(O)cc3O2)cc1O,COc1ccc(C2CC(=O)c3c(O)cc(OC4OC(C(=O)O)C(O)C(O)C4O)cc3O2)cc1O,MetXBioDB,[0 1 0 ... 0 0 0]
Hesperetin,Hesperetin 3p-O-glucuronide,COc1ccc(C2CC(=O)c3c(O)cc(O)cc3O2)cc1O,COc1ccc(C2CC(=O)c3c(O)cc(O)cc3O2)cc1OC1OC(C(=O)O)C(O)C(O)C1O,MetXBioDB,[0 1 0 ... 0 0 0]
Narigenin,Narigenin 7-O-glucuronide,O=C1CC(c2ccc(O)cc2)Oc2cc(O)cc(O)c21,O=C1CC(c2ccc(O)cc2)Oc2cc(OC3OC(C(=O)O)C(O)C(O)C3O)cc(O)c21,MetXBioDB,[0 1 0 ... 0 0 0]
2p-Hydroxyflavone,Flavone 2p-O-glucuronide,O=c1cc(-c2ccccc2O)oc2ccccc12,O=C(O)C1OC(Oc2ccccc2-c2cc(=O)c3ccccc3o2)C(O)C(O)C1O,MetXBioDB,[0 0 0 ... 0 0 0]
"3,4p-Dimethoxy-5,7,3p-trihydroxyflavone","3,4p-Dimethoxy-5,3p-dihydroxyflavone, 7-O-glucuronide",COc1ccc(-c2oc3cc(O)cc(O)c3c(=O)c2OC)cc1O,COc1ccc(-c2oc3cc(OC4OC(C(=O)O)C(O)C(O)C4O)cc(O)c3c(=O)c2OC)cc1O,MetXBioDB,[0 0 0 ... 0 0 0]
"3p-Benzyloxy-5,7-dihydroxy-3,4p-dimethoxyflavone","3p-Benzyloxy-5-hydroxy-3,4p-dimethoxyflavone, 7-O-glucuronide",COc1ccc(-c2oc3cc(O)cc(O)c3c(=O)c2OC)cc1OCc1ccccc1,COc1ccc(-c2oc3cc(OC4OC(C(=O)O)C(O)C(O)C4O)cc(O)c3c(=O)c2OC)cc1OCc1ccccc1,MetXBioDB,[0 0 0 ... 0 0 0]
3p-Hydroxyflavone,Flavone 3p-O-glucuronide,O=c1cc(-c2cccc(O)c2)oc2ccccc12,O=C(O)C1OC(Oc2cccc(-c3cc(=O)c4ccccc4o3)c2)C(O)C(O)C1O,MetXBioDB,[0 0 0 ... 0 0 0]
4p-Hydroxyflavone,Flavone 4p-O-glucuronide,O=c1cc(-c2ccc(O)cc2)oc2ccccc12,O=C(O)C1OC(Oc2ccc(-c3cc(=O)c4ccccc4o3)cc2)C(O)C(O)C1O,MetXBioDB,[0 0 0 ... 0 0 0]
"5,7-Dihydroxy-3p,4p,5p-trimethoxyflavone","5-Hydroxy-3p,4p,5p-trimethoxyflavone, 7-O-glucuronide",COc1cc(-c2cc(=O)c3c(O)cc(O)cc3o2)cc(OC)c1OC,COc1cc(-c2cc(=O)c3c(O)cc(OC4OC(C(=O)O)C(O)C(O)C4O)cc3o2)cc(OC)c1OC,MetXBioDB,[0 0 0 ... 0 0 0]
N2-OH-PhIP,N2-OH-PhIP-N2-glucuronide,Cn1c(NO)nc2ncc(-c3ccccc3)cc21,Cn1c(NOC2OC(C(=O)O)C(O)C(O)C2O)nc2ncc(-c3ccccc3)cc21,MetXBioDB,[0 0 0 ... 0 0 0]
4'-OH-PhIP,PhIP 4'-O-glucuronide,Cn1c(=N)[nH]c2ncc(-c3ccc(O)cc3)cc21,Cn1c(=N)[nH]c2ncc(-c3ccc(OC4OC(C(=O)O)C(O)C(O)C4O)cc3)cc21,MetXBioDB,[0 0 0 ... 0 0 0]
2-hydroxyestradiol,Estradiol 2-O-glucuronide,CC12CCC3c4cc(O)c(O)cc4CCC3C1CCC2O,CC12CCC3c4cc(OC5OC(C(=O)O)C(O)C(O)C5O)c(O)cc4CCC3C1CCC2O,MetXBioDB,[0 0 0 ... 0 0 0]
2-hydroxyestrone,Estrone 2-O-glucuronide,CC12CCC3c4cc(O)c(O)cc4CCC3C1CCC2=O,CC12CCC3c4cc(OC5OC(C(=O)O)C(O)C(O)C5O)c(O)cc4CCC3C1CCC2=O,MetXBioDB,[0 0 0 ... 0 0 0]
4-hydroxyestrone,Estrone 4-O-glucuronide,CC12CCC3c4ccc(O)c(O)c4CCC3C1CCC2=O,CC12CCC3c4ccc(O)c(OC5OC(C(=O)O)C(O)C(O)C5O)c4CCC3C1CCC2=O,MetXBioDB,[0 0 0 ... 0 0 0]
"dibenzo[a,l]pyrene-11,12- diol","dibenzo[a,l]pyrene-11-ol, 12-O-glucuronide",Oc1ccc2c(cc3ccc4cccc5c6ccccc6c2c3c45)c1O,O=C(O)C1OC(Oc2ccc3c(cc4ccc5cccc6c7ccccc7c3c4c56)c2O)C(O)C(O)C1O,MetXBioDB,[0 0 0 ... 0 0 0]
"dibenzo[a,l]pyrene-11,12- diol","dibenzo[a,l]pyrene-12-ol, 11-O-glucuronide",Oc1ccc2c(cc3ccc4cccc5c6ccccc6c2c3c45)c1O,O=C(O)C1OC(Oc2c(O)ccc3c2cc2ccc4cccc5c6ccccc6c3c2c45)C(O)C(O)C1O,MetXBioDB,[0 0 0 ... 0 0 0]
17-beta-estradiol,17-beta-Estradiol glucuronide,CC12CCC3c4ccc(O)cc4CCC3C1CCC2O,CC12CCC3c4ccc(O)cc4CCC3C1CCC2OC1OC(C(=O)O)C(O)C(O)C1O,Both,[0 0 0 ... 0 0 0]
4-hydroxytamoxifen,Tamoxifen 4-O-glucuronide,CCC(=C(c1ccc(O)cc1)c1ccc(OCCN(C)C)cc1)c1ccccc1,CCC(=C(c1ccc(OCCN(C)C)cc1)c1ccc(OC2OC(C(=O)O)C(O)C(O)C2O)cc1)c1ccccc1,MetXBioDB,[0 0 1 ... 0 0 0]
tamoxifen,Tamoxifen N-glucuronide,CCC(=C(c1ccccc1)c1ccc(OCCN(C)C)cc1)c1ccccc1,CCC(=C(c1ccccc1)c1ccc(OCC[N+](C)(C)C2OC(C(=O)O)C(O)C(O)C2O)cc1)c1ccccc1,MetXBioDB,[0 0 1 ... 0 0 0]
3-Phenoxybenozoic acid,3-Phenoxybenzoic acid glucuronide,O=C(O)c1cccc(Oc2ccccc2)c1,O=C(OC1OC(C(=O)O)C(O)C(O)C1O)c1cccc(Oc2ccccc2)c1,MetXBioDB,[0 0 0 ... 0 0 0]
Dopamine,Dopamine 4- D-Glucuronide,NCCc1ccc(O)c(O)c1,NCCc1ccc(OC2OC(C(=O)O)C(O)C(O)C2O)c(O)c1,Both,[0 0 0 ... 0 0 0]
Gavestinel,gavestinel 4-O-acyl glucuronide,O=C(C=Cc1c(C(=O)O)[nH]c2cc(Cl)cc(Cl)c12)Nc1ccccc1,O=C(C=Cc1c(C(=O)OC2OC(C(=O)O)C(O)C(O)C2O)[nH]c2cc(Cl)cc(Cl)c12)Nc1ccccc1,MetXBioDB,[0 0 0 ... 0 0 0]
3-hydroxyguanfacine,3-hydroxyguanfacine glucuronide,N=C(N)NC(=O)Cc1c(Cl)c(O)cc(O)c1Cl,N=C(N)NC(=O)Cc1c(Cl)c(O)cc(OC2OC(C(=O)O)C(O)C(O)C2O)c1Cl,MetXBioDB,[0 0 0 ... 0 0 0]
3-Hydroxymorphinan,3-OH-morphinan -glucuronide,Oc1ccc2c(c1)C13CCCCC1C(C2)NCC3,O=C(O)C1OC(Oc2ccc3c(c2)C24CCCCC2C(C3)NCC4)C(O)C(O)C1O,Both,[0 0 0 ... 0 0 0]
8-Hydroxynevirapine,8-Hydroxynevirapine O-glucuronide,Cc1ccnc2c1N=C(O)c1cc(O)cnc1N2C1CC1,Cc1ccnc2c1N=C(O)c1cc(OC3OC(C(=O)O)C(O)C(O)C3O)cnc1N2C1CC1,MetXBioDB,[0 0 0 ... 0 0 0]
12-Hydroxynevirapine,12-Hydroxynevirapine O-glucuronide,Cc1ccnc2c1N=C(O)c1cccnc1N2C1CC1O,Cc1ccnc2c1N=C(O)c1cccnc1N2C1CC1OC1OC(C(=O)O)C(O)C(O)C1O,MetXBioDB,[0 0 0 ... 0 0 0]
3-Hydroxynevirapine,3-Hydroxynevirapine O-glucuronide,Cc1c(O)cnc2c1N=C(O)c1cccnc1N2C1CC1,Cc1c(OC2OC(C(=O)O)C(O)C(O)C2O)cnc2c1N=C(O)c1cccnc1N2C1CC1,MetXBioDB,[0 0 0 ... 0 0 0]
2-Hydroxynevirapine,2-Hydroxynevirapine glucuronide,Cc1cc(O)nc2c1N=C(O)c1cccnc1N2C1CC1,Cc1cc(OC2OC(C(=O)O)C(O)C(O)C2O)nc2c1N=C(O)c1cccnc1N2C1CC1,Both,[0 0 0 ... 0 0 0]
thymol,thymol O-glucuronide,Cc1ccc(C(C)C)c(O)c1,Cc1ccc(C(C)C)c(OC2OC(C(=O)O)C(O)C(O)C2O)c1,MetXBioDB,[0 1 0 ... 0 0 0]
Catechol,,Oc1ccccc1O,O=C(O)C1OC(Oc2ccccc2O)C(O)C(O)C1O,MetXBioDB,[0 0 0 ... 0 0 0]
3-OH-7-ethoxycourmarin,3-OH-7-ethoxycourmarin O-glucuronide,CCOc1cc2oc(=O)ccc2cc1O,CCOc1cc2oc(=O)ccc2cc1OC1OC(C(=O)O)C(O)C(O)C1O,MetXBioDB,[0 0 0 ... 0 0 0]
Aminoflavone,Aminoflavone N-glucuronide (MX),Cc1c(F)c(N)c2c(=O)cc(-c3ccc(N)c(F)c3)oc2c1F,Cc1c(F)c(NC2OC(C(=O)O)C(O)C(O)C2O)c2c(=O)cc(-c3ccc(N)c(F)c3)oc2c1F,MetXBioDB,[0 0 0 ... 0 0 0]
Aminoflavone M-II,Aminoflavone M-II O-glucuronide,Cc1c(F)c(NO)c2c(=O)cc(-c3ccc(N)c(F)c3)oc2c1F,Cc1c(F)c(NOC2OC(C(=O)O)C(O)C(O)C2O)c2c(=O)cc(-c3ccc(N)c(F)c3)oc2c1F,MetXBioDB,[0 0 0 ... 0 0 0]
Aminoflavone MIII,Aminoflavone MIII O-glucuronide,Cc1c(F)c(N)c2c(=O)cc(-c3ccc(NO)c(F)c3)oc2c1F,Cc1c(F)c(N)c2c(=O)cc(-c3ccc(NOC4OC(C(=O)O)C(O)C(O)C4O)c(F)c3)oc2c1F,MetXBioDB,[0 0 0 ... 0 0 0]
8-OH-ondansetron,ondansetron 8-O-glucuronide,Cc1nccn1CC1CCc2c(c3cccc(O)c3n2C)C1=O,Cc1nccn1CC1CCc2c(c3cccc(OC4OC(C(=O)O)C(O)C(O)C4O)c3n2C)C1=O,MetXBioDB,[0 0 0 ... 0 0 0]
7-OH-ondansetron,ondansetron 7-O-glucuronide,Cc1nccn1CC1CCc2c(c3ccc(O)cc3n2C)C1=O,Cc1nccn1CC1CCc2c(c3ccc(OC4OC(C(=O)O)C(O)C(O)C4O)cc3n2C)C1=O,MetXBioDB,[0 0 0 ... 0 0 0]
6-OH-ondansetron,ondansetron 6-O-glucuronide,Cc1nccn1CC1CCc2c(c3cc(O)ccc3n2C)C1=O,Cc1nccn1CC1CCc2c(c3cc(OC4OC(C(=O)O)C(O)C(O)C4O)ccc3n2C)C1=O,MetXBioDB,[0 0 0 ... 0 0 0]
linoleyl alcohol,linoleyl O-glucuronide,CCCCCC=CCC=CCCCCCCCCO,CCCCCC=CCC=CCCCCCCCCOC1OC(C(=O)O)C(O)C(O)C1O,MetXBioDB,[0 0 0 ... 0 0 0]
All-trans-retinoic acid,All-trans-retinoyl glucuronide,CC(C=CC1=C(C)CCCC1(C)C)=CC=CC(C)=CC(=O)O,CC(C=CC1=C(C)CCCC1(C)C)=CC=CC(C)=CC(=O)OC1OC(C(=O)O)C(O)C(O)C1O,Both,[0 0 0 ... 0 0 0]
Bilirubin,"6-[3-[2-[[3-(2-carboxyethyl)-5-[(Z)-(4-ethenyl-3-methyl-5-oxopyrrol-2-ylidene)methyl]-4-methyl-1H-pyrrol-2-yl]methyl]-5-[(Z)-(3-ethenyl-4-methyl-5-oxopyrrol-2-ylidene)methyl]-4-methyl-1H-pyrrol-3-yl]propanoyloxy]-3,4,5-trihydroxyoxane-2-carboxylic acid",C=CC1=C(C)C(O)=NC1=Cc1[nH]c(Cc2[nH]c(C=C3N=C(O)C(C=C)=C3C)c(C)c2CCC(=O)O)c(CCC(=O)O)c1C,C=CC1=C(C)C(O)=NC1=Cc1[nH]c(Cc2[nH]c(C=C3N=C(O)C(C=C)=C3C)c(C)c2CCC(=O)O)c(CCC(=O)OC2OC(C(=O)O)C(O)C(O)C2O)c1C,MetXBioDB,[0 0 0 ... 0 0 0]
Bilirubin,"(2S,3S,4S,5R,6S)Ã¢â‚¬Â6Ã¢â‚¬Â{[3Ã¢â‚¬Â(2Ã¢â‚¬Â{[3Ã¢â‚¬Â(2Ã¢â‚¬Âcarboxyethyl)Ã¢â‚¬Â5Ã¢â‚¬Â{[(2Z)Ã¢â‚¬Â4Ã¢â‚¬ÂethenylÃ¢â‚¬Â3Ã¢â‚¬ÂmethylÃ¢â‚¬Â5Ã¢â‚¬ÂoxoÃ¢â‚¬Â1HÃ¢â‚¬ÂpyrrolÃ¢â‚¬Â2Ã¢â‚¬Âylidene]methyl}Ã¢â‚¬Â4Ã¢â‚¬ÂmethylÃ¢â‚¬Â1HÃ¢â‚¬ÂpyrrolÃ¢â‚¬Â2Ã¢â‚¬Âyl]methyl}Ã¢â‚¬Â5Ã¢â‚¬Â{[(2Z)Ã¢â‚¬Â3Ã¢â‚¬ÂethenylÃ¢â‚¬Â4Ã¢â‚¬ÂmethylÃ¢â‚¬Â5Ã¢â‚¬ÂoxoÃ¢â‚¬Â1HÃ¢â‚¬ÂpyrrolÃ¢â‚¬Â2Ã¢â‚¬Âylidene]methyl}Ã¢â‚¬Â4Ã¢â‚¬ÂmethylÃ¢â‚¬Â1HÃ¢â‚¬ÂpyrrolÃ¢â‚¬Â3Ã¢â‚¬Âyl)propanoyl]oxy}Ã¢â‚¬Â3,4,5Ã¢â‚¬ÂtrihydroxyoxaneÃ¢â‚¬Â2Ã¢â‚¬Âcarboxylic acid",C=CC1=C(C)C(O)=NC1=Cc1[nH]c(Cc2[nH]c(C=C3N=C(O)C(C=C)=C3C)c(C)c2CCC(=O)O)c(CCC(=O)O)c1C,C=CC1=C(C)C(O)=NC1=Cc1[nH]c(Cc2[nH]c(C=C3N=C(O)C(C=C)=C3C)c(C)c2CCC(=O)OC2OC(C(=O)O)C(O)C(O)C2O)c(CCC(=O)O)c1C,MetXBioDB,[0 0 0 ... 0 0 0]
Epitestosterone,Epitestosterone O-glucuronide,CC12CCC(=O)C=C1CCC1C2CCC2(C)C(O)CCC12,CC12CCC(=O)C=C1CCC1C2CCC2(C)C(OC3OC(C(=O)O)C(O)C(O)C3O)CCC12,Both,[0 0 0 ... 0 0 0]
hyocholic acid,hyocholic acid 24-O-glucuronide,CC(CCC(=O)O)C1CCC2C3C(O)C(O)C4CC(O)CCC4(C)C3CCC12C,CC(CCC(=O)OC1OC(C(=O)O)C(O)C(O)C1O)C1CCC2C3C(O)C(O)C4CC(O)CCC4(C)C3CCC12C,MetXBioDB,[0 1 0 ... 0 0 0]
hyocholic acid,hyocholic acid 6-O-glucuronide,CC(CCC(=O)O)C1CCC2C3C(O)C(O)C4CC(O)CCC4(C)C3CCC12C,CC(CCC(=O)O)C1CCC2C3C(O)C(OC4OC(C(=O)O)C(O)C(O)C4O)C4CC(O)CCC4(C)C3CCC12C,MetXBioDB,[0 1 0 ... 0 0 0]
Resveratrol,Resveratrol 3-O-glucuronide,Oc1ccc(C=Cc2cc(O)cc(O)c2)cc1,O=C(O)C1OC(Oc2cc(O)cc(C=Cc3ccc(O)cc3)c2)C(O)C(O)C1O,MetXBioDB,[0 0 0 ... 0 0 0]
Entacapone,,CCN(CC)C(=O)C(C#N)=Cc1cc(O)c(O)c([N+](=O)[O-])c1,CCN(CC)C(=O)C(C#N)=Cc1cc(OC2OC(C(=O)O)C(O)C(O)C2O)c(O)c([N+](=O)[O-])c1,MetXBioDB,[0 0 0 ... 0 0 0]
Ezetimibe,,O=C1C(CCC(O)c2ccc(F)cc2)C(c2ccc(O)cc2)N1c1ccc(F)cc1,O=C(O)C1OC(Oc2ccc(C3C(CCC(O)c4ccc(F)cc4)C(=O)N3c3ccc(F)cc3)cc2)C(O)C(O)C1O,Both,[0 1 0 ... 0 0 0]
Mycophenolic Acid,,COc1c(C)c2c(c(O)c1CC=C(C)CCC(=O)O)C(=O)OC2,COc1c(C)c2c(c(OC3OC(C(=O)O)C(O)C(O)C3O)c1CC=C(C)CCC(=O)O)C(=O)OC2,Both,[0 0 0 ... 0 0 0]
Pefloxacin,Pefloxacin O-glucuronide,CCn1cc(C(=O)O)c(=O)c2cc(F)c(N3CCN(C)CC3)cc21,CCn1cc(C(=O)OC2OC(C(=O)O)C(O)C(O)C2O)c(=O)c2cc(F)c(N3CCN(C)CC3)cc21,MetXBioDB,[0 0 0 ... 0 0 0]
Brodifacoum,Brodifacoum O-glucuronide,O=c1oc2ccccc2c(O)c1C1CC(c2ccc(-c3ccc(Br)cc3)cc2)Cc2ccccc21,O=C(O)C1OC(Oc2c(C3CC(c4ccc(-c5ccc(Br)cc5)cc4)Cc4ccccc43)c(=O)oc3ccccc23)C(O)C(O)C1O,MetXBioDB,[0 0 0 ... 0 0 0]
Nornalmefene,Nornalmefene O-glucuronide,C=C1CCC2(O)C3Cc4ccc(O)c5c4C2(CCN3)C1O5,C=C1CCC2(O)C3Cc4ccc(OC5OC(C(=O)O)C(O)C(O)C5O)c5c4C2(CCN3)C1O5,MetXBioDB,[0 0 0 ... 0 0 0]
Prechrysophanol,Prechrysophanol O-glucuronide,Cc1cc(O)c2c(O)c3c(cc2c1)CCC(O)C3,Cc1cc(OC2OC(C(=O)O)C(O)C(O)C2O)c2c(O)c3c(cc2c1)CCC(O)C3,MetXBioDB,[1 0 0 ... 0 0 0]
Lumiracoxib,Lumiracoxib O-glucuronide,Cc1ccc(Nc2c(F)cccc2Cl)c(CC(=O)O)c1,Cc1ccc(Nc2c(F)cccc2Cl)c(CC(=O)OC2OC(C(=O)O)C(O)C(O)C2O)c1,Both,[0 0 0 ... 0 0 0]
4-Hydroxy-alpha-thujone,"alpha-thujone, 4-O-glucuronide",CC(C)C12CC(=O)C(C)(O)C1C2,CC(C)C12CC1C(C)(O)C(=O)C2OC1OC(C(=O)O)C(O)C(O)C1O,MetXBioDB,[0 1 0 ... 0 0 0]
Scutellarein,Scutellarein 7-O-glucuronide,O=c1cc(-c2ccc(O)cc2)oc2cc(O)c(O)c(O)c12,O=C(O)C1OC(Oc2cc3oc(-c4ccc(O)cc4)cc(=O)c3c(O)c2O)C(O)C(O)C1O,MetXBioDB,[0 0 0 ... 0 0 0]
Desogestrel,Desogestrel 17-O-glucuronide,C#CC1(O)CCC2C3CCC4=CCCCC4C3C(=C)CC21CC,C#CC1(OC2OC(C(=O)O)C(O)C(O)C2O)CCC2C3CCC4=CCCCC4C3C(=C)CC21CC,MetXBioDB,[0 0 0 ... 0 0 0]
3-Iodobenzoic acid,3-Iodobenzoyl glyucuronide,O=C(O)c1cccc(I)c1,O=C(OC1OC(C(=O)O)C(O)C(O)C1O)c1cccc(I)c1,MetXBioDB,[0 0 0 ... 0 0 0]
4-Iodobenzoic acid,4-Iodobenzoyl glyucuronide,O=C(O)c1ccc(I)cc1,O=C(OC1OC(C(=O)O)C(O)C(O)C1O)c1ccc(I)cc1,MetXBioDB,[0 0 0 ... 0 0 0]
Oxoprenolol,Oxprenolol glucuronide,C=CCOc1ccccc1OCC(O)CNC(C)C,C=CCOc1ccccc1OCC(CNC(C)C)OC1OC(C(=O)O)C(O)C(O)C1O,MetXBioDB,[0 1 0 ... 0 0 0]
Zomepirac,Zomepirac O-glucuronide,Cc1cc(CC(=O)O)n(C)c1C(=O)c1ccc(Cl)cc1,Cc1cc(CC(=O)OC2OC(C(=O)O)C(O)C(O)C2O)n(C)c1C(=O)c1ccc(Cl)cc1,MetXBioDB,[0 0 0 ... 0 0 0]
Clioquinol,Clioquinol O-glucuronide,Oc1c(I)cc(Cl)c2cccnc12,O=C(O)C1OC(Oc2c(I)cc(Cl)c3cccnc23)C(O)C(O)C1O,MetXBioDB,[0 0 0 ... 1 0 0]
Quinotolast,Quinotolast N-glucuronide,O=C(Nc1nn[nH]n1)c1cc(Oc2ccccc2)c2ccccn2c1=O,O=C(N=c1nnn(OC2OC(C(=O)O)C(O)C(O)C2O)[nH]1)c1cc(Oc2ccccc2)c2ccccn2c1=O,MetXBioDB,[0 0 0 ... 0 0 0]
RG12525,RG12525 N2-glucuronide,c1ccc(-c2nn[nH]n2)c(COc2ccc(OCc3ccc4ccccc4n3)cc2)c1,O=C(O)C1OC(n2nnc(-c3ccccc3COc3ccc(OCc4ccc5ccccc5n4)cc3)n2)C(O)C(O)C1O,MetXBioDB,[1 0 0 ... 0 0 0]
JNJ-10198409,JNJ-10198409 N-glucuronide B,COc1cc2c(cc1OC)-c1[nH][nH]c(=Nc3cccc(F)c3)c1C2,COc1cc2c(cc1OC)-c1c(c(=Nc3cccc(F)c3)[nH]n1C1OC(C(=O)O)C(O)C(O)C1O)C2,MetXBioDB,[0 0 0 ... 0 0 0]
JNJ-10198409,JNJ-10198409 N-glucuronide C,COc1cc2c(cc1OC)-c1[nH][nH]c(=Nc3cccc(F)c3)c1C2,COc1cc2c(cc1OC)-c1[nH]n(C3OC(C(=O)O)C(O)C(O)C3O)c(=Nc3cccc(F)c3)c1C2,MetXBioDB,[0 0 0 ... 0 0 0]
JNJ-10198409,JNJ-10198409 N-glucuronide C,COc1cc2c(cc1OC)-c1[nH][nH]c(=Nc3cccc(F)c3)c1C2,COc1cc2c(cc1OC)-c1[nH]nc(N(c3cccc(F)c3)C3OC(C(=O)O)C(O)C(O)C3O)c1C2,MetXBioDB,[0 0 0 ... 0 0 0]
retigabine,retigabine N2-glucuronide,CCOC(=O)Nc1ccc(NCc2ccc(F)cc2)cc1N,CCOC(=O)Nc1ccc(NCc2ccc(F)cc2)cc1NC1OC(C(=O)O)C(O)C(O)C1O,MetXBioDB,[0 0 0 ... 0 0 0]
Diphenhydramine,Diphenhydramine N-glucuronide,CN(C)CCOC(c1ccccc1)c1ccccc1,C[N+](C)(CCOC(c1ccccc1)c1ccccc1)C1OC(C(=O)O)C(O)C(O)C1O,Both,[0 1 0 ... 0 0 0]
Ketobemidone,Ketobemidone O-glucuronide,CCC(=O)C1(c2cccc(O)c2)CCN(C)CC1,CCC(=O)C1(c2cccc(OC3OC(C(=O)O)C(O)C(O)C3O)c2)CCN(C)CC1,MetXBioDB,[0 0 0 ... 0 0 0]
Prunetin,,COc1cc(O)c2c(=O)c(-c3ccc(O)cc3)coc2c1,COc1cc(OC2OC(C(=O)O)C(O)C(O)C2O)c2c(=O)c(-c3ccc(O)cc3)coc2c1,MetXBioDB,[0 0 0 ... 0 0 0]
Indacaterol,,CCc1cc2c(cc1CC)CC(NCC(O)c1ccc(O)c3nc(O)ccc13)C2,CCc1cc2c(cc1CC)CC(NCC(OC1OC(C(=O)O)C(O)C(O)C1O)c1ccc(O)c3nc(O)ccc13)C2,MetXBioDB,[0 1 0 ... 0 0 0]
Triiodothyronine,,NC(Cc1cc(I)c(Oc2ccc(O)c(I)c2)c(I)c1)C(=O)O,NC(Cc1cc(I)c(Oc2ccc(OC3OC(C(=O)O)C(O)C(O)C3O)c(I)c2)c(I)c1)C(=O)O,MetXBioDB,[0 1 0 ... 0 0 0]
"3-Hydroxy-2p,3p-dimethoxyflavone",,COc1cccc(-c2oc3ccccc3c(=O)c2O)c1OC,COc1cccc(-c2oc3ccccc3c(=O)c2OC2OC(C(=O)O)C(O)C(O)C2O)c1OC,MetXBioDB,[0 0 0 ... 0 0 0]
Resokaempferol,,O=c1c(O)c(-c2ccc(O)cc2)oc2cc(O)ccc12,O=C(O)C1OC(Oc2ccc(-c3oc4cc(O)ccc4c(=O)c3O)cc2)C(O)C(O)C1O,MetXBioDB,[0 0 0 ... 0 0 0]
Cholic acid,Cholic acid glucuronide,CC(CCC(=O)O)C1CCC2C3C(O)CC4CC(O)CCC4(C)C3CC(O)C12C,CC(CCC(=O)O)C1CCC2C3C(O)CC4CC(OC5OC(C(=O)O)C(O)C(O)C5O)CCC4(C)C3CC(O)C12C,Both,[0 1 0 ... 0 0 0]
7-Hydroxy-beta-thujone,,CC1C(=O)CC2(C(C)(C)O)CC12,CC1C(=O)CC2(C(C)(C)OC3OC(C(=O)O)C(O)C(O)C3O)CC12,MetXBioDB,[0 0 0 ... 0 0 0]
4-Hydroxy-beta-thujone,,CC(C)C12CC(=O)C(C)(O)C1C2,CC(C)C12CC(=O)C(C)(OC3OC(C(=O)O)C(O)C(O)C3O)C1C2,MetXBioDB,[0 1 0 ... 0 0 0]
Hexafluoroisopropanol,,OC(C(F)(F)F)C(F)(F)F,O=C(O)C1OC(OC(C(F)(F)F)C(F)(F)F)C(O)C(O)C1O,MetXBioDB,[0 1 0 ... 0 0 0]
"2,4-diene-VPA",,C=CC=C(CCC)C(=O)O,C=CC=C(CCC)C(=O)OC1OC(C(=O)O)C(O)C(O)C1O,MetXBioDB,[0 0 0 ... 0 0 0]
"3,7-Dihydroxyfavone",,O=c1c(O)c(-c2ccccc2)oc2cc(O)ccc12,O=C(O)C1OC(Oc2ccc3c(=O)c(O)c(-c4ccccc4)oc3c2)C(O)C(O)C1O,MetXBioDB,[0 0 0 ... 0 0 0]
"3,7-Dihydroxyfavone",,O=c1c(O)c(-c2ccccc2)oc2cc(O)ccc12,O=C(O)C1OC(Oc2c(-c3ccccc3)oc3cc(O)ccc3c2=O)C(O)C(O)C1O,MetXBioDB,[0 0 0 ... 0 0 0]
Indole-3-acetic-acid,,O=C(O)Cc1c[nH]c2ccccc12,O=C(Cc1c[nH]c2ccccc12)OC1OC(C(=O)O)C(O)C(O)C1O,MetXBioDB,[0 0 0 ... 0 0 0]
8-Hydroxy-7-methoxyisoflavone,,COc1cc(O)c2occ(-c3ccccc3)c(=O)c2c1,COc1cc(OC2OC(C(=O)O)C(O)C(O)C2O)c2occ(-c3ccccc3)c(=O)c2c1,MetXBioDB,[0 0 0 ... 0 0 0]
"8,14-diOH-efavirenz",,OC1=Nc2c(O)cc(Cl)cc2C(C#CC2(O)CC2)(C(F)(F)F)O1,O=C(O)C1OC(OC2(C#CC3(C(F)(F)F)OC(O)=Nc4c(O)cc(Cl)cc43)CC2)C(O)C(O)C1O,MetXBioDB,[0 0 0 ... 0 0 0]
Hydroxyoxid acid,,CC1(C)C2CCC3(C)C(C2)C(C(=O)O)CCC13O,CC1(C)C2CCC3(C)C(C2)C(C(=O)O)CCC13OC1OC(C(=O)O)C(O)C(O)C1O,MetXBioDB,[0 0 0 ... 0 0 0]
N-Desmethyl-4-OH- atomoxetine,,Cc1cc(O)ccc1OC(CCN)c1ccccc1,Cc1cc(OC2OC(C(=O)O)C(O)C(O)C2O)ccc1OC(CCN)c1ccccc1,MetXBioDB,[0 1 0 ... 0 0 0]
benzoic acid,,O=C(O)c1ccccc1,O=C(OC1OC(C(=O)O)C(O)C(O)C1O)c1ccccc1,Both,[0 0 0 ... 0 0 0]
Tizoxanide,,O=C(Nc1ncc([N+](=O)[O-])s1)c1ccccc1O,O=C(Nc1ncc([N+](=O)[O-])s1)c1ccccc1OC1OC(C(=O)O)C(O)C(O)C1O,MetXBioDB,[0 0 0 ... 0 0 0]
epicatechin metabo5,,O=C1CCC(Cc2cccc(O)c2)O1,O=C1CCC(Cc2cccc(OC3OC(C(=O)O)C(O)C(O)C3O)c2)O1,MetXBioDB,[1 0 0 ... 0 0 0]
carvone metabo6,,C=C(C)C1CC=C(C)C(=O)C1O,C=C(C)C1CC=C(C)C(=O)C1OC1OC(C(=O)O)C(O)C(O)C1O,MetXBioDB,[0 0 0 ... 0 1 0]
"5,7,2p-Trihydroxyflavone",,O=c1cc(-c2ccccc2O)oc2cc(O)cc(O)c12,O=C(O)C1OC(Oc2cc(O)c3c(=O)cc(-c4ccccc4O)oc3c2)C(O)C(O)C1O,MetXBioDB,[0 0 0 ... 0 0 0]
Estradiol acetate,,CC(=O)Oc1ccc2c(c1)CCC1C2CCC2(C)C(O)CCC12,CC(=O)Oc1ccc2c(c1)CCC1C2CCC2(C)C(OC3OC(C(=O)O)C(O)C(O)C3O)CCC12,MetXBioDB,[0 0 0 ... 0 0 0]
Carboxy celecoxib,,NS(=O)(=O)c1ccc(-n2nc(C(F)(F)F)cc2-c2ccc(C(=O)O)cc2)cc1,NS(=O)(=O)c1ccc(-n2nc(C(F)(F)F)cc2-c2ccc(C(=O)OC3OC(C(=O)O)C(O)C(O)C3O)cc2)cc1,MetXBioDB,[0 0 0 ... 0 0 0]
estrone,,CC12CCC3c4ccc(O)cc4CCC3C1CCC2=O,CC12CCC3c4ccc(OC5OC(C(=O)O)C(O)C(O)C5O)cc4CCC3C1CCC2=O,Both,[0 0 0 ... 0 0 0]
Carvedilol,,COc1ccccc1OCCNCC(O)COc1cccc2[nH]c3ccccc3c12,COc1ccccc1OCCNCC(COc1cccc2[nH]c3ccccc3c12)OC1OC(C(=O)O)C(O)C(O)C1O,Both,[0 1 0 ... 0 0 0]
6-gingerol,,CCCCCC(O)CC(=O)CCc1ccc(OC)c(O)c1,CCCCCC(O)CC(=O)CCc1ccc(OC)c(OC2OC(C(=O)O)C(O)C(O)C2O)c1,MetXBioDB,[0 1 0 ... 0 0 0]
6-gingerol,,CCCCCC(O)CC(=O)CCc1ccc(OC)c(O)c1,CCCCCC(CC(=O)CCc1ccc(OC)c(O)c1)OC1OC(C(=O)O)C(O)C(O)C1O,MetXBioDB,[0 1 0 ... 0 0 0]
O-Desmethylnaproxen,,CC(C(=O)O)c1ccc2cc(O)ccc2c1,CC(C(=O)O)c1ccc2cc(OC3OC(C(=O)O)C(O)C(O)C3O)ccc2c1,Both,[0 1 0 ... 0 0 0]
O-Desmethylnaproxen,,CC(C(=O)O)c1ccc2cc(O)ccc2c1,CC(C(=O)OC1OC(C(=O)O)C(O)C(O)C1O)c1ccc2cc(O)ccc2c1,Both,[0 1 0 ... 0 0 0]
Rhamnetin,,COc1cc(O)c2c(=O)c(O)c(-c3ccc(O)c(O)c3)oc2c1,COc1cc(O)c2c(=O)c(OC3OC(C(=O)O)C(O)C(O)C3O)c(-c3ccc(O)c(O)c3)oc2c1,MetXBioDB,[0 0 0 ... 0 0 0]
4-Fluorophenol,,Oc1ccc(F)cc1,O=C(O)C1OC(Oc2ccc(F)cc2)C(O)C(O)C1O,MetXBioDB,[0 0 0 ... 0 0 0]
"7,3p-Dihydroxyflavone",,O=c1cc(-c2cccc(O)c2)oc2cc(O)ccc12,O=C(O)C1OC(Oc2ccc3c(=O)cc(-c4cccc(O)c4)oc3c2)C(O)C(O)C1O,MetXBioDB,[0 0 0 ... 0 0 0]
Methyl-4-hydroxybenzoate,,CCOC(=O)c1ccc(O)cc1,CCOC(=O)c1ccc(OC2OC(C(=O)O)C(O)C(O)C2O)cc1,MetXBioDB,[0 0 0 ... 0 0 0]
13-hydroxyoctadecadienoic acid,,CCCCCC(O)C=CC=CCCCCCCCC(=O)O,CCCCCC(C=CC=CCCCCCCCC(=O)O)OC1OC(C(=O)O)C(O)C(O)C1O,MetXBioDB,[0 1 0 ... 0 0 0]
13-hydroxyoctadecadienoic acid,,CCCCCC(O)C=CC=CCCCCCCCC(=O)O,CCCCCC(O)C=CC=CCCCCCCCC(=O)OC1OC(C(=O)O)C(O)C(O)C1O,MetXBioDB,[0 1 0 ... 0 0 0]
Dihydrodaidzein,,O=C1c2ccc(O)cc2OCC1c1ccc(O)cc1,O=C1c2ccc(OC3OC(C(=O)O)C(O)C(O)C3O)cc2OCC1c1ccc(O)cc1,MetXBioDB,[0 0 0 ... 0 0 0]
Aminoflavone M-VI,,Cc1c(F)c(NO)c2c(=O)c(O)c(-c3ccc(N)c(F)c3)oc2c1F,Cc1c(F)c(NO)c2c(=O)c(OC3OC(C(=O)O)C(O)C(O)C3O)c(-c3ccc(N)c(F)c3)oc2c1F,MetXBioDB,[0 0 0 ... 0 0 0]
Etodolac,,CCc1cccc2c3c([nH]c12)C(CC)(CC(=O)O)OCC3,CCc1cccc2c3c([nH]c12)C(CC)(CC(=O)OC1OC(C(=O)O)C(O)C(O)C1O)OCC3,Both,[0 0 0 ... 0 0 0]
fenchone metabo3,,CC1(C)C(=O)C2(C)CC1CC2O,CC1(C)C(=O)C2(C)CC1CC2OC1OC(C(=O)O)C(O)C(O)C1O,MetXBioDB,[0 0 0 ... 0 0 0]
"3-Hydroxy-7,4p-dimethoxyflavone",,COc1ccc(-c2oc3cc(OC)ccc3c(=O)c2O)cc1,COc1ccc(-c2oc3cc(OC)ccc3c(=O)c2OC2OC(C(=O)O)C(O)C(O)C2O)cc1,MetXBioDB,[0 0 0 ... 0 0 0]
10-hydroxycarbazepine,,NC(=O)N1c2ccccc2CC(O)c2ccccc21,NC(=O)N1c2ccccc2CC(OC2OC(C(=O)O)C(O)C(O)C2O)c2ccccc21,Both,[0 0 0 ... 0 0 0]
O-Desmethyl-2p-OH-Indomethacin phenethylamide,,Cc1c(CC(=O)NCC(O)c2ccccc2)c2cc(O)ccc2n1C(=O)c1ccc(Cl)cc1,Cc1c(CC(=O)NCC(OC2OC(C(=O)O)C(O)C(O)C2O)c2ccccc2)c2cc(O)ccc2n1C(=O)c1ccc(Cl)cc1,MetXBioDB,[0 1 0 ... 0 0 0]
5-Hydroxyflavone,,O=c1cc(-c2ccccc2)oc2cccc(O)c12,O=C(O)C1OC(Oc2cccc3oc(-c4ccccc4)cc(=O)c23)C(O)C(O)C1O,MetXBioDB,[0 0 0 ... 0 0 0]
Oroxylin A,,COc1c(O)cc2oc(-c3ccccc3)cc(=O)c2c1O,COc1c(OC2OC(C(=O)O)C(O)C(O)C2O)cc2oc(-c3ccccc3)cc(=O)c2c1O,MetXBioDB,[0 0 1 ... 0 0 0]
7-ethyl-10-hydroxycamptothecin,,CCc1c2c(nc3ccc(O)cc13)-c1cc3c(c(=O)n1C2)COC(=O)C3(O)CC,CCc1c2c(nc3ccc(OC4OC(C(=O)O)C(O)C(O)C4O)cc13)-c1cc3c(c(=O)n1C2)COC(=O)C3(O)CC,MetXBioDB,[0 0 0 ... 0 0 0]
Fenretinide,,CC(C=CC1=C(C)CCCC1(C)C)=CC=CC(C)=CC(=O)Nc1ccc(O)cc1,CC(C=CC1=C(C)CCCC1(C)C)=CC=CC(C)=CC(=O)Nc1ccc(OC2OC(C(=O)O)C(O)C(O)C2O)cc1,MetXBioDB,[0 0 0 ... 0 0 0]
"3-Hydroxy-6-methyl-3p,4p-methylenedioxyflavone",,Cc1ccc2oc(-c3ccc4c(c3)OCO4)c(O)c(=O)c2c1,Cc1ccc2oc(-c3ccc4c(c3)OCO4)c(OC3OC(C(=O)O)C(O)C(O)C3O)c(=O)c2c1,MetXBioDB,[0 0 0 ... 0 0 0]
6-Hydroxymelatonin,,COc1cc2c(CCNC(C)=O)c[nH]c2cc1O,COc1cc2c(CCNC(C)=O)c[nH]c2cc1OC1OC(C(=O)O)C(O)C(O)C1O,Both,[0 0 0 ... 0 0 0]
Sinapinic acid,,COc1cc(C=CC(=O)O)cc(OC)c1O,COc1cc(C=CC(=O)OC2OC(C(=O)O)C(O)C(O)C2O)cc(OC)c1O,MetXBioDB,[0 0 0 ... 0 0 0]
Tolmetin,,Cc1ccc(C(=O)c2ccc(CC(=O)O)n2C)cc1,Cc1ccc(C(=O)c2ccc(CC(=O)OC3OC(C(=O)O)C(O)C(O)C3O)n2C)cc1,Both,[0 0 0 ... 0 0 0]
Licofelone M2,,CC1(C)Cc2c(-c3ccccc3)c(-c3ccc(Cl)c(O)c3)c(CC(=O)O)n2C1,CC1(C)Cc2c(-c3ccccc3)c(-c3ccc(Cl)c(O)c3)c(CC(=O)OC3OC(C(=O)O)C(O)C(O)C3O)n2C1,MetXBioDB,[0 0 0 ... 0 0 0]
Lonidamine,,O=C(O)c1nn(Cc2ccc(Cl)cc2Cl)c2ccccc12,O=C(OC1OC(C(=O)O)C(O)C(O)C1O)c1nn(Cc2ccc(Cl)cc2Cl)c2ccccc12,MetXBioDB,[0 0 0 ... 0 0 0]
"2,2‐dichloro‐2‐fluoroethanol",,OCC(F)(Cl)Cl,O=C(O)C1OC(OCC(F)(Cl)Cl)C(O)C(O)C1O,MetXBioDB,[0 0 0 ... 0 0 0]
Buprenorphine,Buprenorphine glucuronide,COC12CCC3(CC1C(C)(O)C(C)(C)C)C1Cc4ccc(O)c5c4C3(CCN1CC1CC1)C2O5,COC12CCC3(CC1C(C)(O)C(C)(C)C)C1Cc4ccc(OC5OC(C(=O)O)C(O)C(O)C5O)c5c4C3(CCN1CC1CC1)C2O5,Both,[0 0 0 ... 1 0 0]
Nateglinide,,CC(C)C1CCC(C(=O)NC(Cc2ccccc2)C(=O)O)CC1,CC(C)C1CCC(C(=O)NC(Cc2ccccc2)C(=O)OC2OC(C(=O)O)C(O)C(O)C2O)CC1,Both,[0 1 0 ... 0 0 0]
trans-isoeugenol,,CC=Cc1ccc(O)c(OC)c1,CC=Cc1ccc(OC2OC(C(=O)O)C(O)C(O)C2O)c(OC)c1,MetXBioDB,[0 0 0 ... 0 0 0]
Clofibric acid,,CC(C)(Oc1ccc(Cl)cc1)C(=O)O,CC(C)(Oc1ccc(Cl)cc1)C(=O)OC1OC(C(=O)O)C(O)C(O)C1O,MetXBioDB,[0 0 0 ... 0 0 0]
N-Hydroxymexiletine,,Cc1cccc(C)c1OCC(C)NO,Cc1cccc(C)c1OCC(C)NOC1OC(C(=O)O)C(O)C(O)C1O,MetXBioDB,[0 1 0 ... 0 0 0]
Dehydroisoandrosterone,,CC12CCC3C(CC=C4CC(O)CCC43C)C1CCC2=O,CC12CCC3C(CC=C4CC(OC5OC(C(=O)O)C(O)C(O)C5O)CCC43C)C1CCC2=O,Both,[0 0 0 ... 0 0 0]
4-hydroxymethyl ambrisentan,,COC(c1ccccc1)(c1ccccc1)C(Oc1nc(C)cc(CO)n1)C(=O)O,COC(c1ccccc1)(c1ccccc1)C(Oc1nc(C)cc(CO)n1)C(=O)OC1OC(C(=O)O)C(O)C(O)C1O,Both,[0 1 0 ... 0 0 0]
4-Methoxyphenol,,COc1ccc(O)cc1,COc1ccc(OC2OC(C(=O)O)C(O)C(O)C2O)cc1,MetXBioDB,[0 0 0 ... 0 0 0]
"3,5-Dihydroxyflavone",,O=c1c(O)c(-c2ccccc2)oc2cccc(O)c12,O=C(O)C1OC(Oc2c(-c3ccccc3)oc3cccc(O)c3c2=O)C(O)C(O)C1O,MetXBioDB,[0 0 0 ... 0 0 0]
Thalifendine,,COc1ccc2cc3n(cc-2c1=O)CCc1cc2c(cc1-3)OCO2,COc1ccc2cc3[n+](cc2c1OC1OC(C(=O)O)C(O)C(O)C1O)CCc1cc2c(cc1-3)OCO2,MetXBioDB,[0 0 0 ... 0 0 0]
4-Propoxyphenol,,CCCOc1ccc(O)cc1,CCCOc1ccc(OC2OC(C(=O)O)C(O)C(O)C2O)cc1,MetXBioDB,[0 0 0 ... 0 0 0]
valproic acid,,CCCC(CCC)C(=O)O,CCCC(CCC)C(=O)OC1OC(C(=O)O)C(O)C(O)C1O,Both,[0 1 0 ... 0 0 0]
Diclofenac,,O=C(O)Cc1ccccc1Nc1c(Cl)cccc1Cl,O=C(Cc1ccccc1Nc1c(Cl)cccc1Cl)OC1OC(C(=O)O)C(O)C(O)C1O,Both,[0 0 0 ... 0 0 0]
Eugenol,,C=CCc1ccc(O)c(OC)c1,C=CCc1ccc(OC2OC(C(=O)O)C(O)C(O)C2O)c(OC)c1,MetXBioDB,[0 0 0 ... 0 0 0]
Wogonin,,COc1c(O)cc(O)c2c(=O)cc(-c3ccccc3)oc12,COc1c(OC2OC(C(=O)O)C(O)C(O)C2O)cc(O)c2c(=O)cc(-c3ccccc3)oc12,MetXBioDB,[0 0 0 ... 0 0 0]
"3,3p,4p-Trihydroxyflavone",,O=c1c(O)c(-c2ccc(O)c(O)c2)oc2ccccc12,O=C(O)C1OC(Oc2c(-c3ccc(O)c(O)c3)oc3ccccc3c2=O)C(O)C(O)C1O,MetXBioDB,[0 0 0 ... 0 0 0]
fenchone metabo4,,CC12CC(O)C(C1)C(C)(C)C2=O,CC12CC(OC3OC(C(=O)O)C(O)C(O)C3O)C(C1)C(C)(C)C2=O,MetXBioDB,[0 0 0 ... 0 0 0]
Sorafenib,,CNC(=O)c1cc(Oc2ccc(NC(=O)Nc3ccc(Cl)c(C(F)(F)F)c3)cc2)ccn1,CNC(=O)c1cc(Oc2ccc(NC(=O)N(c3ccc(Cl)c(C(F)(F)F)c3)C3OC(C(=O)O)C(O)C(O)C3O)cc2)ccn1,Both,[0 0 0 ... 0 0 0]
4-Iodophenol,,Oc1ccc(I)cc1,O=C(O)C1OC(Oc2ccc(I)cc2)C(O)C(O)C1O,MetXBioDB,[0 0 0 ... 0 0 0]
4-Hydroxyacetophenone,,CC(=O)c1ccc(O)cc1,CC(=O)c1ccc(OC2OC(C(=O)O)C(O)C(O)C2O)cc1,MetXBioDB,[0 0 0 ... 0 0 0]
Triclosan,,Oc1cc(Cl)ccc1Oc1ccc(Cl)cc1Cl,O=C(O)C1OC(Oc2cc(Cl)ccc2Oc2ccc(Cl)cc2Cl)C(O)C(O)C1O,MetXBioDB,[0 0 0 ... 0 0 0]
Combretastatin A4,,COc1ccc(C=Cc2cc(OC)c(OC)c(OC)c2)cc1O,COc1ccc(C=Cc2cc(OC)c(OC)c(OC)c2)cc1OC1OC(C(=O)O)C(O)C(O)C1O,MetXBioDB,[0 0 0 ... 0 0 0]
Droloxifene,,CCC(=C(c1ccc(OCCN(C)C)cc1)c1cccc(O)c1)c1ccccc1,CCC(=C(c1ccc(OCCN(C)C)cc1)c1cccc(OC2OC(C(=O)O)C(O)C(O)C2O)c1)c1ccccc1,MetXBioDB,[0 0 1 ... 0 0 0]
Berberrubine,,COc1c(O)ccc2cc3[n+](cc12)CCc1cc2c(cc1-3)OCO2,COc1c(OC2OC(C(=O)O)C(O)C(O)C2O)ccc2cc3[n+](cc12)CCc1cc2c(cc1-3)OCO2,MetXBioDB,[0 0 0 ... 0 0 0]
7-Hydroxy-3-methylflavone,,Cc1c(-c2ccccc2)oc2cc(O)ccc2c1=O,Cc1c(-c2ccccc2)oc2cc(OC3OC(C(=O)O)C(O)C(O)C3O)ccc2c1=O,MetXBioDB,[0 0 0 ... 0 0 0]
trovafloxacin,,NC1C2CN(c3nc4c(cc3F)c(=O)c(C(=O)O)cn4-c3ccc(F)cc3F)CC12,NC1C2CN(c3nc4c(cc3F)c(=O)c(C(=O)OC3OC(C(=O)O)C(O)C(O)C3O)cn4-c3ccc(F)cc3F)CC12,MetXBioDB,[0 0 0 ... 0 0 0]
alpha-methyl benzyl alcohol,,CC(O)c1ccccc1,CC(OC1OC(C(=O)O)C(O)C(O)C1O)c1ccccc1,MetXBioDB,[0 1 0 ... 0 0 0]
Propofol,,CC(C)c1cccc(C(C)C)c1O,CC(C)c1cccc(C(C)C)c1OC1OC(C(=O)O)C(O)C(O)C1O,Both,[0 1 0 ... 0 0 0]
Kaempferol,,O=c1c(O)c(-c2ccc(O)cc2)oc2cc(O)cc(O)c12,O=C(O)C1OC(Oc2cc(O)c3c(=O)c(O)c(-c4ccc(O)cc4)oc3c2)C(O)C(O)C1O,MetXBioDB,[0 0 0 ... 0 0 0]
Kaempferol,,O=c1c(O)c(-c2ccc(O)cc2)oc2cc(O)cc(O)c12,O=C(O)C1OC(Oc2c(-c3ccc(O)cc3)oc3cc(O)cc(O)c3c2=O)C(O)C(O)C1O,MetXBioDB,[0 0 0 ... 0 0 0]
Tizanidine M6,,Oc1cc(Cl)c(NC2=NCCN2)c2nsnc12,O=C(O)C1OC(Oc2cc(Cl)c(NC3=NCCN3)c3nsnc23)C(O)C(O)C1O,MetXBioDB,[0 0 0 ... 0 0 0]
Dezocine,,CC12CCCCCC(Cc3ccc(O)cc31)C2N,CC12CCCCCC(Cc3ccc(OC4OC(C(=O)O)C(O)C(O)C4O)cc31)C2N,MetXBioDB,[0 0 1 ... 0 1 0]
Dulcin,,CCOc1ccc(NC(N)=O)cc1,CCOc1ccc(NC(=O)NC2OC(C(=O)O)C(O)C(O)C2O)cc1,MetXBioDB,[0 0 0 ... 0 0 0]
S-2-[4-(3-methyl-2-thienyl)phenyl]propionic acid,,Cc1ccsc1-c1ccc(C(C)C(=O)O)cc1,Cc1ccsc1-c1ccc(C(C)C(=O)OC2OC(C(=O)O)C(O)C(O)C2O)cc1,MetXBioDB,[0 1 0 ... 0 0 0]
Jaceidin,,COc1cc(-c2oc3cc(O)c(OC)c(O)c3c(=O)c2OC)ccc1O,COc1cc(-c2oc3cc(O)c(OC)c(O)c3c(=O)c2OC)ccc1OC1OC(C(=O)O)C(O)C(O)C1O,MetXBioDB,[0 0 0 ... 0 0 0]
menthol,,CC1CCC(C(C)C)C(O)C1,CC1CCC(C(C)C)C(OC2OC(C(=O)O)C(O)C(O)C2O)C1,MetXBioDB,[0 1 0 ... 0 0 0]
"5,6-O-DiDesmethyl Donepezil",,O=C1c2cc(O)c(O)cc2CC1CC1CCN(Cc2ccccc2)CC1,O=C1c2cc(OC3OC(C(=O)O)C(O)C(O)C3O)c(O)cc2CC1CC1CCN(Cc2ccccc2)CC1,MetXBioDB,[0 0 0 ... 0 0 0]
"5,6-O-DiDesmethyl Donepezil",,O=C1c2cc(O)c(O)cc2CC1CC1CCN(Cc2ccccc2)CC1,O=C1c2cc(O)c(OC3OC(C(=O)O)C(O)C(O)C3O)cc2CC1CC1CCN(Cc2ccccc2)CC1,MetXBioDB,[0 0 0 ... 0 0 0]
"3,6,4p-Trihydroxyflavone",,O=c1c(O)c(-c2ccc(O)cc2)oc2ccc(O)cc12,O=C(O)C1OC(Oc2c(-c3ccc(O)cc3)oc3ccc(O)cc3c2=O)C(O)C(O)C1O,MetXBioDB,[0 0 0 ... 0 0 0]
4p-Carboxylumiracoxib,,Cc1ccc(Nc2c(F)cc(O)cc2Cl)c(CC(=O)O)c1,Cc1ccc(Nc2c(F)cc(O)cc2Cl)c(CC(=O)OC2OC(C(=O)O)C(O)C(O)C2O)c1,Both,[0 0 0 ... 0 0 0]
Norbuprenorphine,,COC12CCC3(CC1C(C)(O)C(C)(C)C)C1Cc4ccc(O)c5c4C3(CCN1)C2O5,COC12CCC3(CC1C(C)(O)C(C)(C)C)C1Cc4ccc(OC5OC(C(=O)O)C(O)C(O)C5O)c5c4C3(CCN1)C2O5,MetXBioDB,[0 0 0 ... 1 0 0]
O-Desmethylvenlafaxine,,NCC(c1ccc(O)cc1)C1(O)CCCCC1,NCC(c1ccc(OC2OC(C(=O)O)C(O)C(O)C2O)cc1)C1(O)CCCCC1,MetXBioDB,[0 1 1 ... 0 0 0]
"2,8-Dihydroxyquinoline",,Oc1ccc2cccc(O)c2n1,O=C(O)C1OC(Oc2ccc3cccc(O)c3n2)C(O)C(O)C1O,MetXBioDB,[0 0 0 ... 0 0 0]
Hydroxyfarnesol,,CC(=CCCC(C)=CCCC(C)=CCO)CO,CC(=CCO)CCC=C(C)CCC=C(C)COC1OC(C(=O)O)C(O)C(O)C1O,MetXBioDB,[0 0 0 ... 0 0 0]
Dihydromorphine,,CN1CCC23c4c5ccc(O)c4OC2C(O)CCC3C1C5,CN1CCC23c4c5ccc(OC6OC(C(=O)O)C(O)C(O)C6O)c4OC2C(O)CCC3C1C5,MetXBioDB,[0 0 0 ... 0 1 0]
Ketoprofen,,CC(C(=O)O)c1cccc(C(=O)c2ccccc2)c1,CC(C(=O)OC1OC(C(=O)O)C(O)C(O)C1O)c1cccc(C(=O)c2ccccc2)c1,Both,[0 1 0 ... 0 0 0]
Lasofoxifene,,Oc1ccc2c(c1)CCC(c1ccccc1)C2c1ccc(OCCN2CCCC2)cc1,O=C(O)C1OC(Oc2ccc3c(c2)CCC(c2ccccc2)C3c2ccc(OCCN3CCCC3)cc2)C(O)C(O)C1O,MetXBioDB,[0 0 0 ... 0 0 0]
4p-OH-aceclofenac,,O=C(O)COC(=O)Cc1ccccc1Nc1c(Cl)cc(O)cc1Cl,O=C(O)COC(=O)Cc1ccccc1Nc1c(Cl)cc(OC2OC(C(=O)O)C(O)C(O)C2O)cc1Cl,MetXBioDB,[0 0 0 ... 0 0 0]
4-hydroxyatomoxetine,,CNCCC(Oc1ccc(O)cc1C)c1ccccc1,CNCCC(Oc1ccc(OC2OC(C(=O)O)C(O)C(O)C2O)cc1C)c1ccccc1,MetXBioDB,[0 1 0 ... 0 0 0]
7-Hydoxy-5-methylflavone,,Cc1cc(O)cc2oc(-c3ccccc3)cc(=O)c12,Cc1cc(OC2OC(C(=O)O)C(O)C(O)C2O)cc2oc(-c3ccccc3)cc(=O)c12,MetXBioDB,[0 0 0 ... 0 0 0]
"6,7,3p-Trihydroxflavone",,O=c1cc(-c2cccc(O)c2)oc2cc(O)c(O)cc12,O=C(O)C1OC(Oc2cc3oc(-c4cccc(O)c4)cc(=O)c3cc2O)C(O)C(O)C1O,MetXBioDB,[0 0 0 ... 0 0 0]
N-hydroxy-2-acetylaminofluorene,,CC(=O)N(O)c1ccc2c(c1)Cc1ccccc1-2,CC(=O)N(OC1OC(C(=O)O)C(O)C(O)C1O)c1ccc2c(c1)Cc1ccccc1-2,MetXBioDB,[0 0 0 ... 0 0 0]
Pentaerythritol Dibromide,,OCC(CO)(CBr)CBr,O=C(O)C1OC(OCC(CO)(CBr)CBr)C(O)C(O)C1O,MetXBioDB,[0 0 0 ... 0 0 0]
"5-(3p,4p-Dihydroxyphenyl)-gamma-valerolactone-4p-O-methyl",,COc1ccc(CC2CCC(=O)O2)cc1O,COc1ccc(CC2CCC(=O)O2)cc1OC1OC(C(=O)O)C(O)C(O)C1O,MetXBioDB,[1 0 0 ... 0 0 0]
Carveol,,C=C(C)C1CC=C(C)C(O)C1,C=C(C)C1CC=C(C)C(OC2OC(C(=O)O)C(O)C(O)C2O)C1,MetXBioDB,[0 0 0 ... 0 1 0]
7-Hydroxyflavone,,O=c1cc(-c2ccccc2)oc2cc(O)ccc12,O=C(O)C1OC(Oc2ccc3c(=O)cc(-c4ccccc4)oc3c2)C(O)C(O)C1O,MetXBioDB,[0 0 0 ... 0 0 0]
Bisphenol A,,CC(C)(c1ccc(O)cc1)c1ccc(O)cc1,CC(C)(c1ccc(O)cc1)c1ccc(OC2OC(C(=O)O)C(O)C(O)C2O)cc1,MetXBioDB,[0 0 0 ... 0 0 0]
25-Hydroxyvitamin D2,,C=C1CCC(O)CC1=CC=C1CCCC2(C)C1CCC2C(C)C=CC(C)C(C)(C)O,C=C1CCC(O)CC1=CC=C1CCCC2(C)C1CCC2C(C)C=CC(C)C(C)(C)OC1OC(C(=O)O)C(O)C(O)C1O,MetXBioDB,[0 1 0 ... 0 0 0]
Edaravone,,Cc1cc(O)n(-c2ccccc2)n1,Cc1cc(OC2OC(C(=O)O)C(O)C(O)C2O)n(-c2ccccc2)n1,MetXBioDB,[0 0 0 ... 0 0 0]
"6,7-Dihydroxyflavone",,O=c1cc(-c2ccccc2)oc2cc(O)c(O)cc12,O=C(O)C1OC(Oc2cc3oc(-c4ccccc4)cc(=O)c3cc2O)C(O)C(O)C1O,MetXBioDB,[0 0 0 ... 0 0 0]
Flurbiprofen,,CC(C(=O)O)c1ccc(-c2ccccc2)c(F)c1,CC(C(=O)OC1OC(C(=O)O)C(O)C(O)C1O)c1ccc(-c2ccccc2)c(F)c1,Both,[0 1 0 ... 0 0 0]
Codeine,,COc1ccc2c3c1OC1C(O)C=CC4C(C2)N(C)CCC341,COc1ccc2c3c1OC1C(OC4OC(C(=O)O)C(O)C(O)C4O)C=CC4C(C2)N(C)CCC341,Both,[0 0 0 ... 0 0 0]
N-hydroxy-2-acetylamino-3-methyl-5-phenylpyridine,,CC(=O)N(O)c1ncc(-c2ccccc2)cc1C,CC(=O)N(OC1OC(C(=O)O)C(O)C(O)C1O)c1ncc(-c2ccccc2)cc1C,MetXBioDB,[0 0 0 ... 0 0 0]
N-hydroxy-2-aminobenzanthrone,,O=C1C=c2cc3ccc4ccc(NO)cc4c3cc2=CC1,O=C1C=c2cc3ccc4ccc(NOC5OC(C(=O)O)C(O)C(O)C5O)cc4c3cc2=CC1,MetXBioDB,[0 0 0 ... 0 0 0]
Acetaminophen,,CC(=O)Nc1ccc(O)cc1,CC(=O)Nc1ccc(OC2OC(C(=O)O)C(O)C(O)C2O)cc1,Both,[0 0 0 ... 0 0 0]
serotonin,,NCCc1c[nH]c2ccc(O)cc12,NCCc1c[nH]c2ccc(OC3OC(C(=O)O)C(O)C(O)C3O)cc12,MetXBioDB,[0 0 0 ... 0 0 0]
Misonidazole,,COCC(O)Cn1ccnc1[N+](=O)[O-],COCC(Cn1ccnc1[N+](=O)[O-])OC1OC(C(=O)O)C(O)C(O)C1O,MetXBioDB,[0 1 0 ... 0 0 0]
Etiocholanolone,,CC12CCC3C(CCC4CC(O)CCC43C)C1CCC2=O,CC12CCC3C(CCC4CC(OC5OC(C(=O)O)C(O)C(O)C5O)CCC43C)C1CCC2=O,MetXBioDB,[0 0 0 ... 0 0 0]
3-alpha-hydroxydesogestrel,,C#CC1(O)CCC2C3CCC4=CC(O)CCC4C3C(=C)CC21CC,C#CC1(O)CCC2C3CCC4=CC(OC5OC(C(=O)O)C(O)C(O)C5O)CCC4C3C(=C)CC21CC,MetXBioDB,[0 0 0 ... 0 0 0]
4-Chlorophenol,,Oc1ccc(Cl)cc1,O=C(O)C1OC(Oc2ccc(Cl)cc2)C(O)C(O)C1O,MetXBioDB,[0 0 0 ... 0 0 0]
Tyramine,,NCCc1ccc(O)cc1,NCCc1ccc(OC2OC(C(=O)O)C(O)C(O)C2O)cc1,MetXBioDB,[0 0 0 ... 0 0 0]
Fluoxetine,,CNCCC(Oc1ccc(C(F)(F)F)cc1)c1ccccc1,CN(CCC(Oc1ccc(C(F)(F)F)cc1)c1ccccc1)C1OC(C(=O)O)C(O)C(O)C1O,Both,[0 1 0 ... 0 0 0]
Vitamin D2,,C=C1CCC(O)CC1=CC=C1CCCC2(C)C1CCC2C(C)C=CC(C)C(C)C,C=C1CCC(OC2OC(C(=O)O)C(O)C(O)C2O)CC1=CC=C1CCCC2(C)C1CCC2C(C)C=CC(C)C(C)C,MetXBioDB,[0 1 0 ... 0 0 0]
5-O-Desmethyl Donepezil,,COc1cc2c(cc1O)CC(CC1CCN(Cc3ccccc3)CC1)C2=O,COc1cc2c(cc1OC1OC(C(=O)O)C(O)C(O)C1O)CC(CC1CCN(Cc3ccccc3)CC1)C2=O,MetXBioDB,[0 0 0 ... 0 0 0]
6-Hydroxyflavone,,O=c1cc(-c2ccccc2)oc2ccc(O)cc12,O=C(O)C1OC(Oc2ccc3oc(-c4ccccc4)cc(=O)c3c2)C(O)C(O)C1O,MetXBioDB,[0 0 0 ... 0 0 0]
Dihydrocurcumin,,COc1cc(C=CC(=O)C=C(O)CCc2ccc(O)c(OC)c2)ccc1O,COc1cc(CCC(O)=CC(=O)C=Cc2ccc(OC3OC(C(=O)O)C(O)C(O)C3O)c(OC)c2)ccc1O,MetXBioDB,[0 0 0 ... 0 0 0]
"4-OH-2,6-dimethylaniline",,Cc1cc(O)cc(C)c1N,Cc1cc(OC2OC(C(=O)O)C(O)C(O)C2O)cc(C)c1N,MetXBioDB,[0 0 0 ... 0 0 0]
3-Hydroxy-6-methylflavone,,Cc1ccc2oc(-c3ccccc3)c(O)c(=O)c2c1,Cc1ccc2oc(-c3ccccc3)c(OC3OC(C(=O)O)C(O)C(O)C3O)c(=O)c2c1,MetXBioDB,[0 0 0 ... 0 0 0]
Tolcapone,,Cc1ccc(C(=O)c2cc(O)c(O)c([N+](=O)[O-])c2)cc1,Cc1ccc(C(=O)c2cc(O)c(OC3OC(C(=O)O)C(O)C(O)C3O)c([N+](=O)[O-])c2)cc1,MetXBioDB,[0 0 0 ... 0 0 0]
4-Nitrophenol,,O=[N+]([O-])c1ccc(O)cc1,O=C(O)C1OC(Oc2ccc([N+](=O)[O-])cc2)C(O)C(O)C1O,MetXBioDB,[0 0 0 ... 0 0 0]
3-Indole carboxylic acid,,O=C(O)c1c[nH]c2ccccc12,O=C(OC1OC(C(=O)O)C(O)C(O)C1O)c1c[nH]c2ccccc12,MetXBioDB,[0 0 0 ... 0 0 0]
Fisetin,,O=c1c(O)c(-c2ccc(O)c(O)c2)oc2cc(O)ccc12,O=C(O)C1OC(Oc2c(-c3ccc(O)c(O)c3)oc3cc(O)ccc3c2=O)C(O)C(O)C1O,MetXBioDB,[0 0 0 ... 0 0 0]
Ornidazole,,Cc1ncc([N+](=O)[O-])n1CC(O)CCl,Cc1ncc([N+](=O)[O-])n1CC(CCl)OC1OC(C(=O)O)C(O)C(O)C1O,MetXBioDB,[0 1 0 ... 0 0 0]
"3-Hydroxy-6,4p-dimethoxyflavone",,COc1ccc(-c2oc3ccc(OC)cc3c(=O)c2O)cc1,COc1ccc(-c2oc3ccc(OC)cc3c(=O)c2OC2OC(C(=O)O)C(O)C(O)C2O)cc1,MetXBioDB,[0 0 0 ... 0 0 0]
Lumiracoxib M25,,Cc1ccc2c(c1)CC(=O)N2c1c(F)cc(O)cc1Cl,Cc1ccc2c(c1)CC(=O)N2c1c(F)cc(OC2OC(C(=O)O)C(O)C(O)C2O)cc1Cl,Both,[0 0 0 ... 0 0 0]
4-Ethylphenol,,CCc1ccc(O)cc1,CCc1ccc(OC2OC(C(=O)O)C(O)C(O)C2O)cc1,MetXBioDB,[0 0 0 ... 0 0 0]
"3,3p-Dihydroxyflavone",,O=c1c(O)c(-c2cccc(O)c2)oc2ccccc12,O=C(O)C1OC(Oc2c(-c3cccc(O)c3)oc3ccccc3c2=O)C(O)C(O)C1O,MetXBioDB,[0 0 0 ... 0 0 0]
MaxiPost,,COc1ccc(Cl)cc1C1(F)C(O)=Nc2cc(C(F)(F)F)ccc21,COc1ccc(Cl)cc1C1(F)C(=O)N(C2OC(C(=O)O)C(O)C(O)C2O)c2cc(C(F)(F)F)ccc21,MetXBioDB,[0 0 0 ... 0 0 0]
3-Methoxy-4-hydroxyphenylglycol,,COc1cc(C(O)CO)ccc1O,COc1cc(C(O)CO)ccc1OC1OC(C(=O)O)C(O)C(O)C1O,MetXBioDB,[0 1 0 ... 0 0 0]
4p-OH-diclofenac,,O=C(O)Cc1ccccc1Nc1c(Cl)cc(O)cc1Cl,O=C(O)Cc1ccccc1Nc1c(Cl)cc(OC2OC(C(=O)O)C(O)C(O)C2O)cc1Cl,MetXBioDB,[0 0 0 ... 0 0 0]
Farnesol,,CC(C)=CCCC(C)=CCCC(C)=CCO,CC(C)=CCCC(C)=CCCC(C)=CCOC1OC(C(=O)O)C(O)C(O)C1O,MetXBioDB,[0 0 0 ... 0 0 0]
4-n-Butylphenol,,CCCCc1ccc(O)cc1,CCCCc1ccc(OC2OC(C(=O)O)C(O)C(O)C2O)cc1,MetXBioDB,[0 0 0 ... 0 0 0]
Arbidol,,CCOC(=O)c1c(CSc2ccccc2)n(C)c2cc(Br)c(O)c(CN(C)C)c12,CCOC(=O)c1c(CSc2ccccc2)n(C)c2cc(Br)c(OC3OC(C(=O)O)C(O)C(O)C3O)c(CN(C)C)c12,Both,[0 0 0 ... 0 0 0]
Lorazepam,,OC1=Nc2ccc(Cl)cc2C(c2ccccc2Cl)=NC1O,O=C(O)C1OC(OC2N=C(c3ccccc3Cl)c3cc(Cl)ccc3N=C2O)C(O)C(O)C1O,MetXBioDB,[0 0 0 ... 0 0 0]
fenchone metabo2,,CC1(C)C(=O)C2(C)CCC1C2O,CC1(C)C(=O)C2(C)CCC1C2OC1OC(C(=O)O)C(O)C(O)C1O,MetXBioDB,[0 0 0 ... 0 0 0]
4-Phenylphenol,,Oc1ccc(-c2ccccc2)cc1,O=C(O)C1OC(Oc2ccc(-c3ccccc3)cc2)C(O)C(O)C1O,MetXBioDB,[0 0 0 ... 0 0 0]
3p-OH-diclofenac,,O=C(O)Cc1ccccc1Nc1c(Cl)ccc(O)c1Cl,O=C(O)Cc1ccccc1Nc1c(Cl)ccc(OC2OC(C(=O)O)C(O)C(O)C2O)c1Cl,MetXBioDB,[0 0 0 ... 0 0 0]
Irinotecan,,CCc1c2c(nc3ccc(OC(=O)N4CCC(N5CCCCC5)CC4)cc13)-c1cc3c(c(=O)n1C2)COC(=O)C3(O)CC,CCc1c2c(nc3ccc(OC(=O)N4CCC(N5CCCCC5)CC4)cc13)-c1cc3c(c(=O)n1C2)COC(=O)C3(CC)OC1OC(C(=O)O)C(O)C(O)C1O,MetXBioDB,[0 0 1 ... 0 0 0]
Syringetin,,COc1cc(-c2oc3cc(O)cc(O)c3c(=O)c2O)cc(OC)c1O,COc1cc(-c2oc3cc(OC4OC(C(=O)O)C(O)C(O)C4O)cc(O)c3c(=O)c2O)cc(OC)c1O,MetXBioDB,[0 0 0 ... 0 0 0]
Syringetin,,COc1cc(-c2oc3cc(O)cc(O)c3c(=O)c2O)cc(OC)c1O,COc1cc(-c2oc3cc(O)cc(O)c3c(=O)c2OC2OC(C(=O)O)C(O)C(O)C2O)cc(OC)c1O,MetXBioDB,[0 0 0 ... 0 0 0]
6-Methoxyluteolin,,COc1c(O)cc2oc(-c3ccc(O)c(O)c3)cc(=O)c2c1O,COc1c(OC2OC(C(=O)O)C(O)C(O)C2O)cc2oc(-c3ccc(O)c(O)c3)cc(=O)c2c1O,MetXBioDB,[0 0 1 ... 0 0 0]
morphine,,CN1CCC23c4c5ccc(O)c4OC2C(O)C=CC3C1C5,CN1CCC23c4c5ccc(O)c4OC2C(OC2OC(C(=O)O)C(O)C(O)C2O)C=CC3C1C5,Both,[0 0 0 ... 0 0 0]
morphine,,CN1CCC23c4c5ccc(O)c4OC2C(O)C=CC3C1C5,CN1CCC23c4c5ccc(OC6OC(C(=O)O)C(O)C(O)C6O)c4OC2C(O)C=CC3C1C5,MetXBioDB,[0 0 0 ... 0 0 0]
Chrysin,,O=c1cc(-c2ccccc2)oc2cc(O)cc(O)c12,O=C(O)C1OC(Oc2cc(O)c3c(=O)cc(-c4ccccc4)oc3c2)C(O)C(O)C1O,MetXBioDB,[0 0 0 ... 0 0 0]
Quinagolide,,CCCN1CC(NS(=O)(=O)N(CC)CC)CC2Cc3c(O)cccc3CC21,CCCN1CC(NS(=O)(=O)N(CC)CC)CC2Cc3c(cccc3OC3OC(C(=O)O)C(O)C(O)C3O)CC21,MetXBioDB,[0 0 0 ... 0 0 1]
fenchone metabo1,,CC12CCC(C1)C(C)(CO)C2=O,CC12CCC(C1)C(C)(COC1OC(C(=O)O)C(O)C(O)C1O)C2=O,MetXBioDB,[0 0 0 ... 0 0 0]
"7,3p,4p-Trihydroxyflavone",,O=c1cc(-c2ccc(O)c(O)c2)oc2cc(O)ccc12,O=C(O)C1OC(Oc2ccc3c(=O)cc(-c4ccc(O)c(O)c4)oc3c2)C(O)C(O)C1O,MetXBioDB,[0 0 0 ... 0 0 0]
Caffeic Acid,,O=C(O)C=Cc1ccc(O)c(O)c1,O=C(O)C=Cc1ccc(OC2OC(C(=O)O)C(O)C(O)C2O)c(O)c1,MetXBioDB,[0 0 0 ... 0 0 0]
Caffeic Acid,,O=C(O)C=Cc1ccc(O)c(O)c1,O=C(O)C=Cc1ccc(O)c(OC2OC(C(=O)O)C(O)C(O)C2O)c1,MetXBioDB,[0 0 0 ... 0 0 0]
Daidzein,,O=c1c(-c2ccc(O)cc2)coc2cc(O)ccc12,O=C(O)C1OC(Oc2ccc3c(=O)c(-c4ccc(O)cc4)coc3c2)C(O)C(O)C1O,MetXBioDB,[0 0 0 ... 0 0 0]
Dihyroxy-1H-indole,,Oc1cc2cc[nH]c2cc1O,O=C(O)C1OC(Oc2cc3[nH]ccc3cc2O)C(O)C(O)C1O,MetXBioDB,[0 0 0 ... 0 0 0]
5-OH-diclofenac,,O=C(O)Cc1cc(O)ccc1Nc1c(Cl)cccc1Cl,O=C(O)Cc1cc(OC2OC(C(=O)O)C(O)C(O)C2O)ccc1Nc1c(Cl)cccc1Cl,MetXBioDB,[0 0 0 ... 0 0 0]
M23OH,,CCCCc1cc(N)n2ncc(O)c2n1,CCCCc1cc(N)n2ncc(OC3OC(C(=O)O)C(O)C(O)C3O)c2n1,MetXBioDB,[0 1 0 ... 0 0 0]
Fraxetin,,COc1cc2ccc(=O)oc2c(O)c1O,COc1cc2ccc(=O)oc2c(O)c1OC1OC(C(=O)O)C(O)C(O)C1O,MetXBioDB,[0 0 0 ... 0 0 0]
17-beta estradiol,,CC12CCC3c4ccc(O)cc4CCC3C1CCC2O,CC12CCC3c4ccc(OC5OC(C(=O)O)C(O)C(O)C5O)cc4CCC3C1CCC2O,Both,[0 0 0 ... 0 0 0]
"3,2p-Dihydroxyflavone",,O=c1c(O)c(-c2ccccc2O)oc2ccccc12,O=C(O)C1OC(Oc2c(-c3ccccc3O)oc3ccccc3c2=O)C(O)C(O)C1O,MetXBioDB,[0 0 0 ... 0 0 0]
Ferulic Acid,,COc1cc(C=CC(=O)O)ccc1O,COc1cc(C=CC(=O)O)ccc1OC1OC(C(=O)O)C(O)C(O)C1O,MetXBioDB,[0 0 0 ... 0 0 0]
3-Hydroxy-5-methoxyflavone,,COc1cccc2oc(-c3ccccc3)c(O)c(=O)c12,COc1cccc2oc(-c3ccccc3)c(OC3OC(C(=O)O)C(O)C(O)C3O)c(=O)c12,MetXBioDB,[0 0 0 ... 0 0 0]
3-Hydroxy-4p-methoxyflavone,,COc1ccc(-c2oc3ccccc3c(=O)c2O)cc1,COc1ccc(-c2oc3ccccc3c(=O)c2OC2OC(C(=O)O)C(O)C(O)C2O)cc1,MetXBioDB,[0 0 0 ... 0 0 0]
4-OH-propofol,,CC(C)c1cc(O)cc(C(C)C)c1O,CC(C)c1cc(O)cc(C(C)C)c1OC1OC(C(=O)O)C(O)C(O)C1O,MetXBioDB,[0 1 0 ... 0 0 0]
Gypsogenin,,CC1(C)CCC2(C(=O)O)CCC3(C)C(=CCC4C5(C)CCC(O)C(C)(C=O)C5CCC43C)C2C1,CC1(C)CCC2(C(=O)O)CCC3(C)C(=CCC4C5(C)CCC(OC6OC(C(=O)O)C(O)C(O)C6O)C(C)(C=O)C5CCC43C)C2C1,MetXBioDB,[0 0 0 ... 0 0 0]
Geraldol,,COc1cc(-c2oc3cc(O)ccc3c(=O)c2O)ccc1O,COc1cc(-c2oc3cc(O)ccc3c(=O)c2OC2OC(C(=O)O)C(O)C(O)C2O)ccc1O,MetXBioDB,[0 0 0 ... 0 0 0]
3-Hydroxyflavone,,O=c1c(O)c(-c2ccccc2)oc2ccccc12,O=C(O)C1OC(Oc2c(-c3ccccc3)oc3ccccc3c2=O)C(O)C(O)C1O,MetXBioDB,[0 0 0 ... 0 0 0]
Myricetin,,O=c1c(O)c(-c2cc(O)c(O)c(O)c2)oc2cc(O)cc(O)c12,O=C(O)C1OC(Oc2c(-c3cc(O)c(O)c(O)c3)oc3cc(O)cc(O)c3c2=O)C(O)C(O)C1O,MetXBioDB,[0 0 0 ... 0 0 0]
4-Methylphenol,,Cc1ccc(O)cc1,Cc1ccc(OC2OC(C(=O)O)C(O)C(O)C2O)cc1,MetXBioDB,[0 0 0 ... 0 0 0]
Biochanin A,,COc1ccc2c(=O)c(-c3ccccc3)coc2c1O,COc1ccc2c(=O)c(-c3ccccc3)coc2c1OC1OC(C(=O)O)C(O)C(O)C1O,MetXBioDB,[0 0 0 ... 0 0 0]
Datiscetin,,O=c1c(O)c(-c2ccccc2O)oc2cc(O)cc(O)c12,O=C(O)C1OC(Oc2c(-c3ccccc3O)oc3cc(O)cc(O)c3c2=O)C(O)C(O)C1O,MetXBioDB,[0 0 0 ... 0 0 0]
"3,7,3p-Trihydroxyflavone",,O=c1c(O)c(-c2cccc(O)c2)oc2cc(O)ccc12,O=C(O)C1OC(Oc2c(-c3cccc(O)c3)oc3cc(O)ccc3c2=O)C(O)C(O)C1O,MetXBioDB,[0 0 0 ... 0 0 0]
Limonen-10-ol,,C=C(C)C1CC=C(CO)CC1,C=C(C)C1CC=C(COC2OC(C(=O)O)C(O)C(O)C2O)CC1,MetXBioDB,[0 0 0 ... 0 1 0]
Galangin,,O=c1c(O)c(-c2ccccc2)oc2cc(O)cc(O)c12,O=C(O)C1OC(Oc2cc(O)c3c(=O)c(O)c(-c4ccccc4)oc3c2)C(O)C(O)C1O,MetXBioDB,[0 0 0 ... 0 0 0]
Galangin,,O=c1c(O)c(-c2ccccc2)oc2cc(O)cc(O)c12,O=C(O)C1OC(Oc2c(-c3ccccc3)oc3cc(O)cc(O)c3c2=O)C(O)C(O)C1O,MetXBioDB,[0 0 0 ... 0 0 0]
7-Hydroxy-4p-methoxyflavone,,COc1ccc(-c2cc(=O)c3ccc(O)cc3o2)cc1,COc1ccc(-c2cc(=O)c3ccc(OC4OC(C(=O)O)C(O)C(O)C4O)cc3o2)cc1,MetXBioDB,[0 0 0 ... 0 0 0]
3-Hydroxy-3p-methoxyflavone,,COc1cccc(-c2oc3ccccc3c(=O)c2O)c1,COc1cccc(-c2oc3ccccc3c(=O)c2OC2OC(C(=O)O)C(O)C(O)C2O)c1,MetXBioDB,[0 0 0 ... 0 0 0]
Zileuton,Zileuton O-glucuronide,CC(c1cc2ccccc2s1)N(O)C(N)=O,CC(c1cc2ccccc2s1)N(OC1OC(C(=O)O)C(O)C(O)C1O)C(N)=O,Both,[0 1 0 ... 0 0 0]
cis-Dibromochrysanthemic acid,,CC1(C)C(C=C(Br)Br)C1C(=O)O,CC1(C)C(C=C(Br)Br)C1C(=O)OC1OC(C(=O)O)C(O)C(O)C1O,MetXBioDB,[0 0 0 ... 0 0 0]
N-Acetyl-5-HT,,CC(=O)NCCc1c[nH]c2ccc(O)cc12,CC(=O)NCCc1c[nH]c2ccc(OC3OC(C(=O)O)C(O)C(O)C3O)cc12,Both,[0 0 0 ... 0 0 0]
4-Cyclopentylphenol,,Oc1ccc(C2CCCC2)cc1,O=C(O)C1OC(Oc2ccc(C3CCCC3)cc2)C(O)C(O)C1O,MetXBioDB,[0 0 0 ... 0 0 0]
2-Methoxy-estradiol-17beta,,COc1cc2c(cc1O)CCC1C2CCC2(C)C(O)CCC12,COc1cc2c(cc1OC1OC(C(=O)O)C(O)C(O)C1O)CCC1C2CCC2(C)C(O)CCC12,MetXBioDB,[0 0 0 ... 0 0 0]
4-Bromophenol,,Oc1ccc(Br)cc1,O=C(O)C1OC(Oc2ccc(Br)cc2)C(O)C(O)C1O,MetXBioDB,[0 0 0 ... 0 0 0]
Hydromorphone,Hydromorphone 3-beta-O-glucuronide,CN1CCC23c4c5ccc(O)c4OC2C(=O)CCC3C1C5,CN1CCC23c4c5ccc(OC6OC(C(=O)O)C(O)C(O)C6O)c4OC2C(=O)CCC3C1C5,Both,[0 0 0 ... 0 1 0]
Licofelone,,CC1(C)Cc2c(-c3ccccc3)c(-c3ccc(Cl)cc3)c(CC(=O)O)n2C1,CC1(C)Cc2c(-c3ccccc3)c(-c3ccc(Cl)cc3)c(CC(=O)OC3OC(C(=O)O)C(O)C(O)C3O)n2C1,MetXBioDB,[0 0 0 ... 0 0 0]
4-Phenylazophenol,,Oc1ccc(N=Nc2ccccc2)cc1,O=C(O)C1OC(Oc2ccc(N=Nc3ccccc3)cc2)C(O)C(O)C1O,MetXBioDB,[0 0 0 ... 0 0 0]
2-Hydroxymethyatomoxetine,,CNCCC(Oc1ccccc1CO)c1ccccc1,CNCCC(Oc1ccccc1COC1OC(C(=O)O)C(O)C(O)C1O)c1ccccc1,MetXBioDB,[0 1 0 ... 0 0 0]
O-Desmethyl-tramado,,CN(C)CC1CCCCC1(O)c1cccc(O)c1,CN(C)CC1CCCCC1(O)c1cccc(OC2OC(C(=O)O)C(O)C(O)C2O)c1,Both,[0 0 0 ... 0 0 0]
4-Hydroxyandrostenedione,,CC12CCC3C(CCC4=C(O)C(=O)CCC43C)C1CCC2=O,CC12CCC3C(CCC4=C(OC5OC(C(=O)O)C(O)C(O)C5O)C(=O)CCC43C)C1CCC2=O,Both,[0 0 0 ... 0 0 0]
7-Hydroxy-6-methoxyisoflavone,,COc1cc2c(=O)c(-c3ccccc3)coc2cc1O,COc1cc2c(=O)c(-c3ccccc3)coc2cc1OC1OC(C(=O)O)C(O)C(O)C1O,MetXBioDB,[0 0 0 ... 0 0 0]
Erlotinib M18,,C#Cc1cccc(Nc2ncnc3cc(OCCOC)c(O)cc23)c1,C#Cc1cccc(Nc2ncnc3cc(OCCOC)c(OC4OC(C(=O)O)C(O)C(O)C4O)cc23)c1,MetXBioDB,[0 0 0 ... 0 0 0]
zaltoprofen,,CC(C(=O)O)c1ccc2c(c1)CC(=O)c1ccccc1S2,CC(C(=O)OC1OC(C(=O)O)C(O)C(O)C1O)c1ccc2c(c1)CC(=O)c1ccccc1S2,MetXBioDB,[0 1 0 ... 0 0 0]
4-Ethoxyphenol,,CCOc1ccc(O)cc1,CCOc1ccc(OC2OC(C(=O)O)C(O)C(O)C2O)cc1,MetXBioDB,[0 0 0 ... 0 0 0]
4-Hydroxyduloxetine,,CNCCC(Oc1ccc(O)c2ccccc12)c1cccs1,CNCCC(Oc1ccc(OC2OC(C(=O)O)C(O)C(O)C2O)c2ccccc12)c1cccs1,Both,[0 1 0 ... 0 0 0]
Pterostilbene,,COc1cc(C=Cc2ccc(O)cc2)cc(OC)c1,COc1cc(C=Cc2ccc(OC3OC(C(=O)O)C(O)C(O)C3O)cc2)cc(OC)c1,MetXBioDB,[0 0 0 ... 0 0 0]
6-OH-harmaline,,Cc1nccc2c1[nH]c1cc(O)ccc12,Cc1nccc2c1[nH]c1cc(OC3OC(C(=O)O)C(O)C(O)C3O)ccc12,MetXBioDB,[0 0 0 ... 0 0 0]
Magnolol,,C=CCc1ccc(O)c(-c2cc(CC=C)ccc2O)c1,C=CCc1ccc(O)c(-c2cc(CC=C)ccc2OC2OC(C(=O)O)C(O)C(O)C2O)c1,MetXBioDB,[0 0 0 ... 0 0 0]
7-OH-efavirenz,,OC1=Nc2cc(O)c(Cl)cc2C(C#CC2CC2)(C(F)(F)F)O1,O=C(O)C1OC(Oc2cc3c(cc2Cl)C(C#CC2CC2)(C(F)(F)F)OC(O)=N3)C(O)C(O)C1O,MetXBioDB,[0 0 0 ... 0 0 0]
6-O-Desmethyl Donepezil,,COc1cc2c(cc1O)C(=O)C(CC1CCN(Cc3ccccc3)CC1)C2,COc1cc2c(cc1OC1OC(C(=O)O)C(O)C(O)C1O)C(=O)C(CC1CCN(Cc3ccccc3)CC1)C2,MetXBioDB,[0 0 0 ... 0 0 0]
Morin,,O=c1c(O)c(-c2ccc(O)cc2O)oc2cc(O)cc(O)c12,O=C(O)C1OC(Oc2c(-c3ccc(O)cc3O)oc3cc(O)cc(O)c3c2=O)C(O)C(O)C1O,MetXBioDB,[0 0 0 ... 0 0 0]
6-OH-MXAA,,Cc1c(CO)ccc2c(=O)c3cccc(CC(=O)O)c3oc12,Cc1c(COC2OC(C(=O)O)C(O)C(O)C2O)ccc2c(=O)c3cccc(CC(=O)O)c3oc12,MetXBioDB,[0 0 0 ... 0 0 0]
"3,4p-Dihydroxyfavone",,O=c1c(O)c(-c2ccc(O)cc2)oc2ccccc12,O=C(O)C1OC(Oc2c(-c3ccc(O)cc3)oc3ccccc3c2=O)C(O)C(O)C1O,MetXBioDB,[0 0 0 ... 0 0 0]
Glycitein,,COc1cc2c(=O)c(-c3ccc(O)cc3)coc2cc1O,COc1cc2c(=O)c(-c3ccc(O)cc3)coc2cc1OC1OC(C(=O)O)C(O)C(O)C1O,MetXBioDB,[0 0 0 ... 0 0 0]
Naproxen,,COc1ccc2cc(C(C)C(=O)O)ccc2c1,COc1ccc2cc(C(C)C(=O)OC3OC(C(=O)O)C(O)C(O)C3O)ccc2c1,MetXBioDB,[0 1 0 ... 0 0 0]
Flavopiridol,,CN1CCC(c2c(O)cc(O)c3c(=O)cc(-c4ccccc4Cl)oc23)C(O)C1,CN1CCC(c2c(OC3OC(C(=O)O)C(O)C(O)C3O)cc(O)c3c(=O)cc(-c4ccccc4Cl)oc23)C(O)C1,MetXBioDB,[0 0 0 ... 0 0 0]
15-alpha-hydroxydesogestrel,,C#CC1(O)CC(O)C2C3CCC4=CCCCC4C3C(=C)CC21CC,C#CC1(OC2OC(C(=O)O)C(O)C(O)C2O)CC(O)C2C3CCC4=CCCCC4C3C(=C)CC21CC,MetXBioDB,[0 0 0 ... 0 0 0]
cyclic N-Acetylserotonin,,CC(=O)N1CCc2c1[nH]c1ccc(O)cc21,CC(=O)N1CCc2c1[nH]c1ccc(OC3OC(C(=O)O)C(O)C(O)C3O)cc21,MetXBioDB,[0 0 0 ... 0 0 0]
7-Hydroxy-2p-methoxyflavone,,COc1ccccc1-c1cc(=O)c2ccc(O)cc2o1,COc1ccccc1-c1cc(=O)c2ccc(OC3OC(C(=O)O)C(O)C(O)C3O)cc2o1,MetXBioDB,[0 0 0 ... 0 0 0]
8-OH efivarenz,,OC1=Nc2c(O)cc(Cl)cc2C(C#CC2CC2)(C(F)(F)F)O1,O=C(O)C1OC(Oc2cc(Cl)cc3c2N=C(O)OC3(C#CC2CC2)C(F)(F)F)C(O)C(O)C1O,MetXBioDB,[0 0 0 ... 0 0 0]
fenchone metabo5,,CC12CCC(O)(C1)C(C)(C)C2=O,CC12CCC(OC3OC(C(=O)O)C(O)C(O)C3O)(C1)C(C)(C)C2=O,MetXBioDB,[0 0 0 ... 0 0 0]
Genistein,,O=c1c(-c2ccc(O)cc2)coc2cc(O)cc(O)c12,O=C(O)C1OC(Oc2cc(O)c3c(=O)c(-c4ccc(O)cc4)coc3c2)C(O)C(O)C1O,MetXBioDB,[0 0 0 ... 0 0 0]
Maackiain,,Oc1ccc2c(c1)OCC1c3cc4c(cc3OC21)OCO4,O=C(O)C1OC(Oc2ccc3c(c2)OCC2c4cc5c(cc4OC32)OCO5)C(O)C(O)C1O,MetXBioDB,[0 0 0 ... 0 0 0]
O-Desmethylgalantamine,,CN1CCC23C=CC(O)CC2Oc2c(O)ccc(c23)C1,CN1CCC23C=CC(O)CC2Oc2c(OC4OC(C(=O)O)C(O)C(O)C4O)ccc(c23)C1,MetXBioDB,[0 0 1 ... 0 0 0]
Diosmetin,,COc1ccc(-c2cc(=O)c3c(O)cc(O)cc3o2)cc1O,COc1ccc(-c2cc(=O)c3c(O)cc(OC4OC(C(=O)O)C(O)C(O)C4O)cc3o2)cc1O,MetXBioDB,[0 0 0 ... 0 0 0]
"5-(3p,4p,5p-Trihydroxyphenyl)-gamma-valerolactone",,O=C1CCC(Cc2cc(O)c(O)c(O)c2)O1,O=C1CCC(Cc2cc(O)c(O)c(OC3OC(C(=O)O)C(O)C(O)C3O)c2)O1,MetXBioDB,[1 0 0 ... 0 0 0]
carvacrol,,Cc1ccc(C(C)C)cc1O,Cc1ccc(C(C)C)cc1OC1OC(C(=O)O)C(O)C(O)C1O,MetXBioDB,[0 1 0 ... 0 0 0]
11-Hydroxyprogesterone,,CC(=O)C1CCC2C3CCC4=CC(=O)CCC4(C)C3C(O)CC12C,CC(=O)C1CCC2C3CCC4=CC(=O)CCC4(C)C3C(OC3OC(C(=O)O)C(O)C(O)C3O)CC12C,MetXBioDB,[0 0 0 ... 0 0 0]
2-Hydroxydoxepin,,CN(C)CCC=C1c2ccccc2COc2ccc(O)cc21,CN(C)CCC=C1c2ccccc2COc2ccc(OC3OC(C(=O)O)C(O)C(O)C3O)cc21,Both,[0 0 0 ... 0 0 0]
Suprofen,,CC(C(=O)O)c1ccc(C(=O)c2cccs2)cc1,CC(C(=O)OC1OC(C(=O)O)C(O)C(O)C1O)c1ccc(C(=O)c2cccs2)cc1,MetXBioDB,[0 1 0 ... 0 0 0]
Indomethacin,,COc1ccc2c(c1)c(CC(=O)O)c(C)n2C(=O)c1ccc(Cl)cc1,COc1ccc2c(c1)c(CC(=O)OC1OC(C(=O)O)C(O)C(O)C1O)c(C)n2C(=O)c1ccc(Cl)cc1,Both,[0 0 0 ... 0 0 0]
Norpatchoulenol,,CC1(C)C2CCC3(C)C(C=CCC13O)C2,CC1(C)C2CCC3(C)C(C=CCC13OC1OC(C(=O)O)C(O)C(O)C1O)C2,MetXBioDB,[0 0 0 ... 0 0 0]
5-OH-aceclofenac,,O=C(O)COC(=O)Cc1cc(O)ccc1Nc1c(Cl)cccc1Cl,O=C(O)COC(=O)Cc1cc(OC2OC(C(=O)O)C(O)C(O)C2O)ccc1Nc1c(Cl)cccc1Cl,MetXBioDB,[0 0 0 ... 0 0 0]
3-Hydroxy-2p-methoxyflavone,,COc1ccccc1-c1oc2ccccc2c(=O)c1O,COc1ccccc1-c1oc2ccccc2c(=O)c1OC1OC(C(=O)O)C(O)C(O)C1O,MetXBioDB,[0 0 0 ... 0 0 0]
Licofelone M4,,CC1(C)Cc2c(-c3ccc(O)cc3)c(-c3ccc(Cl)cc3)c(CC(=O)O)n2C1,CC1(C)Cc2c(-c3ccc(O)cc3)c(-c3ccc(Cl)cc3)c(CC(=O)OC3OC(C(=O)O)C(O)C(O)C3O)n2C1,MetXBioDB,[0 0 0 ... 0 0 0]
Chrysoeriol,,COc1cc(-c2cc(=O)c3c(O)cc(O)cc3o2)ccc1O,COc1cc(-c2cc(=O)c3c(O)cc(OC4OC(C(=O)O)C(O)C(O)C4O)cc3o2)ccc1O,MetXBioDB,[0 0 0 ... 0 0 0]
S-MTPPA,,Cc1ccsc1-c1ccc(C(C)(C)C(=O)O)cc1,Cc1ccsc1-c1ccc(C(C)(C)C(=O)OC2OC(C(=O)O)C(O)C(O)C2O)cc1,MetXBioDB,[0 0 0 ... 0 0 0]
"8-OH-2,3,7-TriCDD",,Oc1cc2c(cc1Cl)Oc1cc(Cl)c(Cl)cc1O2,O=C(O)C1OC(Oc2cc3c(cc2Cl)Oc2cc(Cl)c(Cl)cc2O3)C(O)C(O)C1O,MetXBioDB,[0 0 0 ... 0 0 0]
Oxazepam,,OC1=Nc2ccc(Cl)cc2C(c2ccccc2)=NC1O,O=C(O)C1OC(OC2N=C(c3ccccc3)c3cc(Cl)ccc3N=C2O)C(O)C(O)C1O,MetXBioDB,[0 0 0 ... 0 0 0]
3p-OH-hexobarbital,,CN1C(=O)N=C(O)C(C)(C2=CC(O)CCC2)C1=O,CN1C(=O)N=C(O)C(C)(C2=CC(OC3OC(C(=O)O)C(O)C(O)C3O)CCC2)C1=O,MetXBioDB,[0 0 0 ... 0 0 0]
p-Hydroxyphenobarbital,,CCC1(c2ccc(O)cc2)C(O)=NC(=O)N=C1O,CCC1(c2ccc(OC3OC(C(=O)O)C(O)C(O)C3O)cc2)C(O)=NC(=O)N=C1O,MetXBioDB,[0 0 0 ... 0 0 0]
4-n-Propylphenol,,CCCc1ccc(O)cc1,CCCc1ccc(OC2OC(C(=O)O)C(O)C(O)C2O)cc1,MetXBioDB,[0 0 0 ... 0 0 0]
Butyl-4-hydroxybenzoate,,CCCCOC(=O)c1ccc(O)cc1,CCCCOC(=O)c1ccc(OC2OC(C(=O)O)C(O)C(O)C2O)cc1,MetXBioDB,[0 0 0 ... 0 0 0]
Quercetin,,O=c1c(O)c(-c2ccc(O)c(O)c2)oc2cc(O)cc(O)c12,O=C(O)C1OC(Oc2c(-c3ccc(O)c(O)c3)oc3cc(O)cc(O)c3c2=O)C(O)C(O)C1O,MetXBioDB,[0 0 0 ... 0 0 0]
Propranolol,,CC(C)NCC(O)COc1cccc2ccccc12,CC(C)NCC(COc1cccc2ccccc12)OC1OC(C(=O)O)C(O)C(O)C1O,Both,[0 1 0 ... 0 0 0]
"3,7-Dihydroxy-3p,4p-dimethoxyflavone",,COc1ccc(-c2oc3cc(O)ccc3c(=O)c2O)cc1OC,COc1ccc(-c2oc3cc(OC4OC(C(=O)O)C(O)C(O)C4O)ccc3c(=O)c2O)cc1OC,MetXBioDB,[0 0 0 ... 0 0 0]
"3,7-Dihydroxy-3p,4p-dimethoxyflavone",,COc1ccc(-c2oc3cc(O)ccc3c(=O)c2O)cc1OC,COc1ccc(-c2oc3cc(O)ccc3c(=O)c2OC2OC(C(=O)O)C(O)C(O)C2O)cc1OC,MetXBioDB,[0 0 0 ... 0 0 0]
Equol,,Oc1ccc(C2COc3cc(O)ccc3C2)cc1,O=C(O)C1OC(Oc2ccc3c(c2)OCC(c2ccc(O)cc2)C3)C(O)C(O)C1O,MetXBioDB,[0 0 0 ... 0 0 0]
4-Hydroxybenzophenone,,O=C(c1ccccc1)c1ccc(O)cc1,O=C(c1ccccc1)c1ccc(OC2OC(C(=O)O)C(O)C(O)C2O)cc1,MetXBioDB,[0 0 0 ... 0 0 0]
4p-Hydroxyfenoprofen,,CC(C(=O)O)c1cccc(Oc2ccc(O)cc2)c1,CC(C(=O)O)c1cccc(Oc2ccc(OC3C(O)C(O)OC(C(=O)O)C3O)cc2)c1,MetXBioDB,[0 1 0 ... 0 0 0]
"4p,5-diOH-diclofenac",,O=C(O)Cc1cc(O)ccc1Nc1c(Cl)cc(O)cc1Cl,O=C(O)Cc1cc(O)ccc1Nc1c(Cl)cc(OC2OC(C(=O)O)C(O)C(O)C2O)cc1Cl,MetXBioDB,[0 0 0 ... 0 0 0]
15-Hydroxypatchoulol,,CC1(C)C2CCC3(C)C(C2)C(CO)CCC13O,CC1(C)C2CCC3(C)C(C2)C(COC2OC(C(=O)O)C(O)C(O)C2O)CCC13O,MetXBioDB,[0 0 0 ... 0 0 0]
Seratrodast,,CC1=C(C)C(=O)C(C(CCCCCC(=O)O)c2ccccc2)=C(C)C1=O,CC1=C(C)C(=O)C(C(CCCCCC(=O)OC2OC(C(=O)O)C(O)C(O)C2O)c2ccccc2)=C(C)C1=O,MetXBioDB,[0 1 0 ... 0 0 0]
Isorhamnetin,,COc1cc(-c2oc3cc(O)cc(O)c3c(=O)c2O)ccc1O,COc1cc(-c2oc3cc(O)cc(O)c3c(=O)c2OC2OC(C(=O)O)C(O)C(O)C2O)ccc1O,MetXBioDB,[0 0 0 ... 0 0 0]
3-Hydroxy-7-methoxyflavone,,COc1ccc2c(=O)c(O)c(-c3ccccc3)oc2c1,COc1ccc2c(=O)c(OC3OC(C(=O)O)C(O)C(O)C3O)c(-c3ccccc3)oc2c1,MetXBioDB,[0 0 0 ... 0 0 0]
Thienorphine,,COC12CCC3(CC1C(C)(O)CCc1cccs1)C1Cc4ccc(O)c5c4C3(CCN1CC1CC1)C2O5,COC12CCC3(CC1C(C)(O)CCc1cccs1)C1Cc4ccc(OC5OC(C(=O)O)C(O)C(O)C5O)c5c4C3(CCN1CC1CC1)C2O5,MetXBioDB,[0 0 0 ... 1 0 0]
Mexiletine alcohol,,Cc1cccc(C)c1OCC(C)O,Cc1cccc(C)c1OCC(C)OC1OC(C(=O)O)C(O)C(O)C1O,MetXBioDB,[0 1 0 ... 0 0 0]
Luteolin,,O=c1cc(-c2ccc(O)c(O)c2)oc2cc(O)cc(O)c12,O=C(O)C1OC(Oc2cc(O)c3c(=O)cc(-c4ccc(O)c(O)c4)oc3c2)C(O)C(O)C1O,MetXBioDB,[0 0 0 ... 0 0 0]
Luteolin,,O=c1cc(-c2ccc(O)c(O)c2)oc2cc(O)cc(O)c12,O=C(O)C1OC(Oc2cc(-c3cc(=O)c4c(O)cc(O)cc4o3)ccc2O)C(O)C(O)C1O,MetXBioDB,[0 0 0 ... 0 0 0]
4-OH-S-flurbiprofen,,CC(C(=O)O)c1ccc(-c2ccc(O)cc2)c(F)c1,CC(C(=O)O)c1ccc(-c2ccc(OC3OC(C(=O)O)C(O)C(O)C3O)cc2)c(F)c1,MetXBioDB,[0 1 0 ... 0 0 0]
3-Hydroxy-6-methoxyflavone,,COc1ccc2oc(-c3ccccc3)c(O)c(=O)c2c1,COc1ccc2oc(-c3ccccc3)c(OC3OC(C(=O)O)C(O)C(O)C3O)c(=O)c2c1,MetXBioDB,[0 0 0 ... 0 0 0]
"7,2p-Dihydroxyflavone",,O=c1cc(-c2ccccc2O)oc2cc(O)ccc12,O=C(O)C1OC(Oc2ccc3c(=O)cc(-c4ccccc4O)oc3c2)C(O)C(O)C1O,MetXBioDB,[0 0 0 ... 0 0 0]
4-Hydroxyphenytoin,,OC1=NC(c2ccccc2)(c2ccc(O)cc2)C(O)=N1,O=C(O)C1OC(Oc2ccc(C3(c4ccccc4)N=C(O)N=C3O)cc2)C(O)C(O)C1O,MetXBioDB,[0 0 0 ... 0 0 0]
Candesartan,,CCOc1nc2cccc(C(=O)O)c2n1Cc1ccc(-c2ccccc2-c2nn[nH]n2)cc1,CCOc1nc2cccc(C(=O)OC3OC(C(=O)O)C(O)C(O)C3O)c2n1Cc1ccc(-c2ccccc2-c2nn[nH]n2)cc1,MetXBioDB,[0 0 0 ... 0 0 0]
Candesartan,,CCOc1nc2cccc(C(=O)O)c2n1Cc1ccc(-c2ccccc2-c2nn[nH]n2)cc1,CCOc1nc2cccc(C(=O)O)c2n1Cc1ccc(-c2ccccc2-c2nnn(C3OC(C(=O)O)C(O)C(O)C3O)n2)cc1,MetXBioDB,[1 0 0 ... 0 0 0]
Formononetin,,COc1ccc(-c2coc3cc(O)ccc3c2=O)cc1,COc1ccc(-c2coc3cc(OC4OC(C(=O)O)C(O)C(O)C4O)ccc3c2=O)cc1,MetXBioDB,[0 0 0 ... 0 0 0]
Haloperidol,,O=C(CCCN1CCC(O)(c2ccc(Cl)cc2)CC1)c1ccc(F)cc1,O=C(CCCN1CCC(OC2OC(C(=O)O)C(O)C(O)C2O)(c2ccc(Cl)cc2)CC1)c1ccc(F)cc1,Both,[0 0 0 ... 1 0 0]
"benzo[a]pyrene-7,8-diol",,Oc1ccc2c(cc3ccc4cccc5ccc2c3c45)c1O,O=C(O)C1OC(Oc2c(O)ccc3c2cc2ccc4cccc5ccc3c2c45)C(O)C(O)C1O,MetXBioDB,[0 0 0 ... 0 0 0]
(R)-(-)-Ibuprofen,,CC(C)Cc1ccc(C(C)C(=O)O)cc1,CC(C)Cc1ccc(C(C)C(=O)OC2OC(C(=O)O)C(O)C(O)C2O)cc1,Both,[0 1 0 ... 0 0 0]
6-Hydroxymethyletoricoxib,,CS(=O)(=O)c1ccc(-c2cc(Cl)cnc2-c2ccc(CO)nc2)cc1,CS(=O)(=O)c1ccc(-c2cc(Cl)cnc2-c2ccc(COC3OC(C(=O)O)C(O)C(O)C3O)nc2)cc1,Both,[0 0 0 ... 0 0 0]
"N-hydroxy-2-amino-3,8-dimethylimidazo[4,5-f]quinoxaline",,Cc1cnc2ccc3c(nc(NO)n3C)c2n1,Cc1cnc2ccc3c(nc(NOC4OC(C(=O)O)C(O)C(O)C4O)n3C)c2n1,MetXBioDB,[0 0 0 ... 0 0 0]
Gemfibrozil,,Cc1ccc(C)c(OCCCC(C)(C)C(=O)O)c1,Cc1ccc(C)c(OCCCC(C)(C)C(=O)OC2OC(C(=O)O)C(O)C(O)C2O)c1,Both,[0 0 0 ... 0 0 0]
4-Isopropylphenol,,CC(C)c1ccc(O)cc1,CC(C)c1ccc(OC2OC(C(=O)O)C(O)C(O)C2O)cc1,MetXBioDB,[0 1 0 ... 0 0 0]
Troglitazone,,Cc1c(C)c2c(c(C)c1O)CCC(C)(COc1ccc(CC3SC(=O)N=C3O)cc1)O2,Cc1c(C)c2c(c(C)c1OC1OC(C(=O)O)C(O)C(O)C1O)CCC(C)(COc1ccc(CC3SC(=O)N=C3O)cc1)O2,MetXBioDB,[0 0 0 ... 0 0 0]
"3,6-Dihydroxyfavone",,O=c1c(O)c(-c2ccccc2)oc2ccc(O)cc12,O=C(O)C1OC(Oc2c(-c3ccccc3)oc3ccc(O)cc3c2=O)C(O)C(O)C1O,MetXBioDB,[0 0 0 ... 0 0 0]
4-Oxo-9-cis-retinoic acid,,CC(C=CC1=C(C)CCC(=O)C1(C)C)=CC=CC(C)=CC(=O)O,CC(C=CC1=C(C)CCC(=O)C1(C)C)=CC=CC(C)=CC(=O)OC1OC(C(=O)O)C(O)C(O)C1O,MetXBioDB,[0 0 0 ... 0 0 0]
Tetrahydrocurcumin,,COc1cc(CCC(=O)C=C(O)CCc2ccc(O)c(OC)c2)ccc1O,COc1cc(CCC(O)=CC(=O)CCc2ccc(OC3OC(C(=O)O)C(O)C(O)C3O)c(OC)c2)ccc1O,MetXBioDB,[0 0 0 ... 0 0 0]
7-Hydroxy-3p-methoxyflavone,,COc1c(-c2ccccc2)oc2cc(O)ccc2c1=O,COc1c(-c2ccccc2)oc2cc(OC3OC(C(=O)O)C(O)C(O)C3O)ccc2c1=O,MetXBioDB,[0 0 0 ... 0 0 0]
"3-Hydroxy-5,7-dimethoxyflavone",,COc1cc(OC)c2c(=O)c(O)c(-c3ccccc3)oc2c1,COc1cc(OC)c2c(=O)c(OC3OC(C(=O)O)C(O)C(O)C3O)c(-c3ccccc3)oc2c1,MetXBioDB,[0 0 0 ... 0 0 0]
Psilocin,,CN(C)CCc1c[nH]c2cccc(O)c12,CN(C)CCc1c[nH]c2cccc(OC3OC(C(=O)O)C(O)C(O)C3O)c12,MetXBioDB,[0 0 0 ... 0 0 0]
Apigenin,,O=c1cc(-c2ccc(O)cc2)oc2cc(O)cc(O)c12,O=C(O)C1OC(Oc2cc(O)c3c(=O)cc(-c4ccc(O)cc4)oc3c2)C(O)C(O)C1O,MetXBioDB,[0 0 0 ... 0 0 0]
4-sec-Butylphenol,,CCC(C)c1ccc(O)cc1,CCC(C)c1ccc(OC2OC(C(=O)O)C(O)C(O)C2O)cc1,MetXBioDB,[0 1 0 ... 0 0 0]
Isoferulic Acid,,COc1ccc(C=CC(=O)O)cc1O,COc1ccc(C=CC(=O)O)cc1OC1OC(C(=O)O)C(O)C(O)C1O,MetXBioDB,[0 0 0 ... 0 0 0]
DMXAA,,Cc1ccc2c(=O)c3cccc(CC(=O)O)c3oc2c1C,Cc1ccc2c(=O)c3cccc(CC(=O)OC4OC(C(=O)O)C(O)C(O)C4O)c3oc2c1C,MetXBioDB,[0 0 0 ... 0 0 0]
"3,7-Dihydroxy-3p,4p,5p-trimethoxyflavone",,COc1cc(-c2oc3cc(O)ccc3c(=O)c2O)cc(OC)c1OC,COc1cc(-c2oc3cc(OC4OC(C(=O)O)C(O)C(O)C4O)ccc3c(=O)c2O)cc(OC)c1OC,MetXBioDB,[0 0 0 ... 0 0 0]
"3,7-Dihydroxy-3p,4p,5p-trimethoxyflavone",,COc1cc(-c2oc3cc(O)ccc3c(=O)c2O)cc(OC)c1OC,COc1cc(-c2oc3cc(O)ccc3c(=O)c2OC2OC(C(=O)O)C(O)C(O)C2O)cc(OC)c1OC,MetXBioDB,[0 0 0 ... 0 0 0]
Erlotinib M14,,C#Cc1cccc(Nc2ncnc3cc(OCCO)c(OCCOC)cc23)c1,C#Cc1cccc(Nc2ncnc3cc(OCCOC4OC(C(=O)O)C(O)C(O)C4O)c(OCCOC)cc23)c1,MetXBioDB,[0 0 0 ... 0 0 0]
Phenylephrine,,CNCC(O)c1cccc(O)c1,CNCC(O)c1cccc(OC2OC(C(=O)O)C(O)C(O)C2O)c1,MetXBioDB,[0 1 0 ... 0 0 0]
4-tert-Butylphenol,,CC(C)(C)c1ccc(O)cc1,CC(C)(C)c1ccc(OC2OC(C(=O)O)C(O)C(O)C2O)cc1,MetXBioDB,[0 0 0 ... 0 0 0]
Melatonin,,COc1ccc2[nH]cc(CCNC(C)=O)c2c1,COc1ccc2c(c1)c(CCNC(C)=O)cn2C1OC(C(=O)O)C(O)C(O)C1O,MetXBioDB,[0 0 0 ... 0 0 0]
Propyl-4-hydroxybenzoate,,CCCOC(=O)c1ccc(O)cc1,CCCOC(=O)c1ccc(OC2OC(C(=O)O)C(O)C(O)C2O)cc1,MetXBioDB,[0 0 0 ... 0 0 0]
Cholecalciferol,"(23S)-23,25-dihdroxy-24-oxovitamine D3 23-(beta-glucuronide)",C=C1CCC(O)CC1=CC=C1CCCC2(C)C1CCC2C(C)CCCC(C)C,C=C1CCC(O)CC1=CC=C1CCCC2(C)C1CCC2C(C)CC(OC1OC(C(=O)O)C(O)C(O)C1O)C(=O)C(C)(C)O,DrugBank,[0 1 0 ... 0 0 1]
Pravastatin,pravastatin glucuronide,CCC(C)C(=O)OC1CC(O)C=C2C=CC(C)C(CCC(O)CC(O)CC(=O)O)C21,CCC(C)C(=O)OC1CC(OC2OC(C(=O)O)C(O)C(O)C2O)C=C2C=CC(C)C(CCC(O)CC(O)CC(=O)O)C21,DrugBank,[0 1 0 ... 0 0 0]
Lorazepam,Lorazepam glucuronide,O=C1Nc2ccc(Cl)cc2C(c2ccccc2Cl)=NC1O,O=C(O)C1OC(OC2N=C(c3ccccc3Cl)c3cc(Cl)ccc3N=C2O)C(O)C(O)C1O,DrugBank,[0 0 0 ... 0 0 0]
Fluconazole,"O-Glucuronidated metabolite, Fluconazole",OC(Cn1cncn1)(Cn1cncn1)c1ccc(F)cc1F,O=C(O)C1OC(OC(Cn2cncn2)(Cn2cncn2)c2ccc(F)cc2F)C(O)C(O)C1O,DrugBank,[1 0 0 ... 0 0 0]
Temazepam,Oxazepam glucuronide,CN1C(=O)C(O)N=C(c2ccccc2)c2cc(Cl)ccc21,O=C(O)C1OC(OC2N=C(c3ccccc3)c3cc(Cl)ccc3N=C2O)C(O)C(O)C1O,DrugBank,[0 0 0 ... 0 0 0]
Desvenlafaxine,O-Desmethylvenlafaxine glucuronide,CN(C)CC(c1ccc(O)cc1)C1(O)CCCCC1,NCC(c1ccc(OC2OC(C(=O)O)C(O)C(O)C2O)cc1)C1(O)CCCCC1,DrugBank,[0 1 1 ... 0 0 0]
Atenolol,Atenolol-glucuronide conjugate,CC(C)NCC(O)COc1ccc(CC(N)=O)cc1,CC(C)NCC(COc1ccc(CC(N)=O)cc1)OC1OC(C(=O)O)C(O)C(O)C1O,DrugBank,[0 1 0 ... 0 0 0]
Treprostinil,Treprostinil metabolite HU5,CCCCCC(O)CCC1C(O)CC2Cc3c(cccc3OCC(=O)O)CC21,CCCCCC(O)CCC1C(O)CC2Cc3c(cccc3OCC(=O)OC3OC(C(=O)O)C(O)C(O)C3O)CC21,DrugBank,[0 1 0 ... 0 0 0]
Ketorolac,rac Ketorolac Glucuronide,O=C(c1ccccc1)c1ccc2n1CCC2C(=O)O,O=C(c1ccccc1)c1ccc2n1CCC2C(=O)OC1OC(C(=O)O)C(O)C(O)C1O,DrugBank,[0 0 0 ... 0 0 0]
Montelukast,Montelukast metabolite M1,CC(C)(O)c1ccccc1CCC(SCC1(CC(=O)O)CC1)c1cccc(C=Cc2ccc3ccc(Cl)cc3n2)c1,CC(C)(O)c1ccccc1CCC(SCC1(CC(=O)OC2OC(C(=O)O)C(O)C(O)C2O)CC1)c1cccc(C=Cc2ccc3ccc(Cl)cc3n2)c1,DrugBank,[0 1 0 ... 0 0 0]
Zidovudine,3'-azido-3'-deoxy-5'- O-beta-D-glucopyranuronosylthymidine,Cc1cn(C2CC(N=[N+]=[N-])C(CO)O2)c(=O)[nH]c1=O,Cc1cn(C2CC(N=[N+]=[N-])C(COC3OC(C(=O)O)C(O)C(O)C3O)O2)c(=O)nc1O,DrugBank,[0 0 0 ... 0 0 0]
Nitazoxanide,Tizoxanide glucuronide,CC(=O)Oc1ccccc1C(=O)Nc1ncc([N+](=O)[O-])s1,O=C(Nc1ncc([N+](=O)[O-])s1)c1ccccc1OC1OC(C(=O)O)C(O)C(O)C1O,DrugBank,[0 0 0 ... 0 0 0]
Dextrorphan,Dextrorphan O-glucuronide,CN1CCC23CCCCC2C1Cc1ccc(O)cc13,CN1CCC23CCCCC2C1Cc1ccc(OC2OC(C(=O)O)C(O)C(O)C2O)cc13,DrugBank,[0 0 0 ... 0 0 0]
Fenoprofen,Fenoprofen glucuronide,CC(C(=O)O)c1cccc(Oc2ccccc2)c1,CC(C(=O)OC1OC(C(=O)O)C(O)C(O)C1O)c1cccc(Oc2ccccc2)c1,DrugBank,[0 1 0 ... 0 0 0]
Fenoprofen,4'-hydroxyfenoprofen glucuronide,CC(C(=O)O)c1cccc(Oc2ccccc2)c1,CC(C(=O)O)c1cccc(Oc2ccc(OC3C(O)C(O)OC(C(=O)O)C3O)cc2)c1,DrugBank,[0 1 0 ... 0 0 0]
Labetalol,Labetalol Benzyl Glucuronide Metabolite (II),CC(CCc1ccccc1)NCC(O)c1ccc(O)c(C(N)=O)c1,CC(CCc1ccccc1)NCC(OC1OC(C(=O)O)C(O)C(O)C1O)c1ccc(O)c(C(N)=O)c1,DrugBank,[0 1 0 ... 0 0 0]
Labetalol,Labetalol Phenolic Glucuronide Metabolite (III),CC(CCc1ccccc1)NCC(O)c1ccc(O)c(C(N)=O)c1,CC(CCc1ccccc1)NCC(O)c1ccc(OC2OC(C(=O)O)C(O)C(O)C2O)c(C(N)=O)c1,DrugBank,[0 1 0 ... 0 0 0]
Testosterone,5-alpha-Dihydrotestosterone glucuronide,CC12CCC(=O)C=C1CCC1C2CCC2(C)C(O)CCC12,CC12CCC(=O)CC1CCC1C2CCC2(C)C(OC3OC(C(=O)O)C(O)C(O)C3O)CCC12,DrugBank,[0 0 0 ... 0 0 0]
Epinephrine,Epinephrine glucuronide,CNCC(O)c1ccc(O)c(O)c1,CNCC(O)c1ccc(OC2OC(C(=O)O)C(O)C(O)C2O)c(O)c1,DrugBank,[0 1 0 ... 0 0 0]
Mycophenolate mofetil,Mycophenolic acid glucuronide,COc1c(C)c2c(c(O)c1CC=C(C)CCC(=O)OCCN1CCOCC1)C(=O)OC2,COc1c(C)c2c(c(OC3OC(C(=O)O)C(O)C(O)C3O)c1CC=C(C)CCC(=O)O)C(=O)OC2,DrugBank,[0 0 0 ... 0 0 0]
Apomorphine,Apomorphine 10-glucuronide,CN1CCc2cccc3c2C1Cc1ccc(O)c(O)c1-3,CN1CCc2cccc3c2C1Cc1ccc(OC2OC(C(=O)O)C(O)C(O)C2O)c(O)c1-3,DrugBank,[0 0 0 ... 0 0 0]
Apomorphine,Apomorphine 11-glucuronide,CN1CCc2cccc3c2C1Cc1ccc(O)c(O)c1-3,CN1CCc2cccc3c2C1Cc1ccc(O)c(OC2OC(C(=O)O)C(O)C(O)C2O)c1-3,DrugBank,[0 0 0 ... 0 0 0]
Hydrocortisone,Tetrahydrocortisol Glucuronide 1,CC12CCC(=O)C=C1CCC1C2C(O)CC2(C)C1CCC2(O)C(=O)CO,CC12CCC(O)CC1CCC1C2C(O)CC2(C)C1CCC2(O)C(=O)COC1OC(C(=O)O)C(O)C(O)C1O,DrugBank,[0 0 0 ... 0 0 0]
Hydrocortisone,Tetrahydrocortisol Glucuronide 2,CC12CCC(=O)C=C1CCC1C2C(O)CC2(C)C1CCC2(O)C(=O)CO,CC12CCC(OC3OC(C(=O)O)C(O)C(O)C3O)C=C1CCC1C2C(O)CC2(C)C1CCC2(O)C(=O)CO,DrugBank,[0 0 0 ... 0 0 0]
Hydrocortisone,Tetrahydrocortisone Glucuronide 1,CC12CCC(=O)C=C1CCC1C2C(O)CC2(C)C1CCC2(O)C(=O)CO,CC12CCC(O)CC1CCC1C2C(=O)CC2(C)C1CCC2(O)C(=O)COC1OC(C(=O)O)C(O)C(O)C1O,DrugBank,[0 0 0 ... 0 0 0]
Hydrocortisone,Tetrahydrocortisone Glucuronide 2,CC12CCC(=O)C=C1CCC1C2C(O)CC2(C)C1CCC2(O)C(=O)CO,CC12CCC(OC3OC(C(=O)O)C(O)C(O)C3O)CC1CCC1C2C(=O)CC2(C)C1CCC2(O)C(=O)CO,DrugBank,[0 0 0 ... 0 0 0]
Etoposide,Etoposide glucuronide,COc1cc(C2c3cc4c(cc3C(OC3OC5COC(C)OC5C(O)C3O)C3COC(=O)C23)OCO4)cc(OC)c1O,COc1cc(C2c3cc4c(cc3C(OC3OC5COC(C)OC5C(O)C3O)C3COC(=O)C23)OCO4)cc(OC)c1OC1OC(C(=O)O)C(O)C(O)C1O,DrugBank,[0 0 0 ... 0 0 0]
Oxcarbazepine,Oxcarbazepine glucuronide metabolite,NC(=O)N1c2ccccc2CC(=O)c2ccccc21,NC(=O)N1c2ccccc2C=C(OC2OC(C(=O)O)C(O)C(O)C2O)c2ccccc21,DrugBank,[0 0 0 ... 0 0 0]
Estradiol,2-methoxy-17beta-estradiol 3-O-(beta-D-glucuronide),CC12CCC3c4ccc(O)cc4CCC3C1CCC2O,COc1cc2c(cc1OC1OC(C(=O)O)C(O)C(O)C1O)CCC1C2CCC2(C)C(O)CCC12,DrugBank,[0 0 0 ... 0 0 0]
Estradiol,17-beta-estradiol 3-sulfate-17-(beta-D-glucuronide),CC12CCC3c4ccc(O)cc4CCC3C1CCC2O,CC12CCC3c4ccc(OS(=O)(=O)O)cc4CCC3C1CCC2OC1OC(C(=O)O)C(O)C(O)C1O,DrugBank,[0 0 0 ... 0 0 0]
Perindopril,Perindopril Acyl-beta-D-glucuronide,CCCC(NC(C)C(=O)N1C(C(=O)O)CC2CCCCC21)C(=O)OCC,CCCC(NC(C)C(=O)N1C(C(=O)OC2OC(C(=O)O)C(O)C(O)C2O)CC2CCCCC21)C(=O)OCC,DrugBank,[0 1 0 ... 0 0 0]
Candesartan,Candesartan N2-glucuronide,CCOc1nc2cccc(C(=O)O)c2n1Cc1ccc(-c2ccccc2-c2nnn[nH]2)cc1,CCOc1nc2cccc(C(=O)O)c2n1Cc1ccc(-c2ccccc2-c2nnnn2C2OC(C(=O)O)C(O)C(O)C2O)cc1,DrugBank,[0 0 0 ... 0 0 0]
Candesartan,Candesartan O-glucuronide,CCOc1nc2cccc(C(=O)O)c2n1Cc1ccc(-c2ccccc2-c2nnn[nH]2)cc1,CCOc1nc2cccc(C(=O)OC3OC(C(=O)O)C(O)C(O)C3O)c2n1Cc1ccc(-c2ccccc2-c2nn[nH]n2)cc1,DrugBank,[0 0 0 ... 0 0 0]
Nordazepam,Nordiazepam O-glucuronide,O=C1CN=C(c2ccccc2)c2cc(Cl)ccc2N1,O=C(O)C1OC(OC2CN=C(c3ccccc3)c3cc(Cl)ccc3N2)C(O)C(O)C1O,DrugBank,[0 0 0 ... 0 0 0]
Oxazepam,Oxazepam glucuronide,O=C1Nc2ccc(Cl)cc2C(c2ccccc2)=NC1O,O=C(O)C1OC(OC2N=C(c3ccccc3)c3cc(Cl)ccc3N=C2O)C(O)C(O)C1O,DrugBank,[0 0 0 ... 0 0 0]
Acetylsalicylic acid,Phenolic glucuronide,CC(=O)Oc1ccccc1C(=O)O,O=C(O)C1OC(Oc2ccccc2)C(O)C(O)C1O,DrugBank,[0 0 0 ... 0 0 0]
Norgestrel,Norgestrel Glucuronide Metabolite (Met9),C#CC1(O)CCC2C3CCC4=CC(=O)CCC4C3CCC21CC,C#CC1(OC2OC(C(=O)O)C(O)C(O)C2O)CCC2C3CCC4=CC(=O)CCC4C3CCC21CC,DrugBank,[0 0 0 ... 0 0 0]
Pindolol,Pindolol Glucuronide,CC(C)NCC(O)COc1cccc2[nH]ccc12,CC(C)NCC(COc1cccc2[nH]ccc12)OC1OC(C(=O)O)C(O)C(O)C1O,DrugBank,[0 1 1 ... 0 0 0]
Ezetimibe,SCH 488128,O=C1C(CCC(O)c2ccc(F)cc2)C(c2ccc(O)cc2)N1c1ccc(F)cc1,O=C(O)C1OC(OC(CCC2C(=O)N(c3ccc(F)cc3)C2c2ccc(O)cc2)c2ccc(F)cc2)C(O)C(O)C1O,DrugBank,[0 1 0 ... 0 0 0]
Ethinylestradiol,Ethinylestradiol-glucuronide,C#CC1(O)CCC2C3CCc4cc(O)ccc4C3CCC21C,C#CC1(O)CCC2C3CCc4cc(OC5OC(C(=O)O)C(O)C(O)C5O)ccc4C3CCC21C,DrugBank,[0 0 0 ... 0 0 0]
Formoterol,Formoterol glucuronide 1,COc1ccc(CC(C)NCC(O)c2ccc(O)c(NC=O)c2)cc1,COc1ccc(CC(C)NCC(O)c2ccc(OC3OC(C(=O)O)C(O)C(O)C3O)c(NC=O)c2)cc1,DrugBank,[0 1 0 ... 0 0 0]
Formoterol,Formoterol glucuronide 2,COc1ccc(CC(C)NCC(O)c2ccc(O)c(NC=O)c2)cc1,COc1ccc(CC(C)NCC(OC2OC(C(=O)O)C(O)C(O)C2O)c2ccc(O)c(NC=O)c2)cc1,DrugBank,[0 1 0 ... 0 0 0]
Sulfamethoxazole,Sulfamethoxazole N-glucuronide,Cc1cc(NS(=O)(=O)c2ccc(N)cc2)no1,Cc1cc(NS(=O)(=O)c2ccc(NOC3OC(C(=O)O)C(O)C(O)C3O)cc2)no1,DrugBank,[0 0 0 ... 0 0 0]
Isosorbide mononitrate,Isosorbide mononitrate 2-glucuronide,O=[N+]([O-])OC1COC2C(O)COC12,O=C(O)C1OC(OC2COC3C(O[N+](=O)[O-])COC23)C(O)C(O)C1O,DrugBank,[0 0 0 ... 0 0 0]
Mycophenolic acid,Mycophenolic acid-acyl glucuronide,COc1c(C)c2c(c(O)c1CC=C(C)CCC(=O)O)C(=O)OC2,COc1c(C)c2c(c(O)c1CC=C(C)CCC(=O)OC1OC(C(=O)O)C(O)C(O)C1O)C(=O)OC2,DrugBank,[0 0 0 ... 0 0 0]
Fenofibric acid,Fenofibryl Glucuronide,CC(C)(Oc1ccc(C(=O)c2ccc(Cl)cc2)cc1)C(=O)O,CC(C)(Oc1ccc(C(=O)c2ccc(Cl)cc2)cc1)C(=O)OC1OC(C(=O)O)C(O)C(O)C1O,DrugBank,[0 0 0 ... 0 0 0]
Thalidomide,Thalidomide-5-O-glucuronide,O=C1CCC(N2C(=O)c3ccccc3C2=O)C(=O)N1,O=C1CCC(N2C(=O)c3ccc(OC4OC(C(=O)O)C(O)C(O)C4O)cc3C2=O)C(=O)N1,DrugBank,[0 0 0 ... 0 0 0]
Amoxicillin,Amoxicillin M7 Metabolite,CC1(C)SC2C(NC(=O)C(N)c3ccc(O)cc3)C(=O)N2C1C(=O)O,CC1(C)SC2C(NC(=O)C(N)c3ccc(OC4OC(C(=O)O)C(O)C(O)C4O)cc3)C(=O)N2C1C(=O)O,DrugBank,[0 1 0 ... 0 0 0]
Naloxone,Naloxone 3-Glucuronide,C=CCN1CCC23c4c5ccc(O)c4OC2C(=O)CCC3(O)C1C5,C=CCN1CCC23c4c5ccc(OC6OC(C(=O)O)C(O)C(O)C6O)c4OC2C(=O)CCC3(O)C1C5,DrugBank,[0 0 0 ... 0 0 0]
Anastrozole,Anastrozole glucuronide metabolite,CC(C)(C#N)c1cc(Cn2cncn2)cc(C(C)(C)C#N)c1,CC(C)(C#N)c1cc(CN2CN(OC3OC(C(=O)O)C(O)C(O)C3O)C=N2)cc(C(C)(C)C#N)c1,DrugBank,[0 0 0 ... 0 0 0]
Dopamine,Dopamine-3-O-glucuronide,NCCc1ccc(O)c(O)c1,NCCc1ccc(O)c(OC2OC(C(=O)O)C(O)C(O)C2O)c1,DrugBank,[0 0 0 ... 0 0 0]
Stanolone,11-Oxo-androsterone glucuronide,CC12CCC3C(CCC4CC(=O)CCC43C)C1CCC2O,CC12CC(=O)C3C(CCC4CC(OC5OC(C(=O)O)C(O)C(O)C5O)CCC43C)C1CCC2=O,DrugBank,[0 0 0 ... 0 0 0]
Stanolone,11-beta-Hydroxyandrosterone-3-glucuronide,CC12CCC3C(CCC4CC(=O)CCC43C)C1CCC2O,CC12CC(O)C3C(CCC4CC(OC5OC(C(=O)O)C(O)C(O)C5O)CCC43C)C1CCC2=O,DrugBank,[0 0 0 ... 0 0 0]
Estriol,Estriol-16-Glucuronide,CC12CCC3c4ccc(O)cc4CCC3C1CC(O)C2O,CC12CCC3c4ccc(O)cc4CCC3C1CC(OC1OC(C(=O)O)C(O)C(O)C1O)C2O,DrugBank,[0 0 0 ... 0 0 0]
Estriol,Estriol-17-glucuronide,CC12CCC3c4ccc(O)cc4CCC3C1CC(O)C2O,CC12CCC3c4ccc(O)cc4CCC3C1CC(O)C2OC1OC(C(=O)O)C(O)C(O)C1O,DrugBank,[0 0 0 ... 0 0 0]
Estriol,Estriol-3-glucuronide,CC12CCC3c4ccc(O)cc4CCC3C1CC(O)C2O,CC12CCC3c4ccc(OC5OC(C(=O)O)C(O)C(O)C5O)cc4CCC3C1CC(O)C2O,DrugBank,[0 0 0 ... 0 0 0]
Estriol,Estriol 3-sulfate 16-glucuronide,CC12CCC3c4ccc(O)cc4CCC3C1CC(O)C2O,CC12CCC3c4ccc(OS(=O)(=O)O)cc4CCC3C1CC(OC1OC(C(=O)O)C(O)C(O)C1O)C2O,DrugBank,[0 0 0 ... 0 0 0]
Aldosterone,Aldosterone 18-glucuronide,CC12CCC(=O)C=C1CCC1C2C(O)CC2(C=O)C(C(=O)CO)CCC12,CC12CCC(=O)C=C1CCC1C2C2CC3(C(OC4OC(C(=O)O)C(O)C(O)C4O)O2)C(C(=O)CO)CCC13,DrugBank,[0 0 0 ... 0 0 0]
Aldosterone,Tetrahydroaldosterone-3-glucuronide,CC12CCC(=O)C=C1CCC1C2C(O)CC2(C=O)C(C(=O)CO)CCC12,CC12CCC(OC3OC(C(=O)O)C(O)C(O)C3O)CC1CCC1C2C2CC3(C(O)O2)C(C(=O)CO)CCC13,DrugBank,[0 0 0 ... 0 0 0]
Roxadustat,Roxadustat O-glucuronide,Cc1nc(C(=O)NCC(=O)O)c(O)c2ccc(Oc3ccccc3)cc12,Cc1nc(C(=O)NCC(=O)OC2OC(C(=O)O)C(O)C(O)C2O)c(O)c2ccc(Oc3ccccc3)cc12,DrugBank,[0 0 0 ... 0 0 0]
Febuxostat,Febuxostat acyl-glucuronide,Cc1nc(-c2ccc(OCC(C)C)c(C#N)c2)sc1C(=O)O,Cc1nc(-c2ccc(OCC(C)C)c(C#N)c2)sc1C(=O)OC1OC(C(=O)O)C(O)C(O)C1O,DrugBank,[0 1 0 ... 0 0 0]
Vildagliptin,Vildagliptin M20.2 metabolite,N#CC1CCCN1C(=O)CNC12CC3CC(CC(O)(C3)C1)C2,N#CC1CCCN1C(=O)CNC12CC3CC(C1)CC(OC1OC(C(=O)O)C(O)C(O)C1O)(C3)C2,DrugBank,[0 0 0 ... 0 0 0]
Dexlansoprazole,5-Glucuronyloxy dexlansoprazole,Cc1c(OCC(F)(F)F)ccnc1C[S+]([O-])c1nc2ccccc2[nH]1,Cc1c(OCC(F)(F)F)ccnc1C[S+]([O-])c1nc2ccc(OC3OC(C(=O)O)C(O)C(O)C3O)cc2[nH]1,DrugBank,[0 0 0 ... 0 0 0]
Tapentadol,Tapentadol glucuronide,CCC(c1cccc(O)c1)C(C)CN(C)C,CCC(c1cccc(OC2OC(C(=O)O)C(O)C(O)C2O)c1)C(C)CN(C)C,DrugBank,[0 1 0 ... 0 0 0]
Silodosin,Silodosin glucuronide,CC(Cc1cc2c(c(C(N)=O)c1)N(CCCO)CC2)NCCOc1ccccc1OCC(F)(F)F,CC(Cc1cc2c(c(C(N)=O)c1)N(CCCOC1OC(C(=O)O)C(O)C(O)C1O)CC2)NCCOc1ccccc1OCC(F)(F)F,DrugBank,[0 1 0 ... 1 0 0]
Nalmefene,Nalmefene 3-O-glucuronide,C=C1CCC2(O)C3Cc4ccc(O)c5c4C2(CCN3CC2CC2)C1O5,C=C1CCC2(O)C3Cc4ccc(OC5OC(C(=O)O)C(O)C(O)C5O)c5c4C2(CCN3CC2CC2)C1O5,DrugBank,[0 0 0 ... 0 0 0]
Dapagliflozin,Dapagliflozin 3-O-glucuronide,CCOc1ccc(Cc2cc(C3OC(CO)C(O)C(O)C3O)ccc2Cl)cc1,CCOc1ccc(Cc2cc(C3OC(CO)C(O)C(OC4OC(C(=O)O)C(O)C(O)C4O)C3O)ccc2Cl)cc1,DrugBank,[0 1 0 ... 0 0 0]
Ambrisentan,Ambrisentan glucuronide,COC(c1ccccc1)(c1ccccc1)C(Oc1nc(C)cc(C)n1)C(=O)O,COC(c1ccccc1)(c1ccccc1)C(Oc1nc(C)cc(C)n1)C(=O)OC1OC(C(=O)O)C(O)C(O)C1O,DrugBank,[0 1 0 ... 0 0 0]
Prucalopride,Prucalopride N-glucuronide,COCCCN1CCC(NC(=O)c2cc(Cl)c(N)c3c2OCC3)CC1,COCCCN1CCC(NC(=O)c2cc(Cl)c(NOC3OC(C(=O)O)C(O)C(O)C3O)c3c2OCC3)CC1,DrugBank,[0 0 0 ... 0 0 0]
Odanacatib,M9 (Odanacatib),CC(C)(F)CC(NC(c1ccc(-c2ccc(S(C)(=O)=O)cc2)cc1)C(F)(F)F)C(=O)NC1(C#N)CC1,CS(=O)(=O)c1ccc(-c2ccc(C(OC3OC(C(=O)O)C(O)C(O)C3O)C(F)(F)F)cc2)cc1,DrugBank,[0 1 0 ... 0 0 0]
Odanacatib,M10 (Odanacatib),CC(C)(F)CC(NC(c1ccc(-c2ccc(S(C)(=O)=O)cc2)cc1)C(F)(F)F)C(=O)NC1(C#N)CC1,CC(C)(F)CC(NC(c1ccc(-c2ccc(S(C)(=O)=O)cc2)cc1)C(F)(F)F)C(=O)OC1OC(C(=O)O)C(O)C(O)C1O,DrugBank,[0 1 0 ... 0 0 0]
Dabigatran,Dabigatran 1-O-acylglucuronide metabolite,Cn1c(CNc2ccc(C(=N)N)cc2)nc2cc(C(=O)N(CCC(=O)O)c3ccccn3)ccc21,Cn1c(CNc2ccc(C(=N)N)cc2)nc2cc(C(=O)N(CCC(=O)OC3OC(C(=O)O)C(O)C(O)C3O)c3ccccn3)ccc21,DrugBank,[0 0 0 ... 0 0 0]
Desvenlafaxine,Desvenlafaxine O-glucuronide,CN(C)CC(c1ccc(O)cc1)C1(O)CCCCC1,CN(C)CC(c1ccc(OC2OC(C(=O)O)C(O)C(O)C2O)cc1)C1(O)CCCCC1,DrugBank,[0 1 1 ... 0 0 0]
Chloramphenicol,Chloramphenicol Glucuronide,O=C(NC(CO)C(O)c1ccc([N+](=O)[O-])cc1)C(Cl)Cl,O=C(NC(COC1OC(C(=O)O)C(O)C(O)C1O)C(O)c1ccc([N+](=O)[O-])cc1)C(Cl)Cl,DrugBank,[0 1 0 ... 0 0 0]
Pitavastatin,Pitavastatin glucuronide,O=C(O)CC(O)CC(O)C=Cc1c(C2CC2)nc2ccccc2c1-c1ccc(F)cc1,O=C(CC(O)CC(O)C=Cc1c(C2CC2)nc2ccccc2c1-c1ccc(F)cc1)OC1OC(C(=O)O)C(O)C(O)C1O,DrugBank,[0 1 0 ... 0 0 0]
Mirabegron,Mirabegron M15 metabolite,Nc1nc(CC(=O)Nc2ccc(CCNCC(O)c3ccccc3)cc2)cs1,Nc1nc(CC(=O)Nc2ccc(CCN(CC(O)c3ccccc3)OC3OC(C(=O)O)C(O)C(O)C3O)cc2)cs1,DrugBank,[0 1 0 ... 0 0 0]
Mirabegron,Mirabegron O-glucuronide,Nc1nc(CC(=O)Nc2ccc(CCNCC(O)c3ccccc3)cc2)cs1,Nc1nc(CC(=O)Nc2ccc(CCNCC(OC3OC(C(=O)O)C(O)C(O)C3O)c3ccccc3)cc2)cs1,DrugBank,[0 1 0 ... 0 0 0]
Mirabegron,Mirabegron N-carbamoylglucuronide,Nc1nc(CC(=O)Nc2ccc(CCNCC(O)c3ccccc3)cc2)cs1,Nc1nc(CC(=O)Nc2ccc(CCN(CC(O)c3ccccc3)C(=O)OC3OC(C(=O)O)C(O)C(O)C3O)cc2)cs1,DrugBank,[0 1 0 ... 0 0 0]
Mirabegron,Mirabegron M12 metabolite,Nc1nc(CC(=O)Nc2ccc(CCNCC(O)c3ccccc3)cc2)cs1,Nc1nc(CC(=O)Nc2ccc(CCN(CC(=O)c3ccccc3)C(=O)OC3OC(C(=O)O)C(O)C(O)C3O)cc2)cs1,DrugBank,[0 0 0 ... 0 0 0]
Dolutegravir,ether glucuronide dolutegravir (M2),CC1CCOC2Cn3cc(C(=O)NCc4ccc(F)cc4F)c(=O)c(O)c3C(=O)N12,CC1CCOC2Cn3cc(C(=O)NCc4ccc(F)cc4F)c(=O)c(OC4OC(C(=O)O)C(O)C(O)C4O)c3C(=O)N12,DrugBank,[0 0 0 ... 0 0 0]
Empagliflozin,Empagliflozin-3-glucuronide,OCC1OC(c2ccc(Cl)c(Cc3ccc(OC4CCOC4)cc3)c2)C(O)C(O)C1O,O=C(O)C1OC(OC2C(O)C(CO)OC(c3ccc(Cl)c(Cc4ccc(OC5CCOC5)cc4)c3)C2O)C(O)C(O)C1O,DrugBank,[0 1 0 ... 0 0 0]
Empagliflozin,Empagliflozin-6-glucuronide,OCC1OC(c2ccc(Cl)c(Cc3ccc(OC4CCOC4)cc3)c2)C(O)C(O)C1O,O=C(O)C1OC(OCC2OC(c3ccc(Cl)c(Cc4ccc(OC5CCOC5)cc4)c3)C(O)C(O)C2O)C(O)C(O)C1O,DrugBank,[0 0 0 ... 0 0 0]
Viloxazine,Viloxazine N-carbamoyl glucuronide,CCOc1ccccc1OCC1CNCCO1,CCOc1ccccc1OCC1CN(C(=O)OC2OC(C(=O)O)C(O)C(O)C2O)CCO1,DrugBank,[0 0 0 ... 0 0 0]
Opicapone,BIA 9-1106,Cc1c(Cl)c(C)[n+]([O-])c(Cl)c1-c1noc(-c2cc(O)c(O)c([N+](=O)[O-])c2)n1,Cc1c(Cl)c(C)[n+]([O-])c(Cl)c1-c1noc(-c2cc(OC3OC(C(=O)O)C(O)C(O)C3O)c(O)c([N+](=O)[O-])c2)n1,DrugBank,[0 0 0 ... 0 0 0]
Ertugliflozin,Ertugliflozin M4a metabolite,CCOc1ccc(Cc2cc(C34OCC(CO)(O3)C(O)C(O)C4O)ccc2Cl)cc1,CCOc1ccc(Cc2cc(C34OCC(CO)(O3)C(OC3OC(C(=O)O)C(O)C(O)C3O)C(O)C4O)ccc2Cl)cc1,DrugBank,[0 0 0 ... 0 0 0]
Ertugliflozin,Ertugliflozin M4b metabolite,CCOc1ccc(Cc2cc(C34OCC(CO)(O3)C(O)C(O)C4O)ccc2Cl)cc1,CCOc1ccc(Cc2cc(C34OCC(CO)(O3)C(O)C(O)C4OC3OC(C(=O)O)C(O)C(O)C3O)ccc2Cl)cc1,DrugBank,[0 0 0 ... 0 0 0]
Ertugliflozin,Ertugliflozin M4c metabolite,CCOc1ccc(Cc2cc(C34OCC(CO)(O3)C(O)C(O)C4O)ccc2Cl)cc1,CCOc1ccc(Cc2cc(C34OCC(CO)(O3)C(O)C(OC3OC(C(=O)O)C(O)C(O)C3O)C4O)ccc2Cl)cc1,DrugBank,[0 0 0 ... 0 0 0]
Bexagliflozin,EGT0002149,OCC1OC(c2ccc(Cl)c(Cc3ccc(OCCOC4CC4)cc3)c2)C(O)C(O)C1O,O=C(O)C1OC(OC2C(O)C(CO)OC(c3ccc(Cl)c(Cc4ccc(OCCOC5CC5)cc4)c3)C2O)C(O)C(O)C1O,DrugBank,[0 1 0 ... 0 0 0]
Sotagliflozin,Sotagliflozin 3-O-glucuronide (M19),CCOc1ccc(Cc2cc(C3OC(SC)C(O)C(O)C3O)ccc2Cl)cc1,CCOc1ccc(Cc2cc(C3OC(SC)C(OC4OC(C(=O)O)C(O)C(O)C4O)C(O)C3O)ccc2Cl)cc1,DrugBank,[0 0 0 ... 0 0 0]
Trolamine,Glucuronide Conjugate (Trolamine),OCCN(CCO)CCO,O=C(O)C1OC(OCCN(CCO)CCO)C(O)C(O)C1O,DrugBank,[0 0 0 ... 0 0 0]
Lormetazepam,Lormetazepam glucuronide,CN1C(=O)C(O)N=C(c2ccccc2Cl)c2cc(Cl)ccc21,CN1C(=O)C(OC2OC(C(=O)O)C(O)C(O)C2O)N=C(c2ccccc2Cl)c2cc(Cl)ccc21,DrugBank,[0 0 0 ... 0 0 0]
Ferric maltol,Maltol Glucuronide,Cc1occc(=O)c1O,Cc1occc(=O)c1OC1OC(C(=O)O)C(O)C(O)C1O,DrugBank,[0 0 0 ... 0 0 0]
Iptacopan,M8 iptacopan,CCOC1CCN(Cc2c(OC)cc(C)c3[nH]ccc23)C(c2ccc(C(=O)O)cc2)C1,CCOC1CCN(Cc2c(OC)cc(C)c3[nH]ccc23)C(c2ccc(C(=O)OC3OC(C(=O)O)C(O)C(O)C3O)cc2)C1,DrugBank,[0 0 1 ... 0 0 0]
Deucravacitinib,BMT-334616,[H]C([H])([H])NC(=O)c1nnc(NC(=O)C2CC2)cc1Nc1cccc(-c2ncn(C)n2)c1OC,[H]C([H])([H])NC(=O)C1=C(Nc2cccc(-c3ncn(C)n3)c2OC)C=C(NC(=O)C2CC2)N(C2OC(C(=O)O)C(O)C(O)C2O)N1,DrugBank,[0 0 0 ... 0 0 0]
3'(S)-hydroxy-pravastatin-tetranor,3'(S)-hydroxy-pravastatin-tetranor glucuronide,CC(O)C(C)C(=O)OC1CC(O)C=C2C=CC(C)C(CCC(O)O)C21,CC(O)C(C)C(=O)OC1CC(OC2OC(C(=O)O)C(O)C(O)C2O)C=C2C=CC(C)C(CCC(O)O)C21,DrugBank,[0 1 0 ... 0 0 0]
12-Hydroxynevirapine,12-hydroxynevirapine glucuronide,OCc1ccnc2c1N=C(O)c1cccnc1N2C1CC1,Cc1ccnc2c1N=C(OC1OC(C(=O)O)C(O)C(O)C1O)c1cccnc1N2C1CC1O,DrugBank,[0 0 0 ... 0 0 0]
8-Hydroxynevirapine,8-hydroxynevirapine glucuronide,Cc1ccnc2c1N=C(O)c1cc(O)cnc1N2C1CC1,Cc1ccnc2c1NC(=O)c1cc(OC3OC(C(=O)O)C(O)C(O)C3O)cnc1N2C1CC1,DrugBank,[0 0 0 ... 0 0 0]
3-Hydroxynevirapine,3-hydroxynevirapine glucuronide,Cc1c(O)cnc2c1N=C(O)c1cccnc1N2C1CC1,Cc1c(O)cnc2c1N=C(OC1OC(C(=O)O)C(O)C(O)C1O)c1cccnc1N2C1CC1,DrugBank,[0 0 0 ... 0 0 0]
"N,O-Didesmethylvenlafaxine","N,O-didesmethylvenlafaxine glucuronide",CNCC(c1ccc(O)cc1)C1(O)CCCCC1,CNCC(c1ccc(OC2OC(C(=O)O)C(O)C(O)C2O)cc1)C1(O)CCCCC1,DrugBank,[0 1 1 ... 0 0 0]
ortho-Hydroxyrosiglitazone,ortho-O-Glucuronide rosiglitazone,CN(CCOc1ccc(CC2SC(=O)N=C2O)cc1)c1ncccc1O,CN(CCOc1ccc(CC2SC(=O)NC2=O)cc1)c1ncccc1OC1OC(C(=O)O)C(O)C(O)C1O,DrugBank,[0 0 0 ... 0 0 0]
N-Desmethylrosiglitazone,N-Desmethyl glucuronide rosiglitazone,O=C1N=C(O)C(Cc2ccc(OCCNc3ccccn3)cc2)S1,O=C1N=C(O)C(Cc2ccc(OCCNc3ncccc3OC3OC(C(=O)O)C(O)C(O)C3O)cc2)S1,DrugBank,[0 0 0 ... 0 0 0]
para-Hydroxyrosiglitazone,para-O-Glucuronide rosiglitazone,CN(CCOc1ccc(CC2SC(=O)N=C2O)cc1)c1ccc(O)cn1,CN(CCOc1ccc(CC2SC(=O)NC2=O)cc1)c1ccc(OC2OC(C(=O)O)C(O)C(O)C2O)cn1,DrugBank,[0 0 0 ... 0 0 0]
2-hydroxyimipramine,2-hydroxy-imipramine glucuronide,CN(C)CCCN1c2ccccc2CCc2cc(O)ccc21,CN(C)CCCN1c2ccccc2CCc2cc(OC3OC(C(=O)O)C(O)C(O)C3O)ccc21,DrugBank,[0 0 0 ... 0 0 0]
2-hydroxydesipramine,2-hydroxydesipramine glucuronide,CNCCCN1c2ccccc2CCc2cc(O)ccc21,CNCCCN1c2ccccc2CCc2cc(OC3OC(C(=O)O)C(O)C(O)C3O)ccc21,DrugBank,[0 0 0 ... 0 0 0]
4-(6-Methoxy-2-naphthyl)- butan-2-ol,4-(6-Methoxy-2-naphthyl)- butan-2-ol glucuronide,COc1ccc2cc(CCC(C)O)ccc2c1,COc1ccc2cc(CCC(C)OC3OC(C(=O)O)C(O)C(O)C3O)ccc2c1,DrugBank,[0 1 0 ... 0 0 0]
4-(6-Hydroxy-2-naphthyl)- butan-2-one,4-(6-Hydroxy-2-naphthyl)- butan-2-one glucuronide,CC(=O)CCc1ccc2cc(O)ccc2c1,CC(=O)CCc1ccc2cc(OC3OC(C(=O)O)C(O)C(O)C3O)ccc2c1,DrugBank,[0 0 0 ... 0 0 0]
Norfluoxetine,Norfluoxetine glucuronide,NCCC(Oc1ccc(C(F)(F)F)cc1)c1ccccc1,O=C(O)C1OC(ONCCC(Oc2ccc(C(F)(F)F)cc2)c2ccccc2)C(O)C(O)C1O,DrugBank,[0 1 0 ... 0 0 0]
5-Hydroxyrofecoxib,5-Hydroxyrofecoxib O-glucuronide,CS(=O)(=O)c1ccc(C2=C(c3ccccc3)C(=O)OC2O)cc1,CS(=O)(=O)c1ccc(C2=C(c3ccccc3)C(=O)OC2OC2OC(C(=O)O)C(O)C(O)C2O)cc1,DrugBank,[0 0 0 ... 0 0 0]
4-Hydroxyvoriconazole,4-Hydroxyvoriconazole 4-O-glucuronide,OCC(c1ncncc1F)C(O)(Cn1cncn1)c1ccc(F)cc1F,O=C(O)C1OC(OCC(c2ncncc2F)C(O)(Cn2cncn2)c2ccc(F)cc2F)C(O)C(O)C1O,DrugBank,[1 1 0 ... 0 0 0]
Labetalol Hydroxylated Metabolite (IV),Labetalol Phenolic Glucuronide Metabolite (V),CC(CCc1ccc(O)cc1)NCC(O)c1ccc(O)c(C(N)=O)c1,CC(CCc1ccc(OC2OC(C(=O)O)C(O)C(O)C2O)cc1)NCC(O)c1ccc(O)c(C(N)=O)c1,DrugBank,[0 1 0 ... 0 0 0]
Labetalol 3-hydroxylated Metabolite (VI),Labetalol C1' Glucuronidated Metabolite (VII),CC(CCc1ccccc1)NCC(O)c1cc(O)c(O)c(C(N)=O)c1,CC(CCc1ccccc1)NCC(OC1OC(C(=O)O)C(O)C(O)C1O)c1cc(O)c(O)c(C(N)=O)c1,DrugBank,[0 1 0 ... 0 0 0]
Labetalol 3-hydroxylated Metabolite (VI),Labetalol C3 Glucuronidated Metabolite (VIII),CC(CCc1ccccc1)NCC(O)c1cc(O)c(O)c(C(N)=O)c1,CC(CCc1ccccc1)NCC(O)c1cc(OC2OC(C(=O)O)C(O)C(O)C2O)c(O)c(C(N)=O)c1,DrugBank,[0 1 0 ... 0 0 0]
Dihydrotestosterone,5-alpha-Dihydrotestosterone glucuronide,CC12CCC3C(CCC4CC(=O)CCC43C)C1CCC2O,CC12CCC(=O)CC1CCC1C2CCC2(C)C(OC3OC(C(=O)O)C(O)C(O)C3O)CCC12,DrugBank,[0 0 0 ... 0 0 0]
Sumatriptan Metabolite GR49336,Sumatriptan Metabolite Ester Glucuronide of GR49336,CNS(=O)(=O)Cc1ccc2[nH]cc(CC(=O)O)c2c1,CNS(=O)(=O)Cc1ccc2[nH]cc(CC(=O)OC3OC(C(=O)O)C(O)C(O)C3O)c2c1,DrugBank,[0 0 0 ... 0 0 0]
α-hydroxytamoxifen,α-hydroxytamoxifen Glucuronide,CC(O)C(=C(c1ccccc1)c1ccc(OCCN(C)C)cc1)c1ccccc1,CC(OC1OC(C(=O)O)C(O)C(O)C1O)C(=C(c1ccccc1)c1ccc(OCCN(C)C)cc1)c1ccccc1,DrugBank,[0 1 0 ... 0 0 0]
4-Hydroxytamoxifen,Tamoxifen Glucuronides,CCC(=C(c1ccc(O)cc1)c1ccc(OCCN(C)C)cc1)c1ccccc1,CCC(=C(c1ccc(OCCNC)cc1)c1ccc(OC2OC(C(=O)O)C(O)C(O)C2O)cc1)c1ccccc1,DrugBank,[0 0 1 ... 0 0 0]
1-hydroxymidazolam,1-hydroxymidazolam-O-glucuronide,OCc1ncc2n1-c1ccc(Cl)cc1C(c1ccccc1F)=NC2,O=C(O)C1OC(OCc2ncc3n2-c2ccc(Cl)cc2C(c2ccccc2F)=NC3)C(O)C(O)C1O,DrugBank,[0 0 0 ... 0 0 0]
4-hydroxymidazolam,4-hydroxymidazolam-O-glucuronide,Cc1ncc2n1-c1ccc(Cl)cc1C(c1ccccc1F)=NC2O,Cc1ncc2n1-c1ccc(Cl)cc1C(c1ccccc1F)=NC2OC1OC(C(=O)O)C(O)C(O)C1O,DrugBank,[0 0 0 ... 0 0 0]
Tamsulosin M-2 Metabolite,Tamsulosin M-2-Glu Metabolite,CCOc1cc(O)ccc1OCCNC(C)Cc1ccc(OC)c(S(N)(=O)=O)c1,CCOc1cc(OC2OC(C(=O)O)C(O)C(O)C2O)ccc1OCCNC(C)Cc1ccc(OC)c(S(N)(=O)=O)c1,DrugBank,[0 1 0 ... 1 0 0]
Tamsulosin M-4 Metabolite,Tamsulosin M-4-Glu Metabolite,CCOc1ccccc1OCCNC(C)Cc1ccc(O)c(S(N)(=O)=O)c1,CCOc1ccccc1OCCNC(C)Cc1ccc(OC2OC(C(=O)O)C(O)C(O)C2O)c(S(N)(=O)=O)c1,DrugBank,[0 1 0 ... 1 0 0]
Tamsulosin M-1 Metabolite,Tamsulosin M-1-Glu Metabolite,COc1ccc(CC(C)NCCOc2ccccc2O)cc1S(N)(=O)=O,COc1ccc(CC(C)NCCOc2ccccc2OC2OC(C(=O)O)C(O)C(O)C2O)cc1S(N)(=O)=O,DrugBank,[0 1 0 ... 1 0 0]
Tamsulosin M-3 Metabolite,Tamsulosin M-3-Glu Metabolite,CCOc1ccc(O)cc1OCCNC(C)Cc1ccc(OC)c(S(N)(=O)=O)c1,CCOc1ccc(OC2OC(C(=O)O)C(O)C(O)C2O)cc1OCCNC(C)Cc1ccc(OC)c(S(N)(=O)=O)c1,DrugBank,[0 1 0 ... 1 0 0]
"5,6-Epoxyretinoic acid","rac-5,6-Epoxy-retinoyl-beta-D-glucuronide",CC(C=CC12OC1(C)CCCC2(C)C)=CC=CC(C)=CC(=O)O,CC(C=CC12OC1(C)CCCC2(C)C)=CC=CC(C)=CC(=O)OC1OC(C(=O)O)C(O)C(O)C1O,DrugBank,[0 0 0 ... 0 0 0]
5'-hydroxysulfapyridine,5'-hydroxysulfapyridine-O-glucuronide,Nc1ccc(S(=O)(=O)Nc2ccc(O)cn2)cc1,Nc1ccc(S(=O)(=O)Nc2ccc(OC3OC(C(=O)O)C(O)C(O)C3O)cn2)cc1,DrugBank,[0 0 0 ... 0 0 0]
Propofol glucuronide,1-Quinol glucuronide,CC(C)c1cccc(C(C)C)c1OC1OC(C(=O)O)C(O)C(O)C1O,CC(C)c1cc(O)cc(C(C)C)c1OC1OC(C(=O)O)C(O)C(O)C1O,DrugBank,[0 1 0 ... 0 0 0]
3-Hydroxy Pindolol,Pindolol 3-glucuronide,CC(C)N(O)CC(O)COc1cccc2[nH]ccc12,CC(C)N(CC(O)COc1cccc2[nH]ccc12)OC1OC(C(=O)O)C(O)C(O)C1O,DrugBank,[0 1 1 ... 0 0 0]
"3,4-Dihydroxyphenylacetone","3,4-Dihydroxyphenylacetone glucuronide",CC(=O)Cc1ccc(O)c(O)c1,CC(=O)Cc1ccc(O)c(OC2OC(C(=O)O)C(O)C(O)C2O)c1,DrugBank,[0 0 0 ... 0 0 0]
SCH 57871,SCH 57871-glucuronide,O=C(CCC1C(=O)N(c2ccc(F)cc2)C1c1ccc(O)cc1)c1ccc(F)cc1,O=C(CCC1C(=O)N(c2ccc(F)cc2)C1c1ccc(OC2OC(C(=O)O)C(O)C(O)C2O)cc1)c1ccc(F)cc1,DrugBank,[0 0 0 ... 0 0 0]
O-demethylated formoterol (M1),O-demethylated formoterol (M1) glucuronide 1,CC(Cc1ccc(O)cc1)NCC(O)c1ccc(O)c(NC=O)c1,CC(Cc1ccc(OC2OC(C(=O)O)C(O)C(O)C2O)cc1)NCC(O)c1ccc(O)c(NC=O)c1,DrugBank,[0 1 0 ... 0 0 0]
O-demethylated formoterol (M1),O-demethylated formoterol (M1) glucuronide 2,CC(Cc1ccc(O)cc1)NCC(O)c1ccc(O)c(NC=O)c1,CC(Cc1ccc(O)cc1)NCC(O)c1ccc(OC2OC(C(=O)O)C(O)C(O)C2O)c(NC=O)c1,DrugBank,[0 1 0 ... 0 0 0]
3-hydroxyguanfacine,Guanfacine 3-glucuronide,N=C(N)NC(=O)Cc1c(Cl)ccc(O)c1Cl,N=C(N)NC(=O)Cc1c(Cl)ccc(OC2OC(C(=O)O)C(O)C(O)C2O)c1Cl,DrugBank,[0 0 0 ... 0 0 0]
Reduced Fenofibric Acid,Reduced Fenofibric Acid Glucuronide,CC(C)(Oc1ccc(C(O)c2ccc(Cl)cc2)cc1)C(=O)O,CC(C)(Oc1ccc(C(O)c2ccc(Cl)cc2)cc1)C(=O)OC1OC(C(=O)O)C(O)C(O)C1O,DrugBank,[0 1 0 ... 0 0 0]
3-hydroxy-clonazepam,glucuronyl-3-hydroxy-clonazepam,O=C1Nc2ccc([N+](=O)[O-])cc2C(c2ccccc2Cl)=NC1O,O=C1Nc2ccc([N+](=O)[O-])cc2C(c2ccccc2Cl)=NC1OC1OC(C(=O)O)C(O)C(O)C1O,DrugBank,[0 0 0 ... 0 0 0]
para-hydroxyatorvastatin,para-hydroxyatorvastatin glucuronide,CC(C)c1c(C(=O)Nc2ccc(O)cc2)c(-c2ccccc2)c(-c2ccc(F)cc2)n1CCC(O)CC(O)CC(=O)O,CC(C)c1c(C(=O)Nc2ccc(O)cc2)c(-c2ccccc2)c(-c2ccc(F)cc2)n1CCC(O)CC(O)CC(O)OC1OC(C(=O)O)C(O)C(O)C1O,DrugBank,[0 1 0 ... 0 0 0]
ortho-hydroxyatorvastatin,ortho-hydroxyatorvastatin glucuronide,CC(C)c1c(C(=O)Nc2ccccc2O)c(-c2ccccc2)c(-c2ccc(F)cc2)n1CCC(O)CC(O)CC(=O)O,CC(C)c1c(C(=O)Nc2ccccc2O)c(-c2ccccc2)c(-c2ccc(F)cc2)n1CCC(O)CC(O)CC(O)OC1OC(C(=O)O)C(O)C(O)C1O,DrugBank,[0 1 0 ... 0 0 0]
Doxepin N-oxide,Doxepin N-oxide glucuronide,C[N+](C)([O-])CCC=C1c2ccccc2COc2ccccc21,C[N+](C)(CCC=C1c2ccccc2COc2ccccc21)OC1OC(C(=O)O)C(O)C(O)C1O,DrugBank,[0 0 0 ... 0 0 0]
"S,R-erythrohydrobupropion","S,R-erythrohydrobupropion glucuronide",CC(NC(C)(C)C)C(O)c1cccc(Cl)c1,CC(NC(C)(C)C)C(OC1OC(C(=O)O)C(O)C(O)C1O)c1cccc(Cl)c1,DrugBank,[0 1 0 ... 0 0 0]
S-4'-hydroxybupropion,S-4'-hydroxybupropion glucuronide,CC(NC(C)(C)C)C(=O)c1ccc(O)c(Cl)c1,CC(NC(C)(C)C)C(=O)c1ccc(OC2OC(C(=O)O)C(O)C(O)C2O)c(Cl)c1,DrugBank,[0 1 0 ... 0 0 0]
p-Hydroxyphenobarbital,Phenobarbital O-glucuronide,CCC1(c2ccc(O)cc2)C(=O)NC(=O)NC1=O,CCC1(c2ccc(OC3OC(C(=O)O)C(O)C(O)C3O)cc2)C(=O)NC(=O)NC1=O,DrugBank,[0 0 0 ... 0 0 0]
Hydroxyanastrozole,Hydroxyanastrozole glucuronide metabolite,CC(C)(C#N)c1cc(Cn2cncn2)cc(C(C)(C#N)CO)c1,CC(C)(C#N)c1cc(Cn2cncn2)cc(C(C)(C#N)COC2OC(C(=O)O)C(O)C(O)C2O)c1,DrugBank,[1 0 0 ... 0 0 0]
2-hydroxyclomipramine,2-hydroxyclomipramine glucuronide,CN(C)CCCN1c2ccccc2CCc2cc(O)c(Cl)cc21,CN(C)CCCN1c2cc(Cl)c(O)cc2CCc2c(OC3OC(C(=O)O)C(O)C(O)C3O)cccc21,DrugBank,[0 0 0 ... 0 0 0]
8-hydroxyclomipramine,8-hydroxyclomipramine glucuronide,CN(C)CCCN1c2ccc(O)cc2CCc2ccc(Cl)cc21,CN(C)CCCN1c2cc(Cl)ccc2CCc2c1ccc(O)c2OC1OC(C(=O)O)C(O)C(O)C1O,DrugBank,[0 0 0 ... 0 0 0]
Sitagliptin Unnamed Metabolite,Sitagliptin M4 Metabolite,O=C(O)NC(CC(=O)N1CCn2c(nnc2C(F)(F)F)C1)Cc1cc(F)c(F)cc1F,O=C(NC(CC(=O)N1CCn2c(nnc2C(F)(F)F)C1)Cc1cc(F)c(F)cc1F)OC1OC(C(=O)O)C(O)C(O)C1O,DrugBank,[0 1 0 ... 0 0 0]
Dihydrotestosterone,3-alpha-Androstanediol glucuronide,CC12CCC3C(CCC4CC(=O)CCC43C)C1CCC2O,CC12CCC3C(CCC4CC(OC5OC(C(=O)O)C(O)C(O)C5O)CCC43C)C1CCC2O,DrugBank,[0 0 0 ... 0 0 0]
Milnacipran carbamic acid,Milnacipran carbamoyl O-glucuronide,CCN(CC)C(=O)C1(c2ccccc2)CC1CNC(=O)O,CCN(CC)C(=O)C1(c2ccccc2)CC1CNC(=O)OC1OC(C(=O)O)C(O)C(O)C1O,DrugBank,[0 0 0 ... 0 0 0]
5-Glucuronyloxy dexlansoprazole,5-glucuronyloxy dexlansoprazole sulfide,Cc1c(OCC(F)(F)F)ccnc1C[S+]([O-])c1nc2ccc(OC3OC(C(=O)O)C(O)C(O)C3O)cc2[nH]1,Cc1c(OCC(F)(F)F)ccnc1CSc1nc2ccc(OC3OC(C(=O)O)C(O)C(O)C3O)cc2[nH]1,DrugBank,[0 0 0 ... 0 0 0]
O-desmethyl Apremilast,O-desmethyl  apremilast glucuronide,CCOc1cc(C(CS(C)(=O)=O)N2C(=O)c3cccc(NC(C)=O)c3C2=O)ccc1O,CCOc1cc(C(CS(C)(=O)=O)N2C(=O)c3cccc(NC(C)=O)c3C2=O)ccc1OC1OC(C(=O)O)C(O)C(O)C1O,DrugBank,[0 1 0 ... 0 0 0]
Hydroxy tapentadol,4-Hydroxy tapentadol glucuronide,CCC(c1cc(O)cc(O)c1)C(C)CN(C)C,CCC(c1cc(O)cc(OC2OC(C(=O)O)C(O)C(O)C2O)c1)C(C)CN(C)C,DrugBank,[0 1 0 ... 0 0 0]
KMD-3241,KMD-3241 glucuronide,CC(Cc1cc(C(N)=O)c2c(ccn2CCCO)c1)NCCOc1ccccc1OCC(F)(F)F,CC(Cc1cc(C(N)=O)c2c(ccn2CCCOC2OC(C(=O)O)C(O)C(O)C2O)c1)NCCOc1ccccc1OCC(F)(F)F,DrugBank,[0 1 0 ... 1 0 0]
M8 (Odanacatib),M3 (Odanacatib),CC(F)(CO)CC(NC(c1ccc(-c2ccc(S(C)(=O)=O)cc2)cc1)C(F)(F)F)C(=O)NC1(C#N)CC1,CC(F)(COC1OC(C(=O)O)C(O)C(O)C1O)CC(NC(c1ccc(-c2ccc(S(C)(=O)=O)cc2)cc1)C(F)(F)F)C(=O)NC1(C#N)CC1,DrugBank,[0 1 0 ... 0 0 0]
BIBR1151/M324,Dabigatran M500,Cn1c(CNc2ccc(C(=N)N)cc2)nc2cc(C(=O)O)ccc21,Cn1c(CNc2ccc(C(=N)N)cc2)nc2cc(C(=O)OC3OC(C(=O)O)C(O)C(O)C3O)ccc21,DrugBank,[0 0 0 ... 0 0 0]
19-Norandrosterone,19-Norandrosterone 3-O-glucuronide,CC12CCC3C4CCC(O)CC4CCC3C1CCC2=O,CC12CCC3C4CCC(OC5OC(C(=O)O)C(O)C(O)C5O)CC4CCC3C1CCC2=O,DrugBank,[0 0 0 ... 0 0 1]
19-Noretiocholanolone,19-Noretiocholanolone 3-O-glucuronide,CC12CCC3C4CCC(O)CC4CCC3C1CCC2O,CC12CCC3C4CCC(OC5OC(C(=O)O)C(O)C(O)C5O)CC4CCC3C1CCC2O,DrugBank,[0 0 0 ... 0 0 1]
hydroxilated form of rilpivirine 2 (M2),glucurinated form of rilpivirine (M6),Cc1cc(C=CN)cc(CO)c1Nc1ccnc(Nc2ccc(N)cc2)n1,Cc1cc(C=CN)cc(COC2OC(C(=O)O)C(O)C(O)C2O)c1Nc1ccnc(Nc2ccc(N)cc2)n1,DrugBank,[0 0 0 ... 0 0 0]
hydroxilated form of rilpivirine 4 (M4),glucurinated form of rilpivirine (M7),NC=Cc1cc(CO)c(Nc2ccnc(Nc3ccc(N)cc3)n2)c(CO)c1,NC=Cc1cc(CO)c(Nc2ccnc(Nc3ccc(N)cc3)n2)c(COC2OC(C(=O)O)C(O)C(O)C2O)c1,DrugBank,[0 0 0 ... 0 0 0]
Trametinib M3 metabolite,Trametinib M4 metabolite,Cc1c(=O)n(C)c(Nc2ccc(I)cc2F)c2c(=O)n(C3CC3)c(=O)n(-c3ccc(O)c(N)c3)c12,Cc1c(=O)n(C)c(Nc2ccc(I)cc2F)c2c(=O)n(C3CC3)c(=O)n(-c3ccc(OC4OC(C(=O)O)C(O)C(O)C4O)c(N)c3)c12,DrugBank,[0 0 0 ... 0 1 0]
Uroterpenol,Uroterpenol-O-glucuronide,CC1=CCC(C(C)(O)CO)CC1,CC1=CCC(C(C)(O)COC2OC(C(=O)O)C(O)C(O)C2O)CC1,DrugBank,[0 0 0 ... 0 0 0]
2-desmethyltrimetazidine,2-desmethyltrimetazidine O-glucuronide,COc1ccc(CN2CCNCC2)c(O)c1OC,COc1ccc(CN2CCNCC2)c(OC2OC(C(=O)O)C(O)C(O)C2O)c1OC,DrugBank,[0 0 0 ... 0 0 0]
3-desmethyltrimetazidine,3-desmethyltrimetazidine O-glucuronide,COc1ccc(CN2CCNCC2)c(OC)c1O,COc1ccc(CN2CCNCC2)c(OC)c1OC1OC(C(=O)O)C(O)C(O)C1O,DrugBank,[0 0 0 ... 0 0 0]
4-desmethyltrimetazidine,4-desmethyltrimetazidine O-glucuronide,COc1c(O)ccc(CN2CCNCC2)c1OC,COc1c(CN2CCNCC2)ccc(OC2OC(C(=O)O)C(O)C(O)C2O)c1OC,DrugBank,[0 0 0 ... 0 0 0]
M33 Umeclidinium,M21 Umeclidinium,Oc1ccc(COCC[N+]23CCC(C(O)(c4ccccc4)c4ccccc4)(CC2)CC3)cc1,O=C(O)C1OC(Oc2ccc(COCC[N+]34CCC(C(O)(c5ccccc5)c5ccccc5)(CC3)CC4)cc2)C(O)C(O)C1O,DrugBank,[0 0 0 ... 0 0 0]
5-Hydroxyviloxazine,5-Hydroxyviloxazine glucuronide,CCOc1ccc(O)cc1OCC1CNCCO1,CCOc1ccc(OC2OC(C(=O)O)C(O)C(O)C2O)cc1OCC1CNCCO1,DrugBank,[0 0 0 ... 0 0 0]
N-(2-methyl-3-chloro-5-hydroxyphenyl)-anthranilic acid form 2,N-(2-methyl-3-chloro-5-hydroxyphenyl)-anthranilic acid form 3,Cc1c(Cl)cc(O)cc1Nc1ccccc1C(=O)OC1OC(O)C(O)C(O)C1O,Cc1c(Cl)cc(OC2OC(O)C(O)C(O)C2O)cc1Nc1ccccc1C(=O)OC1CC(O)C(O)C(O)C1O,DrugBank,[0 0 0 ... 0 0 0]
M1 (Blonanserin),M2 (Blonanserin),CCN1CCN(c2cc(-c3ccc(F)cc3)c3c(n2)CCC(O)CCC3)CC1,CCN1CCN(c2cc(-c3ccc(F)cc3)c3c(n2)CCC(OC2OC(C(=O)O)C(O)C(O)C2O)CCC3)CC1,DrugBank,[0 0 0 ... 0 0 0]
M3 (Blonanserin),M4 (Blonanserin),CCN1CCN(c2cc(-c3ccc(F)cc3)c3c(n2)CCCC(O)CC3)CC1,CCN1CCN(c2cc(-c3ccc(F)cc3)c3c(n2)CCCC(OC2OC(C(=O)O)C(O)C(O)C2O)CC3)CC1,DrugBank,[0 0 0 ... 0 0 0]
Dihydroartemisinin (DHA),Dihydroartemisinin Glucuronide,CC1CCC2C(C)C(O)OC3OC4(C)CCC1C32OO4,CC1CCC2C(C)C(OC3OC(C(=O)O)C(O)C(O)C3O)OC3OC4(C)CCC1C32OO4,DrugBank,[0 0 0 ... 0 0 0]
ACT-333679,ACT-333679 glucuronide,CC(C)N(CCCCOCC(=O)O)c1cnc(-c2ccccc2)c(-c2ccccc2)n1,CC(C)N(CCCCOCC(=O)OC1OC(C(=O)O)C(O)C(O)C1O)c1cnc(-c2ccccc2)c(-c2ccccc2)n1,DrugBank,[0 1 0 ... 0 0 0]
4'-O-monodesmethyl istradefylline (M1),M1 Glucuronide (M5),CCn1c(=O)c2c(nc(C=Cc3ccc(O)c(OC)c3)n2C)n(CC)c1=O,CCn1c(=O)c2c(nc(C=Cc3ccc(OC4OC(C(=O)O)C(O)C(O)C4O)c(OC)c3)n2C)n(CC)c1=O,DrugBank,[0 0 0 ... 0 0 0]
Niraparib M1 metabolite,Niraparib M10 metabolite,O=C(O)c1cccc2cn(-c3ccc(C4CCCNC4)cc3)nc12,O=C(OC1OC(C(=O)O)C(O)C(O)C1O)c1cccc2cn(-c3ccc(C4CCCNC4)cc3)nc12,DrugBank,[0 0 0 ... 0 0 0]
Ertugliflozin M2 metabolite,Ertugliflozin M5a metabolite,OCC12COC(c3ccc(Cl)c(Cc4ccc(O)cc4)c3)(O1)C(O)C(O)C2O,O=C(O)C1OC(OC2C(O)C(O)C3(c4ccc(Cl)c(Cc5ccc(O)cc5)c4)OCC2(CO)O3)C(O)C(O)C1O,DrugBank,[0 0 0 ... 0 0 0]
Ertugliflozin M2 metabolite,Ertugliflozin M5b metabolite,OCC12COC(c3ccc(Cl)c(Cc4ccc(O)cc4)c3)(O1)C(O)C(O)C2O,O=C(O)C1OC(OC2C(O)C3(CO)COC(c4ccc(Cl)c(Cc5ccc(O)cc5)c4)(O3)C2O)C(O)C(O)C1O,DrugBank,[0 0 0 ... 0 0 0]
ENB577b,ENB753,CN1CCN(c2ccc(C(=O)Nc3n[nH]c4ccc(Cc5cc(F)cc(F)c5)cc34)c(NC3CCOCC3)c2)CC1O,CN1CCN(c2ccc(C(=O)Nc3n[nH]c4ccc(Cc5cc(F)cc(F)c5)cc34)c(NC3CCOCC3)c2)CC1OC1OC(C(=O)O)C(O)C(O)C1O,DrugBank,[0 0 1 ... 0 0 0]
R406,R406 N-glucuronide,COc1cc(Nc2ncc(F)c(Nc3ccc4c(n3)NC(=O)C(C)(C)O4)n2)cc(OC)c1OC,COc1cc(Nc2ncc(F)c(Nc3ccc4c(n3)N(OC3OC(C(=O)O)C(O)C(O)C3O)C(=O)C(C)(C)O4)n2)cc(OC)c1OC,DrugBank,[0 0 0 ... 0 0 0]
Arbidol M1 metabolite,Arbidol M13-1 metabolite,CCOC(=O)c1c(CO)n(C)c2cc(Br)c(O)c(CN(C)C)c12,CCOC(=O)c1c(CO)n(C)c2cc(Br)c(OC3OC(C(=O)O)C(O)C(O)C3O)c(CN(C)C)c12,DrugBank,[0 0 0 ... 0 0 0]
Arbidol M1 metabolite,Arbidol M13-2 metabolite,CCOC(=O)c1c(CO)n(C)c2cc(Br)c(O)c(CN(C)C)c12,CCOC(=O)c1c(COC2OC(C(=O)O)C(O)C(O)C2O)n(C)c2cc(Br)c(O)c(CN(C)C)c12,DrugBank,[0 0 0 ... 0 0 0]
Arbidol M3-2 metabolite,Arbidol M17-2 metabolite,CCOC(=O)c1c(CSc2ccccc2)n(C)c2cc(Br)c(O)c(CNC)c12,CCOC(=O)c1c(CSc2ccccc2)n(C)c2cc(Br)c(OC3OC(C(=O)O)C(O)C(O)C3O)c(CNC)c12,DrugBank,[0 0 0 ... 0 0 0]
Arbidol M5 metabolite,Arbidol M19 metabolite,CCOC(=O)c1c(C[S+]([O-])c2ccccc2)n(C)c2cc(Br)c(O)c(CNC)c12,CCOC(=O)c1c(C[S+]([O-])c2ccccc2)n(C)c2cc(Br)c(OC3OC(C(=O)O)C(O)C(O)C3O)c(CNC)c12,DrugBank,[0 0 0 ... 0 0 0]
Arbidol M6-1 metabolite,Arbidol M20 metabolite,CCOC(=O)c1c(C[S+]([O-])c2ccccc2)n(C)c2cc(Br)c(O)c(CN(C)C)c12,CCOC(=O)c1c(C[S+]([O-])c2ccccc2)n(C)c2cc(Br)c(OC3OC(C(=O)O)C(O)C(O)C3O)c(CN(C)C)c12,DrugBank,[0 0 0 ... 0 0 0]
Arbidol M7 metabolite,Arbidol M21 metabolite,CCOC(=O)c1c(CS(=O)(=O)c2ccccc2)n(C)c2cc(Br)c(O)c(CNC)c12,CCOC(=O)c1c(CS(=O)(=O)c2ccccc2)n(C)c2cc(Br)c(OC3OC(C(=O)O)C(O)C(O)C3O)c(CNC)c12,DrugBank,[0 0 0 ... 0 0 0]
Arbidol M8 metabolite,Arbidol M22 metabolite,CCOC(=O)c1c(CS(=O)(=O)c2ccccc2)n(C)c2cc(Br)c(O)c(CN(C)C)c12,CCOC(=O)c1c(CS(=O)(=O)c2ccccc2)n(C)c2cc(Br)c(OC3OC(C(=O)O)C(O)C(O)C3O)c(CN(C)C)c12,DrugBank,[0 0 0 ... 0 0 0]
O-demethylated acemetacin,Acemetacin-acyl-beta-D-glucuronide,Cc1c(CC(=O)OCC(=O)O)c2cc(O)ccc2n1C(=O)c1ccc(Cl)cc1,COc1ccc2c(c1)c(CC(=O)OCC(O)OC1OC(C(=O)O)C(O)C(O)C1O)c(C)n2C(=O)c1ccc(Cl)cc1,DrugBank,[0 1 0 ... 0 0 0]
des-4-chlorobenzoyl-indomethacin,des-4-chlorobenzoyl-indomethacin glucuronide,COc1ccc2[nH]c(C)c(CC(=O)O)c2c1,COc1ccc2[nH]c(C)c(CC(O)OC3OC(C(=O)O)C(O)C(O)C3O)c2c1,DrugBank,[0 1 0 ... 0 0 0]
Oxy-oliceridine,TRV0306954,COc1ccsc1CNCCC1(c2ccccn2)CCOC2(CCC(O)C2)C1,COc1ccsc1CNCCC1(c2ccccn2)CCOC2(CCC(OC3OC(C(=O)O)C(O)C(O)C3O)C2)C1,DrugBank,[0 0 0 ... 0 0 0]
MYK-2210,MYK-2210 glucuronide,CC(Nc1cc(=O)n(C(C)C)c(=O)[nH]1)c1ccc(O)cc1,CC(Nc1cc(=O)n(C(C)C)c(=O)[nH]1)c1ccc(OC2OC(C(=O)O)C(O)C(O)C2O)cc1,DrugBank,[0 1 0 ... 0 0 0]
M2 iptacopan,M9 iptacopan,COc1cc(C)c2[nH]ccc2c1CN1CCC(O)CC1c1ccc(C(=O)O)cc1,COc1cc(C)c2[nH]ccc2c1CN1CCC(O)CC1c1ccc(C(=O)OC2OC(C(C)=O)C(O)C(O)C2O)cc1,DrugBank,[0 0 1 ... 0 0 0]
6-methoxy-2-naphthylacetic acid,6-methoxy-naphthylacetic acid glucuronide,COc1ccc2cc(CC(=O)O)ccc2c1,COc1ccc2cc(CC(=O)OC3OC(C(=O)O)C(O)C(O)C3O)ccc2c1,DrugBank,[0 0 0 ... 0 0 0]
4-(6-hydroxy-2-naphthyl)- butan-2-ol,4-(6-hydroxy-2-naphthyl)- butan-2-ol glucuronide (6-OH conjugated),CC(O)CCc1ccc2cc(O)ccc2c1,CC(O)CCc1ccc2cc(OC3OC(C(=O)O)C(O)C(O)C3O)ccc2c1,DrugBank,[0 1 0 ... 0 0 0]
4-(6-hydroxy-2-naphthyl)- butan-2-ol,4-(6-hydroxy-2-naphthyl)- butan-2-ol glucuronide (2-OH conjugated),CC(O)CCc1ccc2cc(O)ccc2c1,CC(CCc1ccc2cc(O)ccc2c1)OC1OC(C(=O)O)C(O)C(O)C1O,DrugBank,[0 1 0 ... 0 0 0]
4-(6-Hydroxy-2-naphthyl)- butan-2-one glucuronide,4-(6-Hydroxy-2-naphthyl)- butan-2-one glucuronide glycine conjugate,CC(=O)CCc1ccc2cc(OC3OC(C(=O)O)C(O)C(O)C3O)ccc2c1,CC(=O)CCc1ccc2cc(OC3OC(C(=O)NCC(=O)O)C(O)C(O)C3O)ccc2c1,DrugBank,[0 0 0 ... 0 0 0]
Carboxycelecoxib,Celecoxib glucuronide,NS(=O)(=O)c1ccc(-n2nc(C(F)(F)F)cc2-c2ccc(C(=O)O)cc2)cc1,NS(=O)(=O)c1ccc(-n2nc(C(F)(F)F)cc2-c2ccc(OC3OC(C(=O)O)C(O)C(O)C3O)cc2)cc1,DrugBank,[0 0 0 ... 0 0 0]
Labetalol Theoretical Metabolite (IX),Labetalol Glucuronide Metabolite (X),CC(CCc1ccccc1)n1ccc2cc(O)c(O)c(C(N)=O)c21,CC(CCc1ccccc1)n1ccc2cc(OC3OC(C(=O)O)C(O)C(O)C3O)c(O)c(C(N)=O)c21,DrugBank,[0 1 0 ... 0 0 0]
Labetalol Theoretical Metabolite (IX),Labetalol Glucuronide Metabolite (XI),CC(CCc1ccccc1)n1ccc2cc(O)c(O)c(C(N)=O)c21,CC(CCc1ccccc1)n1ccc2cc(O)c(OC3OC(C(=O)O)C(O)C(O)C3O)c(C(N)=O)c21,DrugBank,[0 1 0 ... 0 0 0]
Deoxydaunorubicinol aglycone,Deoxydaunorubicinol aglycone-13-O-β-glucuronide,COc1cccc2c1C(=O)c1c(O)c3c(c(O)c1C2=O)CC(O)(C(C)O)CC3,COc1cccc2c1C(=O)c1c(O)c3c(c(O)c1C2=O)CC(O)(C(C)OOC1OC(C(=O)O)C(O)C(O)C1O)CC3,DrugBank,[0 1 0 ... 0 0 0]
"4,4'-methanol-bisbenzonitrile",Letrozole carbinol glucuronide metabolite,N#Cc1ccc(C(O)c2ccc(C#N)cc2)cc1,N#Cc1ccc(C(OC2OC(C(=O)O)C(O)C(O)C2O)c2ccc(C#N)cc2)cc1,DrugBank,[0 1 0 ... 0 0 0]
Hydroxydesmethyl doxepin,Hydroxydesmethyl doxepin glucuronide,CNCCC=C1c2ccccc2COc2ccc(O)cc21,CN(C)CCC=C1c2ccccc2COc2ccc(OC3OC(C(=O)O)C(O)C(O)C3O)cc21,DrugBank,[0 0 0 ... 0 0 0]
"S,S-Hydroxybupropion","S,S-Hydroxybupropion glucuronide",CC1NC(C)(C)COC1(O)c1cccc(Cl)c1,CC1NC(C)(C)COC1(OC1OC(C(=O)O)C(O)C(O)C1O)c1cccc(Cl)c1,DrugBank,[0 0 0 ... 0 0 0]
2-hydroxydesmethyl clomipramine,2-hydroxydesmethyl clomipramine glucuronide,CNCCCN1c2ccccc2CCc2cc(O)c(Cl)cc21,CNCCCN1c2cc(Cl)c(O)cc2CCc2c(OC3OC(C(=O)O)C(O)C(O)C3O)cccc21,DrugBank,[0 0 0 ... 0 0 0]
8-hydroxydesmethyl clomipramine,8-hyroxydesmethyl clomipramine glucuronide,CNCCCN1c2ccc(O)cc2CCc2ccc(Cl)cc21,CNCCCN1c2cc(Cl)ccc2CCc2c1ccc(O)c2OC1OC(C(=O)O)C(O)C(O)C1O,DrugBank,[0 0 0 ... 0 0 0]
Dihydroartemisinin Glucuronide,Furano Acetate of Dihydroartemisinin Glucuronide,CC1CCC2C(C)C(OC3OC(C(=O)O)C(O)C(O)C3O)OC3OC4(C)CCC1C32OO4,CC(=O)OC1OC(OC2OC(C(=O)O)C(O)C(O)C2O)C(C)C2CCC(C)C3CCOC132,DrugBank,[0 0 0 ... 0 0 0]
R529,R529 O-glucuronide,COc1cc(Nc2ncc(F)c(Nc3ccc4c(n3)NC(=O)C(C)(C)O4)n2)cc(OC)c1O,COc1cc(Nc2ncc(F)c(Nc3ccc4c(n3)NC(=O)C(C)(C)O4)n2)cc(OC)c1OC1OC(C(=O)O)C(O)C(O)C1O,DrugBank,[1 0 0 ... 0 0 0]
6-hydroxy-naphthylacetic acid,6-hydroxy-naphthylacetic acid glucuronide,O=C(O)Cc1ccc2cc(O)ccc2c1,O=C(Cc1ccc2cc(O)ccc2c1)OC1OC(C(=O)O)C(O)C(O)C1O,DrugBank,[0 0 0 ... 0 0 0]
reduced O-desmethyl-3-hydroxy-nabumetone,reduced O-desmethyl-3-hydroxy-nabumetone glucuronide,CC(O)C(O)Cc1ccc2cc(O)ccc2c1,CC(O)C(O)Cc1ccc2cc(OC3OC(C(=O)O)C(O)C(O)C3O)ccc2c1,DrugBank,[0 1 0 ... 0 0 0]
4-(6-hydroxy-2-naphthyl)- butan-2-ol glucuronide (6-OH conjugated),4-(6-hydroxy-2-naphthyl)- butan-2-ol glucuronide (6-OH conjugated) glycine conjugate,CC(O)CCc1ccc2cc(OC3OC(C(=O)O)C(O)C(O)C3O)ccc2c1,CC(O)CCc1ccc2cc(OC3OC(C(=O)NCC(=O)O)C(O)C(O)C3O)ccc2c1,DrugBank,[0 1 0 ... 0 0 0]
4-(6-hydroxy-2-naphthyl)- butan-2-ol glucuronide (2-OH conjugated),4-(6-hydroxy-2-naphthyl)- butan-2-ol glucuronide (2-OH conjugated) glycine conjugate,CC(CCc1ccc2cc(O)ccc2c1)OC1OC(C(=O)O)C(O)C(O)C1O,CC(CCc1ccc2cc(O)ccc2c1)OC1OC(C(=O)NCC(=O)O)C(O)C(O)C1O,DrugBank,[0 1 0 ... 0 0 0]
"5-hydroxy, 6-methoxy duloxetine","5-hydroxy, 6-methoxy duloxetine glucuronide",CNCCC(Oc1cccc2c(O)c(OC)ccc12)c1cccs1,CNCCC(Oc1cccc2c(OC3OC(C(=O)O)C(O)C(O)C3O)c(OC)ccc12)c1cccs1,DrugBank,[0 1 0 ... 0 0 0]
"UK-215,364",Voriconazole O-glucuronide derivative (1),OC(Cn1cncn1)c1ccc(F)cc1F,O=C(O)C1OC(Oc2ccc(C(O)Cn3cncn3)c(F)c2)C(O)C(O)C1O,DrugBank,[1 1 0 ... 0 0 0]
Demethyl deoxydaunorubicinol aglycone,Demethyl deoxydaunorubicinol aglycone-4-O-β-glucuronide,CC(O)C1(O)CCc2c(O)c3c(c(O)c2C1)C(=O)c1cccc(O)c1C3=O,CC(O)C1(O)CCc2c(O)c3c(c(O)c2C1)C(=O)c1cccc(OOC2OC(C(=O)O)C(O)C(O)C2O)c1C3=O,DrugBank,[0 1 0 ... 0 0 0]
4-O-demethyl deoxaglycone doxorubicinol,Demethyldeoxaglycone doxorubicinol 4-O-b-glucuronide,O=C1c2cccc(O)c2C(=O)c2c(O)c3c(c(O)c21)CC(O)(C(O)CO)CC3,O=C1c2cccc(OC3OC(C(=O)O)C(O)C(O)C3O)c2C(=O)c2c(O)c3c(c(O)c21)CC(O)(C(O)CO)CC3,DrugBank,[0 1 0 ... 0 0 0]
reduced O-desmethyl-3-hydroxy-nabumetone glucuronide,reduced O-desmethyl-3-hydroxy-nabumetone glucuronide glycine conjugate,CC(O)C(O)Cc1ccc2cc(OC3OC(C(=O)O)C(O)C(O)C3O)ccc2c1,CC(O)C(O)Cc1ccc2cc(OC3OC(C(=O)NCC(=O)O)C(O)C(O)C3O)ccc2c1,DrugBank,[0 1 0 ... 0 0 0]
Tamoxifen Metabolite E,Tamoxifen Metabolite E Glucuronide,CCC(=C(c1ccccc1)c1ccc(O)cc1)c1ccccc1,CCC(=C(c1ccccc1)c1ccc(OC2OC(C(=O)O)C(O)C(O)C2O)cc1)c1ccccc1,DrugBank,[0 0 1 ... 0 0 0]
