parent_id,parent_name,child_id,child_name,enzymes,origin,parent_smiles,child_smiles,source,tanimoto,set,transformation
DB00780,Phenelzine,DB09269,Phenylacetic acid,,DB00780,NNCCc1ccccc1,O=C(O)Cc1ccccc1,DrugBank,0.3333333333333333,train,NN>>O.O
DB04325,Phenethylamine,DB09269,Phenylacetic acid,,DB00780,NCCc1ccccc1,O=C(O)Cc1ccccc1,DrugBank,0.375,train,N>>O.O
DB01408,Bambuterol,DB00871,Terbutaline,Cholinesterase,DB01408,CN(C)C(=O)Oc1cc(OC(=O)N(C)C)cc(C(O)CNC(C)(C)C)c1,CC(C)(C)NCC(O)c1cc(O)cc(O)c1,DrugBank,0.5121951219512195,train,CN(C)C=O.CN(C)C=O>>[H]
DB06154,Pentaerythritol tetranitrate,DB13526,Pentaerithrityl,Pentaerythritol tetranitrate reductase,DB06154,O=[N+]([O-])OCC(CO[N+](=O)[O-])(CO[N+](=O)[O-])CO[N+](=O)[O-],OCC(CO)(CO)CO,DrugBank,0.2,train,O=[N+][O-].O=[N+][O-].O=[N+][O-].O=[N+][O-]>>[H]
DB06756,Betaine,DB02083,"N,N-dimethylglycine",Betaine--homocysteine S-methyltransferase 1,DB06756,C[N+](C)(C)CC(=O)[O-],CN(C)CC(=O)O,DrugBank,0.2083333333333333,train,C[N+](C)C.[O-]>>CNC.O
DB13854,Gamolenic acid,DB00154,Dihomo-gamma-linolenic acid,"Very long chain fatty acid elongase 5, Very long chain fatty acid elongase 4",DB11358,CCCCCC=CCC=CCC=CCCCCC(=O)O,CCCCCC=CCC=CCC=CCCCCCCC(=O)O,DrugBank,0.9615384615384616,train,O.O>>CC(=O)O
DB12532,Oxetacaine,DB00191,Phentermine,,DB12532,CN(C(=O)CN(CCO)CC(=O)N(C)C(C)(C)Cc1ccccc1)C(C)(C)Cc1ccccc1,CC(C)(N)Cc1ccccc1,DrugBank,0.35,train,C.CN(C(=O)CN(CC=O)CCO)C(C)(C)Cc1ccccc1>>[H]
DB00136,Calcitriol,DBMET00575,Calcitroic acid,,DB00169,C=C1C(=CC=C2CCCC3(C)C2CCC3C(C)CCCC(C)(C)O)CC(O)CC1O,C=C1C(=CC=C2CCCC3(C)C2CCC3C(C)CC(=O)O)CC(O)CC1O,DrugBank,0.703125,train,CC(C)(C)O>>O.O
DB00279,Liothyronine,DBMET02274,Monoiodothyronine,,DB00451,NC(Cc1cc(I)c(Oc2ccc(O)c(I)c2)c(I)c1)C(=O)O,NC(Cc1ccc(Oc2ccc(O)cc2)c(I)c1)C(=O)O,DrugBank,0.56,train,I.I>>[H]
DB06700,Desvenlafaxine,DBMET00967,O-Desmethylvenlafaxine glucuronide,,DB00285,CN(C)CC(c1ccc(O)cc1)C1(O)CCCCC1,NCC(c1ccc(OC2OC(C(=O)O)C(O)C(O)C2O)cc1)C1(O)CCCCC1,DrugBank,0.3278688524590163,train,C.C>>O=C(O)C1OCC(O)C(O)C1O
DB00295,Morphine,DBMET02313,Morphine ethereal sulfate,,DB00295,CN1CCC23c4c5ccc(O)c4OC2C(O)C=CC3C1C5,CN1CCC23c4c5ccc(OS(=O)(=O)O)c4OC2C(OS(=O)(=O)O)C=CC3C1C5,DrugBank,0.5625,train,[H]>>O=[SH](=O)O.O=[SH](=O)O
DB00627,Niacin,DBMET02631,Niacinamide N-oxide,,DB12911,O=C(O)c1cccnc1,NC(=O)c1ccc[n+]([O-])c1,DrugBank,0.25,train,N.O>>N.[N+][O-]
DB00627,Niacin,DBMET02632,Trigonelline,,DB12911,O=C(O)c1cccnc1,C[n+]1cccc(C(=O)[O-])c1,DrugBank,0.25,train,N.O>>C[N+].[O-]
DB00627,Niacin,DBMET02634,N1-methyl-2-pyridone-5-carboxamide,,DB12911,O=C(O)c1cccnc1,Cn1cc(C(N)=O)ccc1=O,DrugBank,0.2162162162162162,train,O>>C.N.O
DB00806,Pentoxifylline,DBMET03233,"M5, Pentoxifylline C-4 carboxylic acid",,DB00806,CC(=O)CCCCn1c(=O)c2c(ncn2C)n(C)c1=O,Cn1cnc2c1c(=O)n(CCCC(=O)O)c(=O)n2C,DrugBank,0.7560975609756098,train,CC=O>>O.O
DB00988,Dopamine,DBMET00614,Dopamine quinone,,DB01235,NCCc1ccc(O)c(O)c1,NCCC1=CC(=O)C(=O)C=C1,DrugBank,0.2352941176470588,train,C~CO.N.O>>O.O.[CH]CN
DB01042,Melphalan,DBMET03699,,,DB16627,NC(Cc1ccc(N(CCCl)CCCl)cc1)C(=O)O,NC(Cc1ccc(N(CCO)CCO)cc1)C(=O)O,DrugBank,0.75,train,Cl.Cl>>O.O
DB04557,Arachidonic Acid,DBMET01608,11-HETE,"Cytochrome P450 1A1, Cytochrome P450 1A2, Cytochrome P450 2C8",DB13854,CCCCCC=CCC=CCC=CCC=CCCCC(=O)O,CCCCCC=CC=CC(O)CC=CCC=CCCCC(=O)O,Both,0.6756756756756757,train,CCC=CCCCCC>>C=CC=CCCCCC.O
DB04557,Arachidonic Acid,DBMET01609,9-HETE,"Cytochrome P450 1A2, Cytochrome P450 2C8, Cytochrome P450 2C9",DB13854,CCCCCC=CCC=CCC=CCC=CCCCC(=O)O,CCCCCC=CCC=CCC(O)C=CC=CCCCC(=O)O,Both,0.6756756756756757,train,CCC=CCCCC(=O)O>>C=CC=CCCCC(=O)O.O
DB00446,Chloramphenicol,DBMET03161,Chloramphenicol Alcohol,,DB07565,O=C(NC(CO)C(O)c1ccc([N+](=O)[O-])cc1)C(Cl)Cl,O=C(CO)NC(CO)C(O)c1ccc([N+](=O)[O-])cc1,DrugBank,0.7317073170731707,train,Cl.Cl>>O
DB00446,Chloramphenicol,DBMET03162,Chloramphenicol Oxamic Acid,,DB07565,O=C(NC(CO)C(O)c1ccc([N+](=O)[O-])cc1)C(Cl)Cl,O=C(O)C(=O)NC(CO)C(O)c1ccc([N+](=O)[O-])cc1,DrugBank,0.7142857142857143,train,Cl.Cl>>O.O
DB00446,Chloramphenicol,DBMET03165,Chloramphenicol Aryl Amine,,DB07565,O=C(NC(CO)C(O)c1ccc([N+](=O)[O-])cc1)C(Cl)Cl,Nc1ccc(C(O)C(N)CO)cc1,DrugBank,0.2888888888888888,train,O=CC(Cl)Cl.O=[N+][O-]>>N
DB14569,Tedizolid,DBMET03127,Ring-opened tedizolid metabolite,,DB09042,Cn1nnc(-c2ccc(-c3ccc(N4CC(CO)OC4=O)cc3F)cn2)n1,Cn1nnc(-c2ccc(-c3ccc(NCC(=O)O)cc3F)cn2)n1,DrugBank,0.5285714285714286,train,C=O.CO>>O
DB06409,Morphine glucuronide,DBMET02018,"morphine-3,6-diglucuronide",,DB00318,CN1CCC23c4c5ccc(O)c4OC2C(OC2OC(C(=O)O)C(O)C(O)C2O)C=CC3C1C5,OC1OC(Oc2ccc3c4c2OC2C(OC5OC(O)C(O)C(O)C5O)C=CC5C(C3)NCCC452)C(O)C(O)C1O,DrugBank,0.4634146341463415,train,C.O=CO>>O.OC1COC(O)C(O)C1O
DB09526,Hydroquinone,DBMET02100,hydroquinone glucuronide,,DB03255,Oc1ccc(O)cc1,O=C(O)C1C(O)C(O)C(O)C(O)C1Oc1ccc(O)cc1,DrugBank,0.2758620689655172,train,[H]>>O.O.O=CO.Oc1ccc(O)cc1
DB00154,Dihomo-gamma-linolenic acid,DBMET02086,Prostaglandin E1,"Polyunsaturated fatty acid lipoxygenase ALOX15, Prostaglandin G/H synthase 1, Prostaglandin G/H synthase 2",DB11358,CCCCCC=CCC=CCC=CCCCCCCC(=O)O,CCCCCC(O)C=CC1C(O)CC(=O)C1CCCCCCC(=O)O,DrugBank,0.3584905660377358,train,CCC=CCCCCC.O.O>>CCCC.CCCCC(=O)O.O.O.O
DB00654,Latanoprost,DBMET02014,"1,2 dinor latanoprost acid","Medium-chain specific acyl-CoA dehydrogenase, mitochondrial, 3-ketoacyl-CoA thiolase, peroxisomal, Enoyl-CoA hydratase, mitochondrial, Hydroxyacyl-coenzyme A dehydrogenase, mitochondrial",DB11660,CC(C)OC(=O)CCCC=CCC1C(O)CC(O)C1CCC(O)CCc1ccccc1,O=C(O)CC=CCC1C(O)CC(O)C1CCC(O)CCc1ccccc1,DrugBank,0.6440677966101694,train,CC(=O)OC(C)C>>O.O
DB00132,alpha-Linolenic acid,DBMET03467,Docosahexaenoic acid,,DB13959,CCC=CCC=CCC=CCCCCCCCC(=O)O,CCC=CCC=CCC=CCC=CCC=CCC=CCCC(=O)O,DrugBank,0.7142857142857143,train,CCCCC(=O)O>>CCC=CCC=CCC.O.O
DB00132,alpha-Linolenic acid,DBMET03466,Eicosapentaenoic acid,,DB13959,CCC=CCC=CCC=CCCCCCCCC(=O)O,CCC=CCC=CCC=CCC=CCC=CCCCC(=O)O,DrugBank,0.8518518518518519,train,CCCC(=O)O>>CCC=CCC.O.O
DB00126,Ascorbic acid,DBMET03074,Dehydroascorbate,,DB00126,O=C1OC(C(O)CO)C(O)=C1O,O=C1OC(C(O)CO)C(=O)C1=O,DrugBank,0.5806451612903226,train,O.[OH].[OH]>>O.O.O
DB00153,Ergocalciferol,DBMET02436,"24(R),25dihydroxyvitamin D","25-hydroxyvitamin D-1 alpha hydroxylase, mitochondrial, 1,25-dihydroxyvitamin D(3) 24-hydroxylase, mitochondrial",DB00153,C=C1CCC(O)CC1=CC=C1CCCC2(C)C1CCC2C(C)C=CC(C)C(C)C,C=C1CCC(O)CC1=CC=C1CCCC2(C)C1CCC2C(C)C=CC(O)C(C)(C)O,DrugBank,0.7666666666666667,train,C>>O.O
DB00169,Cholecalciferol,DBMET00609,"(23S)-23,25-dihdroxy-24-oxovitamine D3 23-(beta-glucuronide)",,DB00169,C=C1CCC(O)CC1=CC=C1CCCC2(C)C1CCC2C(C)CCCC(C)C,C=C1CCC(O)CC1=CC=C1CCCC2(C)C1CCC2C(C)CC(OC1OC(C(=O)O)C(O)C(O)C1O)C(=O)C(C)(C)O,DrugBank,0.5432098765432098,train,[H]>>O.O.O=C(O)C1OC(O)C(O)C(O)C1O
DB00175,Pravastatin,DBMET02473,Triol pravastatin,,DB00175,CCC(C)C(=O)OC1CC(O)C=C2C=CC(C)C(CCC(O)CC(O)CC(=O)O)C21,CCC(C)C(=O)OC1CC(O)C(O)C2C=C(O)C(C)C(CCC(O)CC(O)CC(=O)O)C12,DrugBank,0.5675675675675675,train,[H]>>O.O
DB00175,Pravastatin,DBMET02476,3'(S)-hydroxy-pravastatin-tetranor,,DB00175,CCC(C)C(=O)OC1CC(O)C=C2C=CC(C)C(CCC(O)CC(O)CC(=O)O)C21,CC(O)C(C)C(=O)OC1CC(O)C=C2C=CC(C)C(CCC(O)O)C21,DrugBank,0.6307692307692307,train,CC(O)CC(=O)O>>O.O
DB00175,Pravastatin,DBMET02479,Desacylpravastatin,,DB00175,CCC(C)C(=O)OC1CC(O)C=C2C=CC(C)C(CCC(O)CC(O)CC(=O)O)C21,CC1C=Cc2cc(O)ccc2C1CCC(O)CC(O)CC(=O)O,DrugBank,0.3783783783783784,train,C.CCC(C)C(=O)O>>C
DB00184,Nicotine,DBMET00613,4-(Methylnitrosamino)-1-(3-pyridyl)-1-butanone,,DB00184,CN1CCCC1c1cccnc1,CN(CCCC(=O)c1cccnc1)N=O,DrugBank,0.2264150943396226,train,[H]>>N=O.O
DB00184,Nicotine,DBMET00643,4-(Methylnitrosamino)-1-(3-pyridyl)-1-butanol,,DB00184,CN1CCCC1c1cccnc1,CN(CCCC(O)c1cccnc1)N=O,DrugBank,0.2264150943396226,train,[H]>>N=O.O
DB00186,Lorazepam,DBMET00648,Lorazepam glucuronide,,DB00186,O=C1Nc2ccc(Cl)cc2C(c2ccccc2Cl)=NC1O,O=C(O)C1OC(OC2N=C(c3ccccc3Cl)c3cc(Cl)ccc3N=C2O)C(O)C(O)C1O,DrugBank,0.3768115942028985,train,O.[OH]>>O.O=C(O)C1OC(O)C(O)C(O)C1O
DB00190,Carbidopa,DBMET00637,"3,4-Dihydroxyphenylacetone",,DB00190,CC(Cc1ccc(O)c(O)c1)(NN)C(=O)O,CC(=O)Cc1ccc(O)c(O)c1,DrugBank,0.4473684210526316,train,NN.O=CO>>O
DB00190,Carbidopa,DBMET00698,3-(3-hydroxyphenyl)-2-methyllactic acid,,DB00190,CC(Cc1ccc(O)c(O)c1)(NN)C(=O)O,CC(O)(Cc1cccc(O)c1)C(=O)O,DrugBank,0.3863636363636363,train,NN.O>>O
DB00190,Carbidopa,DBMET00699,3-(3-hydroxyphenyl)-2-methylpropionic acid,,DB00190,CC(Cc1ccc(O)c(O)c1)(NN)C(=O)O,CC(Cc1cccc(O)c1)C(=O)O,DrugBank,0.2765957446808511,train,NN.O>>[H]
DB00190,Carbidopa,DBMET00701,3-(4-hydroxy-3-methoxyphenyl)-2-methyllactic acid,,DB00190,CC(Cc1ccc(O)c(O)c1)(NN)C(=O)O,COc1cc(CC(C)(O)C(=O)O)ccc1O,DrugBank,0.4444444444444444,train,NN>>C.O
DB00241,Butalbital,DBMET02453,"5-isobutyl-5-(2,3-dihydroxypropyl) barbituric acid",,DB00241,C=CCC1(CC(C)C)C(=O)NC(=O)NC1=O,CC(C)CC1(CC(O)CO)C(=O)NC(=O)NC1=O,DrugBank,0.5277777777777778,train,C>>CO.O
DB00246,Ziprasidone,DBMET02986,"(6-chloro-2-oxo-2,3-dihydro-1H-indol-5-yl)acetic acid",,DB00246,O=C1Cc2cc(CCN3CCN(c4nsc5ccccc45)CC3)c(Cl)cc2N1,O=C(O)Cc1cc2c(cc1Cl)NC(=O)C2,DrugBank,0.4098360655737705,train,c1ccc2c(N3CCNCC3)nsc2c1>>O.O
DB00246,Ziprasidone,DBMET02993,S-Methyl-dihydro-ziprasidone,,DB00246,O=C1Cc2cc(CCN3CCN(c4nsc5ccccc45)CC3)c(Cl)cc2N1,CSc1ccccc1C(=N)N1CCN(CCc2cc3c(cc2Cl)NC(=O)C3)CC1,DrugBank,0.5205479452054794,train,N>>C.N
DB00246,Ziprasidone,DBMET02996,dihydro-ziprasidone-sulfone,,DB00246,O=C1Cc2cc(CCN3CCN(c4nsc5ccccc45)CC3)c(Cl)cc2N1,N[S+]([O-])c1ccccc1C(=O)N1CCN(CCc2cc3c(cc2Cl)NC(=O)C3)CC1,DrugBank,0.5135135135135135,train,N~S>>N[S+][O-].O
DB00300,Tenofovir disoproxil,DBMET01176,Tenofovir Monophosphate,"Adenylate kinase 2, mitochondrial, Adenylate kinase 4, mitochondrial",DB00300,CC(C)OC(=O)OCOP(=O)(COC(C)Cn1cnc2c(N)ncnc21)OCOC(=O)OC(C)C,CC(Cn1cnc2c(N)ncnc21)OCP(=O)(O)OP(=O)(O)O,DrugBank,0.6333333333333333,train,COC(=O)OC(C)C.COC(=O)OC(C)C>>O=[PH](O)O
DB00304,Desogestrel,DBMET00683,2-hydroxydesogestrel,,DB00304,C#CC1(O)CCC2C3CCC4=CCCCC4C3C(=C)CC21CC,C#CC1(O)CCC2C3CCC4=CCC(O)CC4C3C(=C)C(CC)C21,DrugBank,0.3648648648648648,train,C>>C.O
DB00368,Norepinephrine,DBMET00563,3-Methoxy-4-Hydroxyphenylglycol sulfate,,DB00368,NCC(O)c1ccc(O)c(O)c1,COc1cc(C(CO)OS(=O)(=O)O)ccc1O,DrugBank,0.2608695652173913,train,N>>C.O.O=[SH](=O)O
DB00374,Treprostinil,DBMET03507,Treprostinil metabolite HU3,,DB00374,CCCCCC(O)CCC1C(O)CC2Cc3c(cccc3OCC(=O)O)CC21,O=C(O)COc1cccc2c1CC1CC(O)C(C(=O)CC(=O)O)C1C2,DrugBank,0.5555555555555556,train,CCCCC>>O.O
DB00374,Treprostinil,DBMET03508,Treprostinil metabolite HU4,,DB00374,CCCCCC(O)CCC1C(O)CC2Cc3c(cccc3OCC(=O)O)CC21,O=C(O)CC=CCCC1C(O)CC2Cc3c(cccc3OCC(=O)O)CC21,DrugBank,0.609375,train,CCCCC.O>>CCC(=O)O
DB00378,Dydrogesterone,DBMET00695,20-dihydrodydrogesterone,,DB00378,CC(=O)C1CCC2C3C=CC4=CC(=O)CCC4(C)C3CCC12C,C=C1C=C2C=CC3C(CCC4(C)C(C(C)C)CCC34)C2(C)CC1,DrugBank,0.5,train,C.O.O>>C.C.C
DB00385,Valrubicin,DBMET00663,N-trifluoroacetyladriamycinol,,DB00385,CCCCC(=O)OCC(=O)C1(O)Cc2c(O)c3c(c(O)c2C(OC2CC(NC(=O)C(F)(F)F)C(O)C(C)O2)C1)C(=O)c1c(OC)cccc1C3=O,COc1cccc2c1C(=O)c1c(O)c3c(c(O)c1C2=O)CC(O)(C(O)CO)CC3OC1CC(NC(=O)C(F)(F)F)C(O)C(C)O1,DrugBank,0.7142857142857143,train,CCCCC=O.O>>O
DB00388,Phenylephrine,DBMET02847,m-hydroxymandelic acid,"Amine oxidase [flavin-containing] A, Amine oxidase [flavin-containing] B",DB00388,CNCC(O)c1cccc(O)c1,O=C(O)C(O)c1cccc(O)c1,DrugBank,0.4571428571428571,train,CN>>O.O
DB00404,Alprazolam,DBMET01582,Beta-Hydroxyalprazolam,"Cytochrome P450 2C9, Cytochrome P450 2C19, Cytochrome P450 3A4",DB00404,Cc1nnc2n1-c1ccc(Cl)cc1C(c1ccccc1)=NC2,OCc1nnc2n1-c1ccccc1C(c1ccccc1)=NC2O,Both,0.2698412698412698,train,Cl>>O.O
DB00410,Mupirocin,DBMET00912,Monic acid,,DB00410,CC(=CC(=O)OCCCCCCCCC(=O)O)CC1OCC(CC2OC2C(C)C(C)O)C(O)C1O,CC(=CC(=O)O)CC1CCC(CC2OC2C(C)C(C)O)C(O)C1O,DrugBank,0.5384615384615384,train,CCCCCCCCC(=O)O.O>>C
DB00412,Rosiglitazone,DBMET01365,Phenoxyacetic acid derivative of rosiglitazone,,DB00412,CN(CCOc1ccc(CC2SC(=O)NC2=O)cc1)c1ccccn1,O=C(O)COc1ccc(CC2SC(=O)NC2=O)cc1,DrugBank,0.5272727272727272,train,CNc1ccccn1>>O.O
DB00417,Phenoxymethylpenicillin,DBMET00983,Penicilloic acid,,DB00417,CC1(C)SC2C(NC(=O)COc3ccccc3)C(=O)N2C1C(=O)O,CC1(C)SC(C(NC(=O)Cc2ccccc2)C(=O)O)NC1C(=O)O,DrugBank,0.3333333333333333,train,Oc1ccccc1>>O.c1ccccc1
DB00425,Zolpidem,DBMET01794,methoxyzolpidem,"Cytochrome P450 3A4, Cytochrome P450 1A2, Cytochrome P450 2D6, Cytochrome P450 2C9, Cytochrome P450 2C19",DB00425,Cc1ccc(-c2nc3ccc(C)cn3c2CC(=O)N(C)C)cc1,Cc1cn2c(CC(=O)N(C)C)c(-c3ccc(CO)cc3)nc2cc1O,Both,0.6153846153846154,train,[H]>>O.O
DB00440,Trimethoprim,DBMET03019,3-NO-TMP,Cytochrome P450 1A2,DB00440,COc1cc(Cc2cnc(N)nc2N)cc(OC)c1OC,COc1cc(Cc2c[n+]([O-])c(N)nc2N)cc(OC)c1OC,DrugBank,0.6136363636363636,train,N>>N.[O-]
DB00448,Lansoprazole,DBMET01822,Hydroxylansoprazole,"Cytochrome P450 2C19, Cytochrome P450 2C9, Cytochrome P450 3A4, Cytochrome P450 2C8",DB00448,Cc1c(OCC(F)(F)F)ccnc1C[S+]([O-])c1nc2ccccc2[nH]1,Cc1cc(OCC(F)(F)F)c(C)c(C[S+]([O-])c2nc3c(O)cccc3[nH]2)n1,DrugBank,0.578125,train,[H]>>C.O
DB00458,Imipramine,DBMET01959,Didemethylimipramine,,DB00458,CN(C)CCCN1c2ccccc2CCc2ccccc21,NCCCN1c2ccccc2CCc2ccccc21,DrugBank,0.6176470588235294,train,C.C>>[H]
DB00461,Nabumetone,DBMET02521,3-OH-nabumetone,"11-beta-hydroxysteroid dehydrogenase 1, Aldo-keto reductase family 1 member C1, Aldo-keto reductase family 1 member C3, Aldo-keto reductase family 1 member C4",DB00461,COc1ccc2cc(CCC(C)=O)ccc2c1,COc1ccc2cc(CC(O)C(C)=O)ccc2c1,DrugBank,0.5897435897435898,train,O>>O.[OH]
DB00477,Chlorpromazine,DBMET00822,dedimethylchlorpromazine,,DB00477,CN(C)CCCN1c2ccccc2Sc2ccc(Cl)cc21,NCCCN1c2ccccc2Sc2ccc(Cl)cc21,DrugBank,0.7073170731707317,train,C.C>>[H]
DB00502,Haloperidol,DBMET01676,p-Fluorobenzoylpropionic acid and 4-(4-chlorophenyl)-4-hydroxypiperidine,"Cytochrome P450 3A4, Cytochrome P450 2D6",DB00502,O=C(CCCN1CCC(O)(c2ccc(Cl)cc2)CC1)c1ccc(F)cc1,O=C(O)CCC(=O)c1ccc(F)cc1,Both,0.375,train,OC1(c2ccc(Cl)cc2)CCNCC1>>O.O
DB00502,Haloperidol,DBMET00252,fluorobenzoylpropionic acid,Cytochrome P450 1A2,DB00502,O=C(CCCN1CCC(O)(c2ccc(Cl)cc2)CC1)c1ccc(F)cc1,O=C(O)CCC(=O)c1ccc(F)c(F)c1,DrugBank,0.3018867924528302,train,OC1(c2ccc(Cl)cc2)CCNCC1>>F.O.O
DB00507,Nitazoxanide,DBMET01013,Tizoxanide glucuronide,,DB00507,CC(=O)Oc1ccccc1C(=O)Nc1ncc([N+](=O)[O-])s1,O=C(Nc1ncc([N+](=O)[O-])s1)c1ccccc1OC1OC(C(=O)O)C(O)C(O)C1O,DrugBank,0.5873015873015873,train,O>>O.O=C(O)C(O)C(O)CO
DB00513,Aminocaproic acid,DBMET00501,Adipic acid,,DB00513,NCCCCCC(=O)O,O=C(O)CCCCC(=O)O,DrugBank,0.6470588235294118,train,N>>O.O
DB00546,Adinazolam,DBMET00280,desmethyladinazolam,"Cytochrome P450 2C19, Cytochrome P450 3A4",DB00546,CN(C)Cc1nnc2n1-c1ccc(Cl)cc1C(c1ccccc1)=NC2,NCc1nnc2n1-c1ccc(Cl)cc1C(c1ccccc1)=NC2,DrugBank,0.78,train,C.C>>[H]
DB00583,Levocarnitine,DBMET00521,[3H]-gamma-Butyrobetaine,,DB00583,C[N+](C)(C)CC(O)CC(=O)[O-],C[N+](C)(C)CCCC(=O)O,DrugBank,0.2666666666666666,train,O.[O-]>>O
DB00601,Linezolid,DBMET03355,PNU-142300,,DB00601,CC(=O)NCC1CN(c2ccc(N3CCOCC3)c(F)c2)C(=O)O1,CC(=O)NCC1CN(c2ccc(NCCOCC(=O)O)c(F)c2)C(=O)O1,DrugBank,0.6212121212121212,train,[H]>>O.O
DB00601,Linezolid,DBMET03356,PNU-142586,,DB00601,CC(=O)NCC1CN(c2ccc(N3CCOCC3)c(F)c2)C(=O)O1,CC(=O)NCC1CN(c2ccc(N(CCO)CC(=O)O)c(F)c2)C(=O)O1,DrugBank,0.582089552238806,train,[H]>>O.O
DB00604,Cisapride,DBMET01633,3-Fluoro-4-hydroxycisapride,Cytochrome P450 2C8,DB00604,COc1cc(N)c(Cl)cc1C(=O)NC1CCN(CCCOc2ccc(F)cc2)CC1OC,COc1cc(N)c(Cl)cc1C(=O)NC1CCN(CCCOc2ccc(O)c(F)c2)CC1OC,Both,0.8333333333333334,train,F>>F.O
DB00655,Estrone,DBMET00615,2-Hydroxyestrone sulfate,,DB00655,CC12CCC3c4ccc(O)cc4CCC3C1CCC2=O,CC12CCC3c4cc(O)c(OS(=O)(=O)O)cc4CCC3C1CCC2=O,DrugBank,0.6111111111111112,train,[H]>>O.O=[SH](=O)O
DB00655,Estrone,DBMET00616,4-Hydroxyestrone sulfate,,DB00655,CC12CCC3c4ccc(O)cc4CCC3C1CCC2=O,CC12CCC3c4ccc(OS(=O)(=O)O)c(O)c4CCC3C1CCC2=O,DrugBank,0.5535714285714286,train,[H]>>O.O=[SH](=O)O
DB00655,Estrone,DBMET01665,16alpha-OH-estrone,"Cytochrome P450 1A1, Cytochrome P450 2C8, Cytochrome P450 3A4, Cytochrome P450 3A5, Cytochrome P450 3A7",DB00655,CC12CCC3c4ccc(O)cc4CCC3C1CCC2=O,CC12CCC3c4ccc(O)cc4CCC3C1CC(O)C2=O,Both,0.6875,train,O>>O.[OH]
DB00661,Verapamil,DBMET00131,Verapamil metabolite D-617,Cytochrome P450 2C8,DB00661,COc1ccc(CCN(C)CCCC(C#N)(c2ccc(OC)c(OC)c2)C(C)C)cc1OC,CNCCCC(C#N)(c1ccc(OC)c(OC)c1)C(C)C,Both,0.6111111111111112,train,C.COc1ccc(C)cc1OC>>[H]
DB00669,Sumatriptan,DBMET02583,Sumatriptan Metabolite GR49336,,DB00669,CNS(=O)(=O)Cc1ccc2[nH]cc(CCN(C)C)c2c1,CNS(=O)(=O)Cc1ccc2[nH]cc(CC(=O)O)c2c1,DrugBank,0.6808510638297872,train,CNC>>O.O
DB00699,Nicergoline,DBMET00320,"10-alpha-methoxy-9,10-dihydrolysergol",Cytochrome P450 2D6,DB00699,COC12CC(COC(=O)c3cncc(Br)c3)CN(C)C1Cc1cn(C)c3cccc2c13,COC12CC(CO)CN(C)C1Cc1c[nH]c3cccc2c13,DrugBank,0.4358974358974359,train,C.O=Cc1cncc(Br)c1>>[H]
DB00706,Tamsulosin,DBMET02489,Tamsulosin AM-1 Metabolite,Cytochrome P450 3A4,DB00706,CCOc1ccccc1OCCNC(C)Cc1ccc(OC)c(S(N)(=O)=O)c1,CCOc1ccccc1OCC(=O)O,DrugBank,0.2982456140350877,train,COc1ccc(CC(C)N)cc1S(N)(=O)=O>>O.O
DB00714,Apomorphine,DBMET03130,O-quinone,,DB00714,CN1CCc2cccc3c2C1Cc1ccc(O)c(O)c1-3,CN1CCc2cccc3c2C1CC1=C3C(=O)C(=O)C=C1,DrugBank,0.490566037735849,train,O.O>>O.O
DB00741,Hydrocortisone,DBMET02905,Tetrahydrocortisol Glucuronide 1,,DB00741,CC12CCC(=O)C=C1CCC1C2C(O)CC2(C)C1CCC2(O)C(=O)CO,CC12CCC(O)CC1CCC1C2C(O)CC2(C)C1CCC2(O)C(=O)COC1OC(C(=O)O)C(O)C(O)C1O,DrugBank,0.3703703703703703,train,O>>O.O=C(O)C1OCC(O)C(O)C1O
DB00741,Hydrocortisone,DBMET02906,Tetrahydrocortisone Glucuronide 1,,DB00741,CC12CCC(=O)C=C1CCC1C2C(O)CC2(C)C1CCC2(O)C(=O)CO,CC12CCC(O)CC1CCC1C2C(=O)CC2(C)C1CCC2(O)C(=O)COC1OC(C(=O)O)C(O)C(O)C1O,DrugBank,0.2840909090909091,train,O.O>>O.O.O=C(O)C1OCC(O)C(O)C1O
DB00741,Hydrocortisone,DBMET02907,Tetrahydrocortisone Glucuronide 2,,DB00741,CC12CCC(=O)C=C1CCC1C2C(O)CC2(C)C1CCC2(O)C(=O)CO,CC12CCC(OC3OC(C(=O)O)C(O)C(O)C3O)CC1CCC1C2C(=O)CC2(C)C1CCC2(O)C(=O)CO,DrugBank,0.3411764705882353,train,O.O>>O.O=C(O)C1OC(O)C(O)C(O)C1O
DB00755,Tretinoin,DBMET03634,Retinotaurine,,DB00755,CC(C=CC1=C(C)CCCC1(C)C)=CC=CC(C)=CC(=O)O,CC(C=CC1=C(C)C(=O)CCC1(C)CO)=CCCC(C)C(=O)NCCS(=O)(=O)O,DrugBank,0.2631578947368421,train,CC(C)=CC(=O)O>>CC(C)C(=O)NCCS(=O)(=O)O.O.O
DB00764,Mometasone,DBMET00759,6-beta-hydroxy-mometasone furoate,,DB00764,CC1CC2C3CCC4=CC(=O)C=CC4(C)C3(Cl)C(O)CC2(C)C1(O)C(=O)CCl,CC1CC2C3C(O)CC4=CC(=O)C=CC4(C)C3(Cl)C(O)CC2(C)C1(OC(=O)c1ccco1)C(=O)CCl,DrugBank,0.4878048780487805,train,[H]>>O.O=Cc1ccco1
DB00772,Malathion,DBMET00902,Malathion dicarboxylic acid,,DB00772,CCOC(=O)CC(SP(=S)(OC)OC)C(=O)OCC,COP(=S)(OC)SC(CC(=O)O)C(=O)O,DrugBank,0.5555555555555556,train,CC.CC>>[H]
DB00790,Perindopril,DBMET00986,Perindoprilat glucuronide,,DB00790,CCCC(NC(C)C(=O)N1C(C(=O)O)CC2CCCCC21)C(=O)OCC,CCC(NC(C)C(=O)N1C(C(=O)OC2(C(=O)O)OC(C)C(O)C(O)C2O)CC2CCCCC21)C(=O)O,Both,0.4794520547945205,train,C.CC>>CC1OC(C(=O)O)C(O)C(O)C1O
DB00842,Oxazepam,DBMET00650,Oxazepam glucuronide,"UDP-glucuronosyltransferase 2B15, UDP-glucuronosyltransferase 2B7, UDP-glucuronosyltransferase 1A9",DB00842,O=C1Nc2ccc(Cl)cc2C(c2ccccc2)=NC1O,O=C(O)C1OC(OC2N=C(c3ccccc3)c3cc(Cl)ccc3N=C2O)C(O)C(O)C1O,DrugBank,0.373134328358209,train,O.[OH]>>O.O=C(O)C1OC(O)C(O)C(O)C1O
DB00857,Terbinafine,DBMET01203,Terbinafine dihydrodiol derivative (1),"Cytochrome P450 1A2, Cytochrome P450 2C9, Cytochrome P450 2B6",DB00857,CN(CC=CC#CC(C)(C)C)Cc1cccc2ccccc12,CN(CC=CC#CC(C)(C)C)Cc1cc(O)c(O)c2ccccc12,DrugBank,0.6530612244897959,train,[H]>>O.O
DB00857,Terbinafine,DBMET01204,Terbinafine dihydrodiol derivative (2),"Cytochrome P450 1A2, Cytochrome P450 2C9, Cytochrome P450 2B6",DB00857,CN(CC=CC#CC(C)(C)C)Cc1cccc2ccccc12,CN(CC=CC#CC(C)(C)C)Cc1cccc2c(O)c(O)ccc12,DrugBank,0.7083333333333334,train,[H]>>O.O
DB00907,Cocaine,DBMET00358,norcocaine,Cytochrome P450 3A4,DB00907,COC(=O)C1C(OC(=O)c2ccccc2)CC2CCC1N2C,COC(=O)C1C2CCC(CC1C(=O)Oc1ccccc1)N2,DrugBank,0.3442622950819672,train,C.CN.COC=O>>CCN.CO.O
DB00945,Acetylsalicylic acid,DBMET02417,Phenolic glucuronide,UDP-glucuronosyltransferase 1-6,DB00945,CC(=O)Oc1ccccc1C(=O)O,O=C(O)C1OC(Oc2ccccc2)C(O)C(O)C1O,DrugBank,0.2272727272727272,train,O.O=CO>>O.O=C(O)C(O)C(O)CO
DB00945,Acetylsalicylic acid,DBMET02421,Salicyluric acid,Medium-chain fatty-acid--CoA ligase,DB00945,CC(=O)Oc1ccccc1C(=O)O,O=C(O)CNC(=O)c1ccccc1O,DrugBank,0.2894736842105263,train,CC=O.O>>NCC(=O)O
DB00953,Rizatriptan,DBMET03667,Triazolomethyl-indole-3-acetic acid,Amine oxidase [flavin-containing] A,DB00953,CN(C)CCc1c[nH]c2ccc(Cn3cncn3)cc12,O=C(O)Cc1c[nH]c2ccc(Cn3cncn3)cc12,DrugBank,0.68,train,CNC>>O.O
DB00968,Methyldopa,DBMET00637,"3,4-Dihydroxyphenylacetone",,DB00968,CC(N)(Cc1ccc(O)c(O)c1)C(=O)O,CC(=O)Cc1ccc(O)c(O)c1,DrugBank,0.4857142857142857,train,N.O=CO>>O
DB00997,Doxorubicin,DBMET00846,Doxorubicin-semiquinone,"NADH dehydrogenase [ubiquinone] iron-sulfur protein 2, mitochondrial, NADH dehydrogenase [ubiquinone] iron-sulfur protein 3, mitochondrial, NADH dehydrogenase [ubiquinone] iron-sulfur protein 7, mitochondrial, Nitric oxide synthase 3, Nitric oxide synthase, inducible, Nitric oxide synthase 1, Xanthine dehydrogenase/oxidase, NAD(P)H dehydrogenase [quinone] 1",DB00997,COc1cccc2c1C(=O)c1c(O)c3c(c(O)c1C2=O)CC(O)(C(=O)CO)CC3OC1CC(N)C(O)C(C)O1,COc1cccc2c1C([O])c1c(O)c3c(c(O)c1C2O)CC(O)(C(=O)CO)CC3OC1CC(N)C(O)C(C)O1,DrugBank,0.6867469879518072,train,O.O.[OH]>>O.O.[O]
DB00997,Doxorubicin,DBMET03627,Doxorubicin deoxaglycone,"NADPH--cytochrome P450 reductase, Xanthine dehydrogenase/oxidase, NAD(P)H dehydrogenase [quinone] 1",DB00997,COc1cccc2c1C(=O)c1c(O)c3c(c(O)c1C2=O)CC(O)(C(=O)CO)CC3OC1CC(N)C(O)C(C)O1,COc1cccc2c1C(=O)c1c(O)c3c(c(O)c1C2=O)CC(O)(C(=O)CO)CC3,DrugBank,0.5263157894736842,train,CC1OC(O)CC(N)C1O.O.O>>O.[OH]
DB00998,Frovatriptan,DBMET00886,Hydroxylated N-acetyl desmethyl frovatriptan,,DB00998,CNC1CCc2[nH]c3ccc(C(N)=O)cc3c2C1,CC(=O)NC1CCC2Nc3c(O)cc(C(N)=O)cc3C2C1,DrugBank,0.2769230769230769,train,[H]>>C.O.O
DB00998,Frovatriptan,DBMET00921,N-acetyl desmethyl frovatriptan,,DB00998,CNC1CCc2[nH]c3ccc(C(N)=O)cc3c2C1,CC(=O)NC1CCC2Nc3ccc(C(N)=O)cc3C2C1,DrugBank,0.3442622950819672,train,[H]>>C.O
DB01022,Phylloquinone,DBMET03365,Vitamin K 5 Carbon Metabolite,,DB01022,CC(=CCC1=C(C)C(=O)c2ccccc2C1=O)CCCC(C)CCCC(C)CCCC(C)C,CC(=CCC1=C(C)C(=O)c2ccccc2C1=O)C(=O)O,DrugBank,0.5306122448979592,train,CCC(C)CCCC(C)CCCC(C)C>>O.O
DB01022,Phylloquinone,DBMET03366,Vitamin K 7 Carbon Metabolite,,DB01022,CC(=CCC1=C(C)C(=O)c2ccccc2C1=O)CCCC(C)CCCC(C)CCCC(C)C,CC(=CCC1=C(C)C(=O)c2ccccc2C1=O)CCC(=O)O,DrugBank,0.625,train,C.CC(C)CCCC(C)CCCC(C)C>>C.C.O.O
DB01029,Irbesartan,DBMET01053,Irbesartan derivative M3,,DB01029,CCCCC1=NC2(CCCC2)C(=O)N1Cc1ccc(-c2ccccc2-c2nn[nH]n2)cc1,O=C(O)CCCC1=NC2(CCCC2)C(=O)N1Cc1ccc(-c2ccccc2-c2nn[nH]n2)cc1,Both,0.7936507936507936,train,[H]>>O.O
DB01035,Procainamide,DBMET00322,N-Acetyl-3-hydroxyprocainamide,Cytochrome P450 2D6,DB01035,CCN(CC)CCNC(=O)c1ccc(N)cc1,CCN(CC)CCNC(=O)c1ccc(NC(C)=O)c(O)c1,DrugBank,0.5681818181818182,train,[H]>>CC=O.O
DB01068,Clonazepam,DBMET03610,3-hydroxy-clonazepam,,DB01068,O=C1CN=C(c2ccccc2Cl)c2cc([N+](=O)[O-])ccc2N1,O=C1Nc2ccc([N+](=O)[O-])cc2C(c2ccccc2Cl)=NC1O,DrugBank,0.6296296296296297,train,O>>O.[OH]
DB01079,Tegaserod,DBMET02368,5-methoxyindole-3-carboxylic acid,,DB01079,CCCCCNC(=N)NN=Cc1c[nH]c2ccc(OC)cc12,COc1ccc2[nH]cc(C(=O)O)c2c1,DrugBank,0.3859649122807017,train,CCCCCN=C(N)NN>>O.O
DB01088,Iloprost,DBMET03767,Dinor-iloprost,,DB01088,CC#CCC(C)C(O)C=CC1C(O)CC2CC(=CCCCC(=O)O)CC21,CC#CCC(C)C(O)C=CC1C(O)CC2CC(=CCC(=O)O)CC21,DrugBank,0.8103448275862069,train,CC(=O)O>>O.O
DB01097,Leflunomide,DBMET00226,A771726,Cytochrome P450 1A2,DB01097,Cc1oncc1C(=O)Nc1ccc(C(F)(F)F)cc1,CC(O)=C(C#N)C(=O)Nc1ccc(C(F)(F)F)cc1,DrugBank,0.4,train,N~O>>N.O
DB01129,Rabeprazole,DBMET01169,Active Metabolite of Rabeprazole,,DB01129,COCCCOc1ccnc(C[S+]([O-])c2nc3ccccc3[nH]2)c1C,COCCCOc1cc2[n+](cc1C)-c1nc3ccccc3n1SC2,DrugBank,0.3157894736842105,train,C[S+]([O-])C1NC2CCCCC2N1.N>>CSN1C([N+])NC2CCCCC21
DB01132,Pioglitazone,DBMET01304,Pioglitazone metabolite M-VI,"Cytochrome P450 2C8, Cytochrome P450 3A4",DB01132,CCc1ccc(CCOc2ccc(CC3SC(=O)NC3=O)cc2)nc1,O=C1NC(=O)C(Cc2ccc(OCCc3ccc(C(=O)O)cn3)cc2)S1,DrugBank,0.7307692307692307,train,C>>O.O
DB01132,Pioglitazone,DBMET01305,Pioglitazone metabolite M-V,"Cytochrome P450 2C8, Cytochrome P450 3A4",DB01132,CCc1ccc(CCOc2ccc(CC3SC(=O)NC3=O)cc2)nc1,O=C(O)Cc1ccc(CCOc2ccc(CC3SC(=O)NC3=O)cc2)nc1,DrugBank,0.7647058823529411,train,[H]>>O.O
DB01142,Doxepin,DBMET00873,(E)-2-hydroxydoxepin,Cytochrome P450 2D6,DB01142,CN(C)CCC=C1c2ccccc2COc2ccccc21,CN(C)CCC=C1c2ccccc2COc2ccc(O)cc21,DrugBank,0.7441860465116279,train,CCCN(C)C>>C=CCN(C)C.[OH]
DB01168,Procarbazine,DBMET00946,N-isopropylterephthalamic acid,,DB01168,CNNCc1ccc(C(=O)NC(C)C)cc1,CC(C)NC(=O)c1ccc(C(=O)O)cc1,DrugBank,0.5588235294117647,train,CNN>>O.O
DB01171,Moclobemide,DBMET02164,Moclobemide M9,,DB01171,O=C(NCCN1CCOCC1)c1ccc(Cl)cc1,O=C(O)CNC(=O)c1ccc(Cl)cc1,DrugBank,0.4634146341463415,train,C1COCCN1>>O.O
DB01173,Orphenadrine,DBMET00953,"N,N-didemethyl orphenadrine",,DB01173,Cc1ccccc1C(OCCN(C)C)c1ccccc1,Cc1ccccc1C(OCCN)c1ccccc1,DrugBank,0.6756756756756757,train,C.C>>[H]
DB01192,Oxymorphone,DBMET00425,alpha-noroxycodol,Cytochrome P450 3A4,DB01192,CN1CCC23c4c5ccc(O)c4OC2C(=O)CCC3(O)C1C5,COc1ccc2c3c1OC1C(O)CCC4(O)C(C2)NCCC314,DrugBank,0.2876712328767123,train,C.O>>C.O
DB01192,Oxymorphone,DBMET00428,alpha-oxycodol,Cytochrome P450 2D6,DB01192,CN1CCC23c4c5ccc(O)c4OC2C(=O)CCC3(O)C1C5,COc1ccc2c3c1OC1C(O)CCC4(O)C(C2)N(C)CCC314,DrugBank,0.5,train,O>>C.O
DB01221,Ketamine,DBMET00190,6-Hydroxyketamine,,DB01221,CNC1(c2ccccc2Cl)CCCCC1=O,CNC1(c2ccccc2Cl)CCCC(O)C1=O,DrugBank,0.6190476190476191,train,O>>O.[OH]
DB01240,Epoprostenol,DBMET00543,"6,15-Diketo-13,14-dihydro-PGF1-alpha",,DB01240,CCCCCC(O)C=CC1C(O)CC2OC(=CCCCC(=O)O)CC21,CCCCCC(=O)C=CC1C(O)CC(O)C1CC(=O)CCCCC(=O)O,DrugBank,0.3529411764705882,train,CCCCC(=O)O.O>>CCCCC(=O)O.O.O
DB01240,Epoprostenol,DBMET00557,6-Keto-PGF1-alpha,,DB01240,CCCCCC(O)C=CC1C(O)CC2OC(=CCCCC(=O)O)CC21,CCCCCC(O)C=CC1C(O)CC(O)C1CC(=O)CCCCC(=O)O,DrugBank,0.532258064516129,train,CCCCC(=O)O>>CCCCC(=O)O.O
DB01424,Aminophenazone,DBMET01583,"4-(Dimethylamino)-5-methyl-2-phenyl-1,2-dihydro-3H-pyrazol-3-one","Cytochrome P450 2C19, Cytochrome P450 2C8, Cytochrome P450 2D6, Cytochrome P450 2C18, Cytochrome P450 1A2",DB01424,Cc1c(N(C)C)c(=O)n(-c2ccccc2)n1C,CN(C)c1c[nH]n(-c2ccccc2)c1=O,DrugBank,0.4,train,C.C>>[H]
DB01611,Hydroxychloroquine,DBMET02741,Bidesethylchloroquine,Cytochrome P450 3A4,DB01611,CCN(CCO)CCCC(C)Nc1ccnc2cc(Cl)ccc12,CC(CCCN)Nc1ccnc2cc(Cl)ccc12,DrugBank,0.660377358490566,train,CC.CCO>>[H]
DB02546,Vorinostat,DBMET00726,4-anilino-4-oxobutanoic acid,,DB02546,O=C(CCCCCCC(=O)Nc1ccccc1)NO,O=C(O)CCC(=O)Nc1ccccc1,DrugBank,0.6129032258064516,train,CCCC(O)=NO>>O.O
DB02703,Fusidic acid,DBMET00715,3-keto fusidic acid,,DB02703,CC(=O)OC1CC2(C)C(CC(O)C3C4(C)CCC(O)C(C)C4CCC32C)C1=C(CCC=C(C)C)C(=O)O,CC(=O)OC1CC2(C)C(CC(O)C3C4(C)CCC(O)C(C)C4CCC32C)C1=C(C(=O)O)C(=O)CC=C(C)C,DrugBank,0.75,train,CC=C(C)C.O=CO>>CC(C)C=CC=O.O.O
DB02789,Pregnenolone,DBMET00500,17-Hydroxypregnenolone sulfate,,DB02789,CC(=O)C1CCC2C3CC=C4CC(O)CCC4(C)C3CCC12C,CC(=O)C1(O)CCC2C3CC=C4CC(OS(=O)(=O)O)CCC4(C)C3CCC21C,DrugBank,0.421875,train,[H]>>O.O=[SH](=O)O
DB02901,Stanolone,DBMET00592,11-Oxo-androsterone glucuronide,,DB02901,CC12CCC3C(CCC4CC(=O)CCC43C)C1CCC2O,CC12CC(=O)C3C(CCC4CC(OC5OC(C(=O)O)C(O)C(O)C5O)CCC43C)C1CCC2=O,DrugBank,0.2666666666666666,train,O.O>>O.O.O=C(O)C1OC(O)C(O)C(O)C1O
DB02901,Stanolone,DBMET00601,11-beta-Hydroxyandrosterone-3-glucuronide,,DB02901,CC12CCC3C(CCC4CC(=O)CCC43C)C1CCC2O,CC12CC(O)C3C(CCC4CC(OC5OC(C(=O)O)C(O)C(O)C5O)CCC43C)C1CCC2=O,DrugBank,0.2666666666666666,train,O.O>>O.O.O=C(O)C1OC(O)C(O)C(O)C1O
DB04876,Vildagliptin,DBMET03319,Vildagliptin M20.7 metabolite,,DB04876,N#CC1CCCN1C(=O)CNC12CC3CC(CC(O)(C3)C1)C2,O=C(O)C1CCCN1C(=O)CNC12CC3CC(CC(O)(C3)C1)C2,DrugBank,0.6862745098039216,train,N>>O.O
DB04876,Vildagliptin,DBMET03322,Vildagliptin M20.9 metabolite,,DB04876,N#CC1CCCN1C(=O)CNC12CC3CC(CC(O)(C3)C1)C2,N#CC1C(O)C(O)CN1C(=O)CNC12CC3CC(CC(O)(C3)C1)C2,DrugBank,0.6181818181818182,train,[H]>>O.O
DB04876,Vildagliptin,DBMET03323,Vildagliptin M21.6 metabolite,,DB04876,N#CC1CCCN1C(=O)CNC12CC3CC(CC(O)(C3)C1)C2,O=C(O)CCCNC(=O)CNC12CC3CC(CC(O)(C3)C1)C2,DrugBank,0.4310344827586206,train,C#N>>O.O
DB06016,Cariprazine,DBMET03492,Didesmethyl cariprazine,"Cytochrome P450 3A4, Cytochrome P450 2D6",DB06016,CN(C)C(=O)NC1CCC(CCN2CCN(c3cccc(Cl)c3Cl)CC2)CC1,NC(=O)NC1CCC(CCN2CCN(c3cccc(Cl)c3Cl)CC2)CC1,DrugBank,0.7636363636363637,train,C.C>>[H]
DB06263,Amrubicin,DBMET02166,Amrubicin Met A,"NADPH--cytochrome P450 reductase, Quinone oxidoreductase",DB06263,CC(=O)C1(N)Cc2c(O)c3c(c(O)c2C(OC2CC(O)C(O)CO2)C1)C(=O)c1ccccc1C3=O,CC(=O)C1(N)CCc2c(O)c3c(c(O)c2C1)C(=O)c1ccccc1C3=O,DrugBank,0.5,train,O.O.OC1CC(O)C(O)CO1>>O.O
DB06263,Amrubicin,DBMET02010,amrubicinol,Carbonyl reductase [NADPH] 3,DB06263,CC(=O)C1(N)Cc2c(O)c3c(c(O)c2C(OC2CC(O)C(O)CO2)C1)C(=O)c1ccccc1C3=O,CC(O)C1(N)Cc2c(O)c3c(c(O)c2C(OC2CCC(O)C(O)O2)C1)C(=O)c1ccccc1C3=O,DrugBank,0.5882352941176471,train,O.O>>O.O
DB06282,Levocetirizine,DBMET02646,Levocetirizine N-dealkylated and Aromatic Hydroxylated Metabolite (M9),,DB06282,O=C(O)COCCN1CCN(C(c2ccccc2)c2ccc(Cl)cc2)CC1,Oc1ccc(C(O)c2ccc(Cl)cc2)cc1,DrugBank,0.24,train,O=C(O)COCCN1CCNCC1>>O.O
DB06608,Tafenoquine,DBMET02126,"5,6-ortho-quinone",Cytochrome P450 2D6,DB06608,COc1cc(C)c2c(Oc3cccc(C(F)(F)F)c3)c(OC)cc(NC(C)CCCN)c2n1,COc1cc(C)c2c(n1)C(NC(C)CCCN)=CC(=O)C2=O,DrugBank,0.3974358974358974,train,CC(N)CCCN.CO.Oc1cccc(C(F)(F)F)c1>>CC(N)CCCN.O.O
DB06652,Vicriviroc,DBMET00079,Vicriviroc hydroxylamine,Cytochrome P450 3A4,DB06652,COCC(c1ccc(C(F)(F)F)cc1)N1CCN(C2(C)CCN(C(=O)c3c(C)ncnc3C)CC2)CC1C,COCC(c1ccc(C(F)(F)F)cc1)N1CCN(C2(C)CCN(C(=O)C3=C(C)N=CN(O)C3C)CC2)CC1C,DrugBank,0.7236842105263158,train,CC~N>>CCN.O
DB06652,Vicriviroc,DBMET00080,Vicriviroc N-oxide,"Cytochrome P450 3A5, Cytochrome P450 3A4",DB06652,COCC(c1ccc(C(F)(F)F)cc1)N1CCN(C2(C)CCN(C(=O)c3c(C)ncnc3C)CC2)CC1C,COCC(c1ccc(C(F)(F)F)cc1)N1CCN(C2(C)CCN(C(=O)c3c(C)nc[n+]([O-])c3C)CC2)CC1C,Both,0.8108108108108109,train,N>>N.[O-]
DB06685,Laquinimod,DBMET01686,"5-chloro-N-ethyl-4-hydroxy-2-oxo-N-phenyl-1,2-dihydroquinoline-3-carboxamide",Cytochrome P450 3A4,DB06685,CCN(C(=O)c1c(O)c2c(Cl)cccc2n(C)c1=O)c1ccccc1,CCN(C(=O)c1c(O)c2c(Cl)cccc2[nH]c1=O)c1ccccc1,DrugBank,0.6181818181818182,train,C.O.O>>O.[OH]
DB06698,Betahistine,DBMET00688,2-pyridylacetic acid,Monoamine oxidase,DB06698,CNCCc1ccccn1,O=C(O)Cc1ccccn1,DrugBank,0.4242424242424242,train,CN>>O.O
DB08808,Bupranolol,DBMET00809,"carboxybupranolol, 4-chloro-3-[3-(1,1-dimethylethylamino)-2-hydroxy-propyloxy]benzoic acid",,DB08808,Cc1ccc(Cl)c(OCC(O)CNC(C)(C)C)c1,CCCCNCC(O)COc1cc(C(=O)O)ccc1Cl,DrugBank,0.4814814814814814,train,C.C>>CC.O.O
DB08820,Ivacaftor,DBMET02319,M6 (ivacaftor-carboxylate),"Cytochrome P450 3A4, Cytochrome P450 3A5",DB08820,CC(C)(C)c1cc(C(C)(C)C)c(NC(=O)c2c[nH]c3ccccc3c2=O)cc1O,CC(C)(C)c1cc(C(C)(C)C(=O)O)c(O)cc1NC(=O)c1c[nH]c2ccccc2c1=O,DrugBank,0.8627450980392157,train,[H]>>O.O
DB08877,Ruxolitinib,DBMET03264,Ruxolitinib M49 metabolite,"Cytochrome P450 3A4, Cytochrome P450 2C9",DB08877,N#CCC(C1CCCC1)n1cc(-c2ncnc3[nH]ccc23)cn1,N#CCC(C1CCCC1)n1cc(C2=C3C(=O)CNC3=NC(O)N2)cn1,DrugBank,0.4507042253521127,train,[H]>>O.[OH]
DB08881,Vemurafenib,DBMET01854,vemurafenib intermediary metabolite,,DB08881,CCCS(=O)(=O)Nc1ccc(F)c(C(=O)c2c[nH]c3ncc(-c4ccc(Cl)cc4)cc23)c1F,Nc1ccc(F)c(C(=O)c2c[nH]c3ncc(-c4cccc(Cl)c4)cc23)c1F,DrugBank,0.5652173913043478,train,CCC[SH](=O)=O.Cl>>Cl
DB08893,Mirabegron,DBMET03329,Mirabegron M12 metabolite,"Cytochrome P450 3A4, Cytochrome P450 2D6, UDP-glucuronosyltransferase 2B7, UDP-glucuronosyltransferase 1A3, UDP-glucuronosyltransferase 1A8",DB08893,Nc1nc(CC(=O)Nc2ccc(CCNCC(O)c3ccccc3)cc2)cs1,Nc1nc(CC(=O)Nc2ccc(CCN(CC(=O)c3ccccc3)C(=O)OC3OC(C(=O)O)C(O)C(O)C3O)cc2)cs1,DrugBank,0.4523809523809524,train,O>>O.O=COC1OC(C(=O)O)C(O)C(O)C1O
DB08921,(4R)-limonene,DBMET01190,Uroterpenol,,DB08921,C=C(C)C1CC=C(C)CC1,CC1=CCC(C(C)(O)CO)CC1,DrugBank,0.4054054054054054,train,C>>CO.O
DB09073,Palbociclib,DBMET02374,Palbociclib M6,Cytochrome P450 3A4,DB09073,CC(=O)c1c(C)c2cnc(Nc3ccc(N4CCNCC4)cn3)nc2n(C2CCCC2)c1=O,CC(=O)c1c(C)c2cnc(Nc3ccc(N4CC(O)NCC4O)cn3)nc2n(C2CCCC2)c1=O,DrugBank,0.7066666666666667,train,[H]>>O.O
DB09073,Palbociclib,DBMET02377,Palbociclib M9,Cytochrome P450 3A4,DB09073,CC(=O)c1c(C)c2cnc(Nc3ccc(N4CCNCC4)cn3)nc2n(C2CCCC2)c1=O,CC(=O)c1c(C)c2cnc(Nc3ccc(NCC(=O)O)cn3)nc2n(C2CCCC2)c1=O,DrugBank,0.6712328767123288,train,CCN>>O.O
DB09085,Tetracaine,DBMET01429,para-aminobenzoic acid,,DB09085,CCCCNc1ccc(C(=O)OCCN(C)C)cc1,Nc1ccc(C(=O)O)cc1,DrugBank,0.2,train,CCCC.CCN(C)C>>[H]
DB09149,Florbetapir F-18,DBMET01427,[18F]AV-267 (N-acetyl–[18F]AV-160),,DB09149,CNc1ccc(C=Cc2ccc(OCCOCCOCCF)nc2)cc1,CC(=O)Nc1ccc(C=Cc2ccc(OCCOCCOCCF)nc2)cc1,DrugBank,0.7391304347826086,train,[H]>>C.O
DB09194,Etoperidone,DBMET02182,Etoperidone M12,,DB09194,CCc1nn(CCCN2CCN(c3cccc(Cl)c3)CC2)c(=O)n1CC,CCc1nn(CCC(=O)O)c(=O)n1CC,DrugBank,0.4107142857142857,train,Clc1cccc(N2CCNCC2)c1>>O.O
DB09216,Tolfenamic acid,DBMET01927,N-(2-methyl-3-chlorophenyl)-5-hydroxy-anthranilic acid,,DB09216,Cc1c(Cl)cccc1Nc1ccccc1C(=O)O,Cc1c(Cl)cccc1Nc1cc(O)ccc1C(=O)CC1OC(O)C(O)C(O)C1O,DrugBank,0.4137931034482758,train,O>>CC1OC(O)C(O)C(O)C1O.O
DB09216,Tolfenamic acid,DBMET01929,N-(2-methyl-3-chloro-4-hydroxyphenyl)-anthranilic acid,,DB09216,Cc1c(Cl)cccc1Nc1ccccc1C(=O)O,Cc1c(Nc2ccccc2C(=O)OC2OC(O)C(O)C(O)C2O)ccc(O)c1Cl,DrugBank,0.3859649122807017,train,[H]>>O.OC1COC(O)C(O)C1O
DB09216,Tolfenamic acid,DBMET01935,N-(2-methyl-3-chloro-5-hydroxyphenyl)-anthranilic acid form 2,,DB09216,Cc1c(Cl)cccc1Nc1ccccc1C(=O)O,Cc1c(Cl)cc(O)cc1Nc1ccccc1C(=O)OC1OC(O)C(O)C(O)C1O,DrugBank,0.4035087719298245,train,[H]>>O.OC1COC(O)C(O)C1O
DB09216,Tolfenamic acid,DBMET01937,N-(2-hydroxymethyl-3-chlorophenyl)-anthranilic acid,,DB09216,Cc1c(Cl)cccc1Nc1ccccc1C(=O)O,O=C(OC1OC(O)C(O)C(O)C1O)c1ccccc1Nc1cccc(Cl)c1CO,DrugBank,0.3684210526315789,train,[H]>>O.OC1COC(O)C(O)C1O
DB09216,Tolfenamic acid,DBMET01942,N-(2-methyl-3-chlorophenyl)-4-hydroxy-anthranilic acid,,DB09216,Cc1c(Cl)cccc1Nc1ccccc1C(=O)O,Cc1c(Cl)cccc1Nc1ccc(O)cc1C(=O)OC1OC(O)C(O)C(O)C1O,DrugBank,0.4464285714285714,train,[H]>>O.OC1COC(O)C(O)C1O
DB09268,Picosulfuric acid,DBMET03353,Bis-(p-hydroxyphenyl)-pyridyl-2-methane,,DB09268,O=S(=O)(O)Oc1ccc(C(c2ccc(OS(=O)(=O)O)cc2)c2ccccn2)cc1,Oc1ccc(C(c2ccc(O)cc2)c2ccccn2)cc1,DrugBank,0.5675675675675675,train,O=[SH](=O)O.O=[SH](=O)O>>[H]
DB09277,Choline C 11,DBMET01973,betaine,,DB09277,C[N+](C)(C)CCO,C[N+](C)(C)C(=O)[O-],DrugBank,0.2105263157894736,train,CO>>O.[O-]
DB09298,Silibinin,DBMET01841,O-demethylated-silybin,Cytochrome P450 2C8,DB09298,COc1cc(C2Oc3cc(C4Oc5cc(O)cc(O)c5C(=O)C4O)ccc3OC2CO)ccc1O,O=C1c2c(O)cc(O)cc2OC(c2ccc3c(c2)OC(c2ccc(O)c(O)c2)C(CO)O3)C1O,Both,0.7894736842105263,train,C.O.O>>O.[OH]
DB09300,Butylscopolamine,DBMET01509,BA 790 Br (Scopolamine Butylbromide),,DB09300,CCCC[N+]1(C)C2CC(OC(=O)C(CO)c3ccccc3)CC1C1OC12,C=C(Cc1ccccc1)C(=O)OC1CC2C3OC3C(C1)[N+]2(C)CCCC,DrugBank,0.6166666666666667,train,CO>>C.C
DB09327,Tegafur-uracil,DBMET02003,dihydrotegafur,Cytochrome P450 2A6,DB09327,O=c1[nH]c(=O)n(C2CCCO2)cc1F,O=c1[nH]c(=O)n(C2OCC(O)C2O)cc1F,DrugBank,0.5348837209302325,train,[H]>>O.O
DB09516,Mequinol,DBMET02069,3-hydroxy-4-methoxyanisole,Glutathione S-transferase A1,DB09516,COc1ccc(O)cc1,COc1ccc(OC)c(O)c1,DrugBank,0.5416666666666666,train,[H]>>C.O
DB09546,Iobenguane sulfate I-123,DBMET01492,m-Iodohippuric acid,,DB09546,N=C(N)NCc1cccc(I)c1,O=C(O)CNC(=O)c1cccc(I)c1,DrugBank,0.3658536585365853,train,N.N>>O.O=CO
DB11363,Alectinib,DBMET02146,M1a (Alectinib),,DB11363,CCc1cc2c(cc1N1CCC(N3CCOCC3)CC1)C(C)(C)c1[nH]c3cc(C#N)ccc3c1C2=O,CCc1cc2c(cc1N1CCC(NCCOCC(=O)O)CC1)C(C)(C)c1[nH]c3cc(C#N)ccc3c1C2=O,DrugBank,0.6352941176470588,train,[H]>>O.O
DB11363,Alectinib,DBMET02147,M1b (Alectinib),,DB11363,CCc1cc2c(cc1N1CCC(N3CCOCC3)CC1)C(C)(C)c1[nH]c3cc(C#N)ccc3c1C2=O,CCc1cc2c(cc1N1CCC(N(CCO)CC(=O)O)CC1)C(C)(C)c1[nH]c3cc(C#N)ccc3c1C2=O,DrugBank,0.6666666666666666,train,[H]>>O.O
DB11366,Roquinimex,DBMET01693,"4-hydroxy-N-methyl-2-oxo-N-phenyl-1,2-dihydroquinoline-3-carboxamide",Cytochrome P450 3A4,DB11366,CN(C(=O)c1c(O)c2ccccc2n(C)c1=O)c1ccccc1,CN(C(=O)c1c(O)c2ccccc2[nH]c1=O)c1ccccc1,DrugBank,0.5531914893617021,train,C.O.O>>O.[OH]
DB11642,Pitolisant,DBMET03081,BP2.951,"Cytochrome P450 2D6, Cytochrome P450 3A4",DB11642,Clc1ccc(CCCOCCCN2CCCCC2)cc1,O=C(O)CCCCNCCCOCCCc1ccc(Cl)cc1,DrugBank,0.4285714285714285,train,[H]>>O.O
DB11682,Daprodustat,DBMET03602,Daprodustat M2 metabolite,"Cytochrome P450 2C8, Cytochrome P450 3A4",DB11682,O=C(O)CNC(=O)C1C(=O)N(C2CCCCC2)C(=O)N(C2CCCCC2)C1=O,O=C(O)CNC(=O)C1C(=O)N(C2CCC(O)CC2)C(=O)N(C2CCC(O)CC2)C1O,DrugBank,0.5208333333333334,train,[H]>>O.O
DB11682,Daprodustat,DBMET03604,Daprodustat M6 metabolite,"Cytochrome P450 2C8, Cytochrome P450 3A4",DB11682,O=C(O)CNC(=O)C1C(=O)N(C2CCCCC2)C(=O)N(C2CCCCC2)C1=O,O=C(O)CNC(=O)C1C(=O)N(C2CCCC(O)C2)C(=O)N(C2CCCC(O)C2)C1O,DrugBank,0.5098039215686274,train,[H]>>O.O
DB11682,Daprodustat,DBMET03606,Daprodustat M3 metabolite,"Cytochrome P450 2C8, Cytochrome P450 3A4",DB11682,O=C(O)CNC(=O)C1C(=O)N(C2CCCCC2)C(=O)N(C2CCCCC2)C1=O,O=C(O)CNC(=O)C1C(=O)N(C2CCCC(O)C2)C(=O)N(C2CCC(O)CC2)C1O,DrugBank,0.4814814814814814,train,[H]>>O.O
DB11682,Daprodustat,DBMET03607,Daprodustat M5 metabolite,"Cytochrome P450 2C8, Cytochrome P450 3A4",DB11682,O=C(O)CNC(=O)C1C(=O)N(C2CCCCC2)C(=O)N(C2CCCCC2)C1=O,O=C(O)CNC(=O)C1C(=O)N(C2CCCC(O)C2)C(=O)N(C2CCCC(O)C2)C1=O,DrugBank,0.7317073170731707,train,[H]>>O.O
DB11703,Acalabrutinib,DBMET02881,Acalabrutinib M2 Metabolite,,DB11703,CC#CC(=O)N1CCCC1c1nc(-c2ccc(C(=O)Nc3ccccn3)cc2)c2c(N)nccn12,CC#CC(=O)NCCCC(=O)c1nc(-c2ccc(C(=O)O)cc2)c2c(N)nccn12,DrugBank,0.4352941176470588,train,Nc1ccccn1>>O.O
DB11739,Vonoprazan,DBMET03563,M-I,"Cytochrome P450 3A4, Cytochrome P450 2D6",DB11739,CNCc1cc(-c2ccccc2F)n(S(=O)(=O)c2cccnc2)c1,O=C(O)c1cc(-c2ccccc2F)n(S(=O)(=O)c2cccnc2)c1,DrugBank,0.6428571428571429,train,CN>>O.O
DB11757,Istradefylline,DBMET02754,"3’,4’-O-didemethyl Istradefylline (M3)",,DB11757,CCn1c(=O)c2c(nc(C=Cc3ccc(OC)c(OC)c3)n2C)n(CC)c1=O,CCn1c(=O)c2c(nc(C=Cc3ccc(O)c(O)c3)n2C)n(CC)c1=O,DrugBank,0.6981132075471698,train,C.C>>[H]
DB11763,Momelotinib,DBMET03717,Momelotinib M5 metabolite,,DB11763,N#CCNC(=O)c1ccc(-c2ccnc(Nc3ccc(N4CCOCC4)cc3)n2)cc1,N#CCNC(=O)c1ccc(-c2ccnc(Nc3ccc(N(CC(=O)O)CC(=O)O)cc3)n2)cc1,DrugBank,0.6363636363636364,train,[H]>>O.O.O
DB11763,Momelotinib,DBMET03715,Momelotinib M15 metabolite,,DB11763,N#CCNC(=O)c1ccc(-c2ccnc(Nc3ccc(N4CCOCC4)cc3)n2)cc1,NC(=O)CNC(=O)c1ccc(-c2ccnc(Nc3ccc(N4CCOCC4)cc3)n2)cc1,DrugBank,0.7580645161290323,train,N>>N.O
DB12332,Rucaparib,DBMET03522,Rucaparib M324 metabolite,"Cytochrome P450 2D6, Cytochrome P450 1A2, Cytochrome P450 3A4",DB12332,CNCc1ccc(-c2[nH]c3cc(F)cc4c3c2CCNC4=O)cc1,O=C(O)c1ccc(-c2[nH]c3cc(F)cc4c3c2CCNC4=O)cc1,DrugBank,0.6851851851851852,train,CN>>O.O
DB12364,Betrixaban,DBMET01534,N-desmethylbetrixaban,Cytochrome P450 2D6,DB12364,COc1ccc(NC(=O)c2ccc(C(=N)N(C)C)cc2)c(C(=O)Nc2ccc(Cl)cn2)c1,CNC(=N)c1ccc(C(=O)Nc2ccc(OC)cc2C(=O)Nc2ccc(Cl)cn2)cc1,DrugBank,0.7758620689655172,train,C.C>>C
DB12483,Copanlisib,DBMET03735,Copanlisib M2 metabolite,Cytochrome P450 3A4,DB12483,COc1c(OCCCN2CCOCC2)ccc2c1N=C(NC(=O)c1cnc(N)nc1)N1CCN=C21,COc1c(OCCC(=O)O)ccc2c1N=C(NC(=O)c1cnc(N)nc1)N1CCN=C21,DrugBank,0.75,train,C1COCCN1>>O.O
DB13609,Umifenovir,DBMET03044,Arbidol M5 metabolite,"Cytochrome P450 3A4, Flavin-containing monooxygenase 1, Flavin-containing monooxygenase 3",DB13609,CCOC(=O)c1c(CSc2ccccc2)n(C)c2cc(Br)c(O)c(CN(C)C)c12,CCOC(=O)c1c(C[S+]([O-])c2ccccc2)n(C)c2cc(Br)c(O)c(CNC)c12,DrugBank,0.5555555555555556,train,C.Sc1ccccc1>>[O-][S+]c1ccccc1
DB13609,Umifenovir,DBMET03046,Arbidol M7 metabolite,"Cytochrome P450 3A4, Flavin-containing monooxygenase 1",DB13609,CCOC(=O)c1c(CSc2ccccc2)n(C)c2cc(Br)c(O)c(CN(C)C)c12,CCOC(=O)c1c(CS(=O)(=O)c2ccccc2)n(C)c2cc(Br)c(O)c(CNC)c12,DrugBank,0.5633802816901409,train,C.Sc1ccccc1>>O=[SH](=O)c1ccccc1
DB13609,Umifenovir,DBMET03048,,,DB13609,CCOC(=O)c1c(CSc2ccccc2)n(C)c2cc(Br)c(O)c(CN(C)C)c12,CCOC(=O)c1c(CS(=O)(=O)c2ccccc2)n(C)c2cc(Br)c(OS(=O)(=O)O)c(CN(C)C)c12,DrugBank,0.5753424657534246,train,Sc1ccccc1>>O=[SH](=O)O.O=[SH](=O)c1ccccc1
DB13941,Piperaquine,DBMET01943,M1 (piperaquine),,DB13941,Clc1ccc2c(N3CCN(CCCN4CCN(c5ccnc6cc(Cl)ccc56)CC4)CC3)ccnc2c1,O=C(O)CCN1CCN(c2ccnc3cc(Cl)ccc23)CC1,DrugBank,0.7391304347826086,train,Clc1ccc2c(N3CCNCC3)ccnc2c1>>O.O
DB13960,Bronopol,DBMET02073,Bromonitroethanol,,DB13960,O=[N+]([O-])C(Br)(CO)CO,O=[N+]([O-])C(Br)CO,DrugBank,0.375,train,CO.O=[N+][O-]>>[O-][N+]O
DB14512,Mometasone furoate,DBMET02370,"9-alpha,21-beta-dichloro-11-beta,21-alpha-dihydroxy-16-alpha-methylpregna-1,4,17,20-tetraen-3-one 21-(2-furoate)",,DB14512,CC1CC2C3CCC4=CC(=O)C=CC4(C)C3(Cl)C(O)CC2(C)C1(OC(=O)c1ccco1)C(=O)CCl,CC1CC2C3CCC4=CC(=O)C=CC4(C)C3(Cl)C(O)CC2(C)C1=C=C(Cl)OC(=O)c1ccco1,DrugBank,0.5882352941176471,train,O=C(O)c1ccco1.O=CCCl>>C=C(Cl)OC(=O)c1ccco1
DB14583,Segesterone acetate,DBMET02131,17α-deacetylsegesterone acetate,,DB14583,C=C1CC2C3CCC4=CC(=O)CCC4C3CCC2(C)C1(OC(C)=O)C(C)=O,C=C1CC2C3CCC4=CC(=O)CCC4C3CCC2(C)C1O,DrugBank,0.559322033898305,train,CC=O.CC=O>>[H]
DB14761,Remdesivir,DBMET03035,Remdesivir Alanine Metabolite (Ala-Met; GS-704277),,DB14761,CCC(CC)COC(=O)C(C)NP(=O)(OCC1OC(C#N)(c2ccc3c(N)ncnn23)C(O)C1O)Oc1ccccc1,CC(NP(=O)(O)OCC1OC(C#N)(c2ccc3c(N)ncnn23)C(O)C1O)C(=O)O,DrugBank,0.6627906976744186,train,CCC(C)CC.c1ccccc1>>[H]
DB16165,Finerenone,DBMET03398,Finerenone M10 Metabolite,,DB16165,CCOc1ncc(C)c2c1C(c1ccc(C#N)cc1OC)C(C(N)=O)=C(C)N2,CCOc1ncc(C(=O)O)c2c1C(c1ccc(C#N)cc1O)C(C(N)=O)=C(CO)N2,DrugBank,0.56,train,C>>O.O.O
DB16165,Finerenone,DBMET03399,Finerenone M4 Metabolite,"Cytochrome P450 3A4, Cytochrome P450 2C8",DB16165,CCOc1ncc(C)c2c1C(c1ccc(C#N)cc1OC)C(C(N)=O)=C(C)N2,CCOc1ncc(C)c2c1C(c1ccc(C#N)cc1OC)C(O)(C(N)=O)C(C)(O)N2,DrugBank,0.6527777777777778,train,[H]>>O.O
DB16628,Fosdenopterin,DBMET03277,Compound Z,,DB16628,Nc1nc(=O)c2c([nH]1)NC1OC3COP(=O)(O)OC3C(O)(O)C1N2,N=c1nc(O)c2nc(C(=O)C3OP(=O)(O)OCC3O)cnc2[nH]1,DrugBank,0.240506329113924,train,O.O>>O
DBMET03072,Biotin Holocarboxylase Metabolite,DBMET03073,Biocytin,,DB00121,NCC(=O)NC(CCCCCNOC(=O)CCCCC1SCC2NC(=O)NC21)C(=O)NCC(=O)O,NC(CCCCCNOC(=O)CCCCC1SCC2NC(=O)NC21)C(=O)O,DrugBank,0.6619718309859155,train,NCC(=O)O.NCC=O>>O
DBMET00516,Nicotine imine,DBMET00519,Cotinine,Aldehyde oxidase,DB00184,C[N+]1=CCCC1c1cccnc1,CN1C(=O)CCC1c1cccnc1,DrugBank,0.4418604651162791,train,C[N+]>>CN.O
DBMET00519,Cotinine,DBMET00520,Nornicotine,,DB00184,CN1C(=O)CCC1c1cccnc1,c1cncc(C2CCCN2)c1,DrugBank,0.4047619047619047,train,C.O>>[H]
DBMET00519,Cotinine,DBMET00533,Nicotine-1'-N-oxide,Flavin-containing monooxygenase 3,DB00184,CN1C(=O)CCC1c1cccnc1,C[N+]1([O-])CCCC1c1cccnc1,DrugBank,0.4222222222222222,train,CN.O>>C[N+][O-]
DBMET00223,"1,7-dimethylxanthine",DBMET00612,5-Acetylamino-6-formylamino-3-methyluracil,Arylamine N-acetyltransferase 2,DB00201,Cn1c(=O)[nH]c2ncn(C)c2c1=O,CC(=O)Nc1c(NC=O)[nH]c(=O)n(C)c1=O,DrugBank,0.3333333333333333,train,[H]>>C.O.O
DBMET00094,Ticlopidine S-oxide,DBMET01207,Ticlopidine S-oxide dimer,,DB00208,[O-][s+]1ccc2c1CCN(Cc1ccccc1Cl)C2,[O-][S+]1C2=C(CN(Cc3ccccc3Cl)CC2)C2C1C1C3=C(CCN(Cc4ccccc4Cl)C3)C2[S+]1[O-],DrugBank,0.4821428571428571,train,[H]>>CC.[O-][S+]C1=CCN(Cc2ccccc2Cl)CC1
DBMET00093,Thienodihydropyridinium,DBMET01209,Ticlopidine lactam analog (M8),Cytochrome P450 3A4,DB00208,Clc1ccccc1CN1C=C2C=C[S+]=C2CC1,O=C1c2ccsc2CCN1Cc1ccccc1Cl,DrugBank,0.3454545454545454,train,C[S+]>>C~S.O
DBMET00074,12-Hydroxynevirapine,DBMET00669,12-hydroxynevirapine glucuronide,,DB00238,OCc1ccnc2c1N=C(O)c1cccnc1N2C1CC1,Cc1ccnc2c1N=C(OC1OC(C(=O)O)C(O)C(O)C1O)c1cccnc1N2C1CC1O,DrugBank,0.3026315789473684,train,O.O>>O.O=C(O)C1OC(O)C(O)C(O)C1O
DBMET01089,"2,6-Dimethylaniline (2,6-Xylidine)",DBMET01128,2-Amino-3-methylbenzoate,,DB00281,Cc1cccc(C)c1N,Cc1cccc(C(=O)O)c1N,DrugBank,0.5416666666666666,train,[H]>>O.O
DBMET00181,"2-Ethylidene-1,5-dimethyl-3,3-diphenylpyrrolidine",DBMET01087,"2-Ethyl-5-methyl-3,3-diphenyl-1-pyrroline (EMDP)",Cytochrome P450 3A7,DB00333,CC=C1N(C)C(C)CC1(c1ccccc1)c1ccccc1,CCC1=NC(C)CC1(c1ccccc1)c1ccccc1,DrugBank,0.3720930232558139,train,C.CC>>CC
DBMET02521,3-OH-nabumetone,DBMET02534,O-desmethyl-3-hydroxy-nabumetone,,DB00461,COc1ccc2cc(CC(O)C(C)=O)ccc2c1,CC(=O)C(O)Cc1ccc2cc(O)ccc2c1,DrugBank,0.6756756756756757,train,C.O.[OH]>>O.O
DBMET00804,"Carbamazepine 2,3-epoxide",DBMET00681,2-hydroxycarbamazepine,,DB00564,NC(=O)N1C2=CC3OC3C=C2C=Cc2ccccc21,NC(=O)N1c2ccccc2C=Cc2cc(O)ccc21,DrugBank,0.5111111111111111,train,CC1OC1C>>C~C~C~C.O
DBMET00071,Voriconazole N-Oxide,DBMET01185,"UK-51,060",,DB00582,CC(c1nc[n+]([O-])cc1F)C(O)(Cn1cncn1)c1ccc(F)cc1F,O=C(Cn1cncn1)c1ccc(F)cc1F,DrugBank,0.3968253968253968,train,CCc1nc[n+]([O-])cc1F.O>>O
DBMET00619,O-Desmethylverapamil (D-702),DBMET01234,Verapamil metabolite D-620,"Cytochrome P450 3A5, Cytochrome P450 3A4",DB00661,COc1ccc(CCN(C)CCCC(C#N)(c2ccc(OC)c(OC)c2)C(C)C)cc1O,COc1ccc(C(C#N)(CCCN)C(C)C)cc1OC,DrugBank,0.5892857142857143,train,C.CCc1ccc(OC)c(O)c1>>[H]
DBMET00098,2-Oxoclopidogrel,DBMET01163,Active Metabolite of Clopidogrel,"Cytochrome P450 3A4, Cytochrome P450 2B6, Cytochrome P450 2C9, Cytochrome P450 2C19",DB00758,COC(=O)C(c1ccccc1Cl)N1CCC2SC(=O)C=C2C1,COC(=O)C(c1ccccc1Cl)N1CCC(S)=C(CC(=O)O)C1,DrugBank,0.5079365079365079,train,CC(=O)S>>CC(=O)O.S
DBMET01955,4- hydroxyphenelzine,DBMET01954,4-hydroxyphenylacetic acid,,DB00780,NNCCc1ccc(O)cc1,O=C(O)Cc1ccc(O)cc1,DrugBank,0.3793103448275862,train,NN>>O.O
DBMET00069,N-Desmethylterbinafine,DBMET01205,N-Desmethylterbinafine dihydrodiol derivative (1),"Cytochrome P450 1A2, Cytochrome P450 2B6, Cytochrome P450 2C9",DB00857,CC(C)(C)C#CC=CCNCc1cccc2ccccc12,CC(C)(C)C#CC=CCNCc1cc(O)c(O)c2ccccc12,DrugBank,0.6458333333333334,train,[H]>>O.O
DBMET00069,N-Desmethylterbinafine,DBMET01206,N-Desmethylterbinafine dihydrodiol derivative (2),"Cytochrome P450 1A2, Cytochrome P450 2B6, Cytochrome P450 2C9",DB00857,CC(C)(C)C#CC=CCNCc1cccc2ccccc12,CC(C)(C)C#CC=CCNCc1cccc2c(O)c(O)ccc12,DrugBank,0.7021276595744681,train,[H]>>O.O
DBMET00703,3-O-methyl-alpha-methyldopa,DBMET00784,3-O-methyl-alpha-methyldopa sulfate,Sulfotransferase,DB00968,COc1cc(CC(N)C(=O)O)ccc1O,COc1ccc(CC(C)(N)C(=O)O)cc1OS(=O)(=O)O,DrugBank,0.3846153846153846,train,C>>C.C.O=[SH](=O)O
DBMET00647,Doxorubicinol,DBMET00847,Doxorubicinol deoxaglycone,"NADPH--cytochrome P450 reductase, Xanthine dehydrogenase/oxidase, NAD(P)H dehydrogenase [quinone] 1",DB00997,COc1cccc2c1C(=O)c1c(O)c3c(c(O)c1C2=O)CC(O)(C(O)CO)CC3OC1CC(N)C(O)C(C)O1,COc1cccc2c1C(=O)c1c(O)c3c(c(O)c1C2=O)CC(O)(C(O)CO)CC3,DrugBank,0.5512820512820513,train,CC1OCCC(N)C1O.O.O>>[OH]
DBMET00647,Doxorubicinol,DBMET01078,Doxorubicine hydroxyaglycone,,DB00997,COc1cccc2c1C(=O)c1c(O)c3c(c(O)c1C2=O)CC(O)(C(O)CO)CC3OC1CC(N)C(O)C(C)O1,COc1cccc2c1C(=O)c1c(O)c3c(c(O)c1C2=O)CC(O)(C(=O)CO)CC3O,DrugBank,0.5061728395061729,train,CC1OCCC(N)C1O.O>>O
DBMET02277,7-amino-clonazepam,DBMET03609,3-hydroxy-7-amino-clonazepam,,DB01068,Nc1ccc2c(c1)C(c1ccccc1Cl)=NCC(=O)N2,Nc1ccc2c(c1)C(c1ccccc1Cl)=NC(O)C(=O)N2,DrugBank,0.6,train,O>>O.[OH]
DBMET03610,3-hydroxy-clonazepam,DBMET03611,glucuronyl-3-hydroxy-clonazepam,,DB01068,O=C1Nc2ccc([N+](=O)[O-])cc2C(c2ccccc2Cl)=NC1O,O=C1Nc2ccc([N+](=O)[O-])cc2C(c2ccccc2Cl)=NC1OC1OC(C(=O)O)C(O)C(O)C1O,DrugBank,0.6119402985074627,train,O.[OH]>>O.O=C(O)C1OC(O)C(O)C(O)C1O
DBMET02975,"2,6-dimethyl-4-(2-nitrophenyl)-5-methoxycarbonyl-pyridine-3-carboxylic acid",DBMET02976,2-hydroxymethyl-pyridine carboxylic acid,,DB01115,COC(=O)C1=C(C)NC(C)=C(C(=O)O)C1c1ccccc1[N+](=O)[O-],CC1=C(C(=O)O)CC=CN1,DrugBank,0.2037037037037037,train,C.COC=O.O=[N+]([O-])c1ccccc1>>[H]
DBMET01305,Pioglitazone metabolite M-V,DBMET01304,Pioglitazone metabolite M-VI,,DB01132,O=C(O)Cc1ccc(CCOc2ccc(CC3SC(=O)NC3=O)cc2)nc1,O=C1NC(=O)C(Cc2ccc(OCCc3ccc(C(=O)O)cn3)cc2)S1,DrugBank,0.7692307692307693,train,O=CO>>O.O
DBMET00873,(E)-2-hydroxydoxepin,DBMET00881,Hydroxydoxepin glucuronide,,DB01142,CN(C)CCC=C1c2ccccc2COc2ccc(O)cc21,CN(C)CCC=C1c2ccccc2COc2ccc(OC3OC(C(=O)O)C(O)C(O)C3O)cc21,Both,0.5625,train,C=CCN(C)C>>CCCN(C)C.O=C(O)C1OCC(O)C(O)C1O
DBMET00315,N-desmethyldoxepin,DBMET00872,Hydroxydesmethyl doxepin,Cytochrome P450 2D6,DB01142,CNCCC=C1c2ccccc2COc2ccccc21,CNCCC=C1c2ccccc2COc2ccc(O)cc21,DrugBank,0.75,train,CCCNC>>C=CCNC.[OH]
DBMET00189,Norketamine,DBMET01310,6-Hydroxynorketamine,,DB01221,NC1(c2ccccc2Cl)CCCCC1=O,NC1(c2ccccc2Cl)CCCC(O)C1=O,DrugBank,0.575,train,O>>O.[OH]
DBMET02838,N-debutyl-dronedarone,DBMET02842,Propanoic acid-dronedarone,Amine oxidase [flavin-containing] A,DB04855,CCCCNCCCOc1ccc(C(=O)c2c(CCCC)oc3ccc(NS(C)(=O)=O)cc23)cc1,CCCCc1oc2ccc(NS(C)(=O)=O)cc2c1C(=O)c1ccc(OCCC(=O)O)cc1,DrugBank,0.8095238095238095,train,CCCCN>>O.O
DBMET00099,R-95913,DBMET00483,R-138727,"Cytochrome P450 3A4, Cytochrome P450 2B6, Cytochrome P450 2C9, Cytochrome P450 2C19, Cytochrome P450 2D6",DB06209,O=C(C1CC1)C(c1ccccc1F)N1CCc2sc(O)cc2C1,O=C(O)CC1=C(S)CCN(C(C(=O)C2CC2)c2ccccc2F)C1,DrugBank,0.5573770491803278,train,S>>O.S
DBMET03270,Avanafil metabolite M4,DBMET03271,Avanafil metabolite M16,Cytochrome P450 3A4,DB06237,COc1ccc(CNc2nc(N3CC(O)CC3CO)ncc2C(=O)NCc2ncccn2)cc1Cl,COc1ccc(CNc2nc(NC(CO)CCC(=O)O)ncc2C(=O)NCc2ncccn2)cc1Cl,DrugBank,0.5882352941176471,train,O>>O.O
DBMET02010,amrubicinol,DBMET02165,Amrubicin Met B,"NADPH--cytochrome P450 reductase, Quinone oxidoreductase",DB06263,CC(O)C1(N)Cc2c(O)c3c(c(O)c2C(OC2CCC(O)C(O)O2)C1)C(=O)c1ccccc1C3=O,CC(O)C1(N)CCc2c(O)c3c(c(O)c2C1)C(=O)c1ccccc1C3=O,DrugBank,0.5,train,O.O.OC1CCC(O)C(O)O1>>O.O
DBMET02413,Dabigatran 1-O-acylglucuronide metabolite,DBMET02414,Dabigatran 2-O-acylglucuronide metabolite,,DB14726,Cn1c(CNc2ccc(C(=N)N)cc2)nc2cc(C(=O)N(CCC(=O)OC3OC(C(=O)O)C(O)C(O)C3O)c3ccccn3)ccc21,Cn1c(CNc2ccc(C(=N)N)cc2)nc2cc(C(=O)N(CCC(=O)OC3C(O)OC(C(=O)O)C(O)C3O)c3ccccn3)ccc21,DrugBank,0.8588235294117647,train,O=CO>>CO.O
DBMET02413,Dabigatran 1-O-acylglucuronide metabolite,DBMET02415,Dabigatran 3-O-acylglucuronide metabolite,,DB14726,Cn1c(CNc2ccc(C(=N)N)cc2)nc2cc(C(=O)N(CCC(=O)OC3OC(C(=O)O)C(O)C(O)C3O)c3ccccn3)ccc21,Cn1c(CNc2ccc(C(=N)N)cc2)nc2cc(C(=O)N(CCC(=O)OC3C(O)C(O)OC(C(=O)O)C3O)c3ccccn3)ccc21,DrugBank,0.8275862068965517,train,O=C(O)CO>>O.OCCO
DBMET02413,Dabigatran 1-O-acylglucuronide metabolite,DBMET02416,Dabigatran 4-O-acylglucuronide metabolite,,DB14726,Cn1c(CNc2ccc(C(=N)N)cc2)nc2cc(C(=O)N(CCC(=O)OC3OC(C(=O)O)C(O)C(O)C3O)c3ccccn3)ccc21,Cn1c(CNc2ccc(C(=N)N)cc2)nc2cc(C(=O)N(CCC(=O)OC3C(C(=O)O)OC(O)C(O)C3O)c3ccccn3)ccc21,DrugBank,0.8255813953488372,train,O=C(O)CO>>CC(=O)O.O
DBMET03739,Pitavastatin glucuronide,DBMET03740,Pitavastatin lactone,,DB08860,O=C(CC(O)CC(O)C=Cc1c(C2CC2)nc2ccccc2c1-c1ccc(F)cc1)OC1OC(C(=O)O)C(O)C(O)C1O,O=C1CC(O)CC(C=Cc2c(C3CC3)nc3ccccc3c2-c2ccc(F)cc2)O1,DrugBank,0.4880952380952381,train,O.O=C(O)C1OCC(O)C(O)C1O>>[H]
DBMET01854,vemurafenib intermediary metabolite,DBMET01855,secondary metabolite of vemurafenib,,DB08881,Nc1ccc(F)c(C(=O)c2c[nH]c3ncc(-c4cccc(Cl)c4)cc23)c1F,O=Cc1c[nH]c2ncc(-c3ccc(Cl)cc3)cc12,DrugBank,0.3870967741935484,train,Cl.Nc1ccc(F)cc1F>>Cl
DBMET01854,vemurafenib intermediary metabolite,DBMET01856,secondary metabolite of vemurafenib alternative,,DB08881,Nc1ccc(F)c(C(=O)c2c[nH]c3ncc(-c4cccc(Cl)c4)cc23)c1F,Nc1cccc(C(=O)c2c[nH]c3ncc(-c4ccc(Cl)cc4)cc23)c1F,DrugBank,0.6779661016949152,train,Cl.F>>Cl
DBMET03126,Carboxy tedizolid,DBMET03127,Ring-opened tedizolid metabolite,,DB09042,Cn1nnc(-c2ccc(-c3ccc(N4CC(C(=O)O)OC4=O)cc3F)cn2)n1,Cn1nnc(-c2ccc(-c3ccc(NCC(=O)O)cc3F)cn2)n1,DrugBank,0.5428571428571428,train,C=O.O=CO>>O
DBMET02027,PCI-45752 (M34),DBMET02028,M24,,DB09053,C=CC(=O)NCC(CCCO)n1nc(-c2ccc(Oc3ccccc3)cc2)c2c(N)ncnc21,Nc1ncnc2c1c(-c1ccc(Oc3ccccc3)cc1)nn2C(CCCO)CNC(=O)C(O)O,DrugBank,0.803030303030303,train,C>>O.O
DBMET02171,Etoperidone M2,DBMET02178,Etoperidone M15,,DB09194,CCn1c(C(C)O)nn(CCCN2CCN(c3cccc(Cl)c3)CC2)c1=O,CCn1c(C(C)O)nn(CCC(=O)O)c1=O,DrugBank,0.4482758620689655,train,Clc1cccc(N2CCNCC2)c1>>O.O
DBMET01914,Deacetyl-thymoxamine,DBMET01915,deacetyl-demethyl-thymoxamine,Cytochrome P450 3A Subfamily,DB09205,Cc1ccc(C(C)C)c(OCCN(C)C)c1O,CNCCOc1cc(C)c(O)cc1C(C)C,DrugBank,0.3469387755102041,train,C.O>>O
DBMET01929,N-(2-methyl-3-chloro-4-hydroxyphenyl)-anthranilic acid,DBMET01932,N-(2-methyl-3-chloro-4-metoxyphenyl)-anthranilic acid,,DB09216,Cc1c(Nc2ccccc2C(=O)OC2OC(O)C(O)C(O)C2O)ccc(O)c1Cl,COc1ccc(Nc2ccccc2C(O)OC2OC(O)C(O)C(O)C2O)c(C)c1Cl,DrugBank,0.5076923076923077,train,O>>C.O
DBMET01935,N-(2-methyl-3-chloro-5-hydroxyphenyl)-anthranilic acid form 2,DBMET01936,N-(2-methyl-3-chloro-5-hydroxyphenyl)-anthranilic acid form 3,,DB09216,Cc1c(Cl)cc(O)cc1Nc1ccccc1C(=O)OC1OC(O)C(O)C(O)C1O,Cc1c(Cl)cc(OC2OC(O)C(O)C(O)C2O)cc1Nc1ccccc1C(=O)OC1CC(O)C(O)C(O)C1O,DrugBank,0.6461538461538462,train,O>>C.OC1COC(O)C(O)C1O
DBMET01949,Aranidipine M-1,DBMET01950,Aranidipine M-2,,DB09229,COC(=O)C1=C(C)NC(C)=C(C(=O)OCC(C)O)C1c1ccccc1[N+](=O)[O-],CCC(=O)C1=C(C)NC(C)=C(C(=O)O)C1c1ccccc1[N+](=O)[O-],DrugBank,0.543859649122807,train,CC(C)O.CO>>CC
DBMET02937,Levamlodipine M9 metabolite,DBMET02940,Levamlodipine M4 metabolite,,DB09237,CCOC(=O)c1c(COCCN)nc(C)c(C(=O)OC)c1-c1ccccc1Cl,COC(=O)c1c(C)nc(CO)c(C(=O)O)c1-c1ccccc1Cl,DrugBank,0.603448275862069,train,CC.CCN>>[H]
DBMET00462,morphine-3-glucuronide,DBMET02018,"morphine-3,6-diglucuronide",,DB00295,CCCN(C)C(CC)C1C=CC(O)C2Oc3c(OC4OC(C)C(O)C(O)C4O)cccc3C12,OC1OC(Oc2ccc3c4c2OC2C(OC5OC(O)C(O)C(O)C5O)C=CC5C(C3)NCCC452)C(O)C(O)C1O,DrugBank,0.2446808510638297,train,C.C.C.C>>O.OC1COC(O)C(O)C1O
DBMET02878,Acalabrutinib M27 Metabolite (ACP-5862),DBMET02880,Acalabrutinib M3 Metabolite,,DB11703,CC#CC(=O)NCCCC(=O)c1nc(-c2ccc(C(=O)Nc3ccccn3)cc2)c2c(N)nccn12,Nc1nccn2c(C(=O)CCC(=O)O)nc(-c3ccc(C(=O)Nc4ccccn4)cc3)c12,DrugBank,0.7285714285714285,train,CC#CC(N)=O>>O.O
DBMET03717,Momelotinib M5 metabolite,DBMET03718,Momelotinib M16 metabolite,,DB11763,N#CCNC(=O)c1ccc(-c2ccnc(Nc3ccc(N(CC(=O)O)CC(=O)O)cc3)n2)cc1,N#CCNC(=O)c1ccc(-c2ccnc(Nc3ccc(NCCO)cc3)n2)cc1,DrugBank,0.6885245901639344,train,CC(=O)O.O>>[H]
DBMET03709,Momelotinib M21 metabolite,DBMET03712,Momelotinib M8 metabolite,,DB11763,N#CCNC(=O)c1ccc(-c2ccnc(Nc3ccc(N4CCOCC4=O)cc3)n2)cc1,NC(=O)CNC(=O)c1ccc(-c2ccnc(Nc3ccc(N4CCOCC4=O)cc3)n2)cc1,DrugBank,0.7761194029850746,train,N>>N.O
DBMET03048,Arbidol M3-1 metabolite,DBMET03050,Arbidol M9-1 metabolite,,DB13609,CCOC(=O)c1c(CS(=O)(=O)c2ccccc2)n(C)c2cc(Br)c(OS(=O)(=O)O)c(CN(C)C)c12,CCOC(=O)c1c(CSc2ccccc2)[nH]c2cc(Br)c(OS(=O)(=O)O)c(CN(C)C)c12,DrugBank,0.5584415584415584,train,C.O=[SH](=O)c1ccccc1>>Sc1ccccc1
DBMET01886,U7 semaglutide,DBMET01887,U6 semaglutide,Neprilysin,DB13928,NC(CCCCNC(=O)COCCOCCNC(=O)COCCOCCNC(=O)CCC(NC(=O)CCCCC(=O)O)C(=O)O)C(=O)O,NC(CCCCNC(=O)COCCOCCNC(=O)COCCOCCNC(=O)CCC(NC(=O)CCC(=O)O)C(=O)O)C(=O)O,DrugBank,0.9019607843137256,train,CC(=O)O>>O.O
DBMET02362,"21-chloro-17-alpha-hydroxy-16-alpha-methyl-9-beta,11beta-oxidopregna-1,4-diene-3,20-dione 17-(2-furoate)",DBMET02369,"21-beta-chloro-21-alpha-hydroxy-16-alpha-methyl-9-beta,11-beta-oxidopregna-1,4,17,20-tetraen-3-one 21-(2-furoate",,DB14512,CC1CC2C3CCC4=CC(=O)C=CC4(C)C34OC4CC2(C)C1(OC(=O)c1ccco1)C(=O)CCl,CC1CC2C3CCC4=CC(=O)C=CC4(C)C34OC4CC2(C)C1=C=C(Cl)OC(=O)c1ccco1,DrugBank,0.5882352941176471,train,O=C(O)c1ccco1.O=CCCl>>C=C(Cl)OC(=O)c1ccco1
DBMET03075,"2,3-dikeogulonic acid",DBMET03076,Threosone,,DB00126,O=C(O)C(=O)C(=O)C(O)C(O)CO,O=CC(=O)C(O)CO,DrugBank,0.2758620689655172,train,CO.O=CO>>[H]
DBMET03075,"2,3-dikeogulonic acid",DBMET03077,Erythrulose,,DB00126,O=C(O)C(=O)C(=O)C(O)C(O)CO,O=C(CO)C(O)CO,DrugBank,0.2962962962962963,train,O.O.OCCO>>O
DBMET02311,13'-carboxy-alpha-tocopherol,DBMET02320,alpha-carboxydimethyldecadienylhydroxychromanol,,DB11635,Cc1c(C)c2c(c(C)c1O)CCC(C)(CCCC(C)CCCC(C)CCCC(C)C(=O)O)O2,Cc1c(C)c2c(c(C)c1O)CCC(C)(CCCC(C)CCCC(C)CCC(=O)O)O2,DrugBank,0.803921568627451,train,CCC(=O)O>>O.O
DBMET01043,Nitroso-dapsone,DBMET01045,Dapsone mercaptal intermediate,,DB00250,Nc1ccc(S(=O)(=O)c2ccc(N=O)cc2)cc1,Nc1ccc(S(=O)(=O)c2ccc(N(O)SSCC(NC(=O)CCC(N)C(=O)O)C(=O)NCC(=O)O)cc2)cc1,DrugBank,0.2424242424242424,train,O>>NC(CCC(=O)NC(CSS)C(=O)NCC(=O)O)C(=O)O.O
DBMET01211,Haloperidol reduced pyridinium ion derivative,DBMET01212,Haloperidol pyridinium ion derivative,Cytochrome P450 3A4,DB00502,OC(CCC[n+]1ccc(-c2ccc(Cl)cc2)cc1)c1ccc(F)cc1,O=C(CCCN1C=CC(=C2C=CC(=[Cl+])C=C2)C=C1)c1ccc(F)cc1,DrugBank,0.2280701754385964,train,Clc1ccc(-c2cc[n+]cc2)cc1.O>>O.[Cl+]=C1C=CC(=C2C=CNC=C2)C=C1
DBMET03178,1-(3-trifluoromethyl-phenyl)-propan-2-one,DBMET03181,"1-(3-trifluoromethyl-phenyl)-propan-1,2-diol",,DB00574,CC(=O)Cc1cccc(C(F)(F)F)c1,CC(O)C(O)c1cccc(C(F)(F)F)c1,DrugBank,0.4102564102564102,train,O>>O.O
DBMET02608,"3',4'-hydroxy diclofenac",DBMET02609,3'-hydroxy-4'-methoxy diclofenac,Catechol O-methyltransferase,DB00586,O=C(O)Cc1ccccc1Nc1c(Cl)cc(O)c(O)c1Cl,O=C(O)Cc1ccccc1Nc1c(Cl)cccc1Cl,DrugBank,0.625,train,O.O>>[H]
DBMET00737,4-hydroxytamoxifen sulfate,DBMET01044,Endoxifen (4-hydroxy-N-desmethyltamoxifen),"Sulfotransferase 1A1, Sulfotransferase 1E1",DB00675,CCC(=C(c1ccc(OCCN(C)C)cc1)c1ccc(OS(=O)(=O)O)cc1)c1ccccc1,CCC(=C(c1ccc(O)cc1)c1ccc(OCCNC)cc1)c1ccccc1,DrugBank,0.5185185185185185,train,C.O=[SH](=O)O>>[H]
DBMET01044,Endoxifen (4-hydroxy-N-desmethyltamoxifen),DBMET00737,4-hydroxytamoxifen sulfate,"Sulfotransferase 1A1, Sulfotransferase 1E1",DB00675,CCC(=C(c1ccc(O)cc1)c1ccc(OCCNC)cc1)c1ccccc1,CCC(=C(c1ccc(OCCN(C)C)cc1)c1ccc(OS(=O)(=O)O)cc1)c1ccccc1,DrugBank,0.5185185185185185,train,[H]>>C.O=[SH](=O)O
DBMET02661,Ketoconazole ketone intermediate,DBMET02662,Ketoconazole ketone hydroxyl intermediate,,DB01026,CC(=O)N1CCN(c2ccc(OCC3COC(CN4C=NCC4=O)(c4ccc(Cl)cc4Cl)O3)cc2)CC1,CC(=O)N1CCN(c2ccc(OCC3COC(CN4C(=O)CNC4O)(c4ccc(Cl)cc4Cl)O3)cc2)CC1,DrugBank,0.7215189873417721,train,[OH]>>O.O
DBMET02665,Ketoconazole dihydroxyl intermediate,DBMET02666,M5' (Ketoconazole),,DB01026,CC(=O)N1CCN(c2ccc(OCC3COC(CN4C=NC(O)C4O)(c4ccc(Cl)cc4Cl)O3)cc2)CC1,CC(=O)N1CCN(c2ccc(OCC3COC(CN4C=NC(=O)C4=O)(c4ccc(Cl)cc4Cl)O3)cc2)CC1,DrugBank,0.7702702702702703,train,O.O>>O.O
DBMET02278,7-acetamido-clonazepam,DBMET03608,3-hydroxy-7-acetamido-clonazepam,,DB01068,CC(=O)Nc1ccc2c(c1)C(c1ccccc1Cl)=NCC(=O)N2,CC(=O)Nc1ccc2c(c1)C(c1ccccc1Cl)=NC(O)C(=O)N2,DrugBank,0.6545454545454545,train,O>>O.[OH]
DBMET00872,Hydroxydesmethyl doxepin,DBMET00879,Hydroxydesmethyl doxepin glucuronide,,DB01142,CNCCC=C1c2ccccc2COc2ccc(O)cc21,CN(C)CCC=C1c2ccccc2COc2ccc(OC3OC(C(=O)O)C(O)C(O)C3O)cc21,DrugBank,0.4428571428571428,train,C=CCNC>>CCCN(C)C.O=C(O)C1OCC(O)C(O)C1O
DBMET02389,Linagliptin CD1790,DBMET02391,Linagliptin M506(1),,DB08882,CC#CCn1c(N2CCCC(O)C2)nc2c1c(=O)n(Cc1nc(C)c3ccccc3n1)c(=O)n2C,CC#CCn1c(NCCCC(O)C(=O)O)nc2c1c(=O)n(Cc1nc(C)c3ccccc3n1)c(=O)n2C,DrugBank,0.5764705882352941,train,[H]>>O.O
DBMET03449,Genz-258162,DBMET03451,Genz-399240,,DB09039,CC(=O)CCCCCC(=O)NC(CN1CCCC1)C(O)c1ccc2c(c1)OCCO2,O=C(O)CCCCC(=O)NC(CN1CCCC1)C(O)c1ccc2c(c1)OCCO2,DrugBank,0.8214285714285714,train,CC=O>>O.O
DBMET03453,Genz-527862,DBMET03454,Genz-682042,,DB09039,CCC(=O)CCCCC(=O)NC(CN1CCCC1)C(O)c1ccc2c(c1)OCCO2,O=C(O)CCCC(=O)NC(CN1CCCC1)C(O)c1ccc2c(c1)OCCO2,DrugBank,0.7894736842105263,train,CCC=O>>O.O
DBMET02172,Oxo-etoperidone (M3),DBMET02173,Etoperidone M16,,DB09194,CCn1c(C(C)=O)nn(CCCN2CCN(c3cccc(Cl)c3)CC2)c1=O,CCn1c(C(C)=O)nn(CCC(=O)OC)c1=O,DrugBank,0.423728813559322,train,Clc1cccc(N2CCNCC2)c1>>CO.O
DBMET02172,Oxo-etoperidone (M3),DBMET02174,Etoperidone M17,,DB09194,CCn1c(C(C)=O)nn(CCCN2CCN(c3cccc(Cl)c3)CC2)c1=O,CC(=O)c1nn(CCC(=O)O)c(=O)n1C(C)=O,DrugBank,0.3114754098360656,train,Clc1cccc(N2CCNCC2)c1>>O.O.O
DBMET01950,Aranidipine M-2,DBMET01953,Aranidipine M-5,,DB09229,CCC(=O)C1=C(C)NC(C)=C(C(=O)O)C1c1ccccc1[N+](=O)[O-],COC(=O)c1c(C)nc(C)c(C(=O)O)c1-c1ccccc1[N+](=O)[O-],DrugBank,0.3666666666666666,train,C.CCN.O>>COC=O.N
DBMET02089,galactose-1-phosphate,DB03501,Galactose-uridine-5'-diphosphate,Galactose-1-phosphate uridylyltransferase,DB09301,O=P(O)(O)OC1OC(O)C(O)C(O)C1O,O=c1ccn(C2OC(COP(=O)(O)OP(=O)(O)OC3OC(CO)C(O)C(O)C3O)C(O)C2O)c(=O)[nH]1,DrugBank,0.2833333333333333,train,O>>CO.O=c1ccn(C2OC(CO[PH](=O)O)C(O)C2O)c(=O)[nH]1
DBMET02095,R529,DBMET02099,"3,5 benzene diol metabolite of R406",,DB12010,COc1cc(Nc2ncc(F)c(Nc3ccc4c(n3)NC(=O)C(C)(C)O4)n2)cc(OC)c1O,CC1(C)Oc2ccc(Nc3nc(Nc4cc(O)cc(O)c4)ncc3F)nc2NC1=O,DrugBank,0.7903225806451613,train,C.C.O>>[H]
DBMET03036,Remdesivir Nucleoside Monophosphate,DBMET03038,Remdesivir Nucleoside Triphosphate,,DB14761,N#CC1(c2ccc3c(N)ncnn23)OC(COP(=O)(O)O)C(O)C1O,N#CC1(c2ccc3c(N)ncnn23)OC(COP(=O)(O)O[PH](=O)(=O)O[PH](=O)(=O)O)C(O)C1O,DrugBank,0.7846153846153846,train,Unknown error.
DBMET02320,alpha-carboxydimethyldecadienylhydroxychromanol,DBMET02321,alpha-carboxydimethyloctenylhydroxychromanol,,DB11635,Cc1c(C)c2c(c(C)c1O)CCC(C)(CCCC(C)CCCC(C)CCC(=O)O)O2,Cc1c(C)c2c(c(C)c1O)CCC(C)(CCCC(C)CCCC(C)C(=O)O)O2,DrugBank,0.803921568627451,train,CC(=O)O>>O.O
DBMET02787,3-hydroxydesloratadine,DBMET02792,3-hydroxydesloratadine glucuronide,"UDP-glucuronosyltransferase 1A1, UDP-glucuronosyltransferase 1A3, UDP-glucuronosyltransferase 2B15",DB00455,Oc1cnc2c(c1)CCc1cc(Cl)ccc1C2=C1CCNCC1,O=C(O)C1OC(Oc2cnc3c(c2)CCc2cc(Cl)ccc2C3=C2CCNCC2)C(O)C(O)C1O,DrugBank,0.546875,train,CN.C~N.[OH]>>CN.C~N.O=C(O)C1OC(O)C(O)C(O)C1O
DBMET02507,"5-hydroxy, 6-methoxy duloxetine",DBMET00750,"5-hydroxy, 6-methoxy duloxetine sulfate",,DB00476,CNCCC(Oc1cccc2c(O)c(OC)ccc12)c1cccs1,CNCCC(Oc1cccc2c(OS(=O)(=O)O)c(OC)ccc12)c1ccco1,DrugBank,0.4923076923076923,train,S>>O.O=[SH](=O)O
DBMET00684,2-hydroxyiminostilbene,DBMET02600,Iminoquinone,,DB00564,Oc1ccc2c(c1)C=Cc1ccccc1N2,NC(=O)N1c2ccccc2C=Cc2cc(O)c(O)cc21,DrugBank,0.2727272727272727,train,[H]>>NC=O.O
DBMET02965,6-methylthiosine 5'-monophosphate,DBMET00769,6-thioinosine triphosphate,Inosine triphosphate pyrophosphatase,DB00993,CSc1nc(O)nc2c1ncn2C1OC(COP(=O)(O)O)C(O)C1O,O=P(O)(O)OP(=O)(O)OP(=O)(O)OCC1OC(n2cnc3c(S)ncnc32)C(O)C1O,DrugBank,0.5151515151515151,train,CS.O>>O=[PH](O)OP(=O)(O)O.S
DBMET02662,Ketoconazole ketone hydroxyl intermediate,DBMET02664,M5 (Ketoconazole),,DB01026,CC(=O)N1CCN(c2ccc(OCC3COC(CN4C(=O)CNC4O)(c4ccc(Cl)cc4Cl)O3)cc2)CC1,CC(=O)N1CCN(c2ccc(OCC3COC(CN4C(=O)CNC4=O)(c4ccc(Cl)cc4Cl)O3)cc2)CC1,DrugBank,0.7763157894736842,train,O.O>>O.[OH]
DBMET03512,Desmethyl-dabrafenib,DBMET03514,M30-Dabrafenib,,DB08912,CC(C)c1nc(-c2cccc(NS(=O)(=O)c3c(F)cccc3F)c2F)c(-c2ccnc(N)n2)s1,Nc1nccc(-c2sc(C(CO)C(=O)O)nc2-c2cccc(NS(=O)(=O)c3c(F)cccc3F)c2F)n1,DrugBank,0.7611940298507462,train,[H]>>O.O.O
DBMET02321,alpha-carboxydimethyloctenylhydroxychromanol,DBMET02322,alpha-carboxydimethylhexylhydroxychromanol,,DB11635,Cc1c(C)c2c(c(C)c1O)CCC(C)(CCCC(C)CCCC(C)C(=O)O)O2,Cc1c(C)c2c(c(C)c1O)CCC(C)(CCCC(C)CCC(=O)O)O2,DrugBank,0.7843137254901961,train,CCC(=O)O>>O.O
DBMET02966,6-thioguanine monophosphate,DBMET01007,Thioguanine diphosphate,,DB00993,Nc1nc(S)c2ncn(C3OC(C(O)P(=O)(O)O)C(O)C3O)c2n1,N=c1nc(O)c2ncn(C3OC(COP(=O)(O)OP(=O)(O)O)C(O)C3S)c2[nH]1,DrugBank,0.3417721518987341,train,O.O=[PH](O)O.S>>O.O=[PH](O)OP(=O)(O)O.S
,"(2s,5s)-troglitazone",,"(2S)â€3â€(4â€{[(2S)â€6â€hydroxyâ€2,5,7,8â€tetramethylâ€3,4â€dihydroâ€1â€benzopyranâ€2â€yl]methoxy}phenyl)â€2â€(hydroxysulfanyl)propanecarbonyl isocyanate",CYP3A4,"(2s,5s)-troglitazone",Cc1c(C)c2c(c(C)c1O)CCC(C)(COc1ccc(CC3SC(=O)N=C3O)cc1)O2,Cc1c(C)c2c(c(C)c1O)CCC(C)(COc1ccc(CC(SO)C(=O)N=C=O)cc1)O2,MetXBioDB,0.5256410256410257,train,C=O.[OH]>>C=O.O.O
,"(2s,5s)-troglitazone",,"(1S)-1-(formylcarbamoyl)-2-(4-{[(2S)-6-hydroxy-2,5,7,8-tetramethyl-3,4-dihydro-2H-1-benzopyran-2-yl]methoxy}phenyl)ethane-1-sulfinic acid",CYP3A4,"(2s,5s)-troglitazone",Cc1c(C)c2c(c(C)c1O)CCC(C)(COc1ccc(CC3SC(=O)N=C3O)cc1)O2,Cc1c(C)c2c(c(C)c1O)CCC(C)(COc1ccc(CC(C(=O)NC=O)S(=O)O)cc1)O2,MetXBioDB,0.5189873417721519,train,S.[OH]>>O.O=[SH]O
,"3alpha,12beta-dihydroxy-5alpha-cholan-24-oic acid",,hyocholic acid (HCA),CYP3A4 ,"3alpha,12beta-dihydroxy-5alpha-cholan-24-oic acid",CC(CCC(=O)O)C1CCC2C3CCC4CC(O)CCC4(C)C3CC(O)C12C,CC(CCC(=O)O)C1CCC2C3C(O)C(O)C4CC(O)CCC4(C)C3CC(O)C12C,MetXBioDB,0.6610169491525424,train,[H]>>O.O
,4-Hydroxytamoxifen,,"3,4-Dihydroxy-Tamoxifen",CYP3A4,tamoxifen,CCC(=C(c1ccc(O)cc1)c1ccc(OCCN(C)C)cc1)c1ccccc1,CCC(=C(c1ccc(OCCN(C)C)cc1)c1ccc(O)c(O)c1)c1ccccc1,MetXBioDB,0.782608695652174,train,CCCc1ccccc1>>CC=Cc1ccccc1.[OH]
,5-methylchrysene,,"5-Methyl-1,2-dihydrochrysene-1,2-diol",CYP1A2;CYP2D6;CYP2E1;CYP3A4,5-methylchrysene,Cc1cc2ccccc2c2ccc3ccccc3c12,Cc1cc2ccccc2c2ccc3c(c12)C=CC(O)C3O,MetXBioDB,0.5128205128205128,train,[H]>>O.O
,6-methylchrysene,,"6-MeC-1,2-diol",CYP1A2;CYP2D6;CYP2E1;CYP3A4,6-methylchrysene,Cc1cc2c3ccccc3ccc2c2ccccc12,Cc1cc2c3c(ccc2c2ccccc12)C(O)C(O)C=C3,MetXBioDB,0.4210526315789473,train,[H]>>O.O
,6-nitrochrysene,,"1,2-DHD-6-NC ",CYP2E1;CYP3A4,6-nitrochrysene,O=[N+]([O-])c1cc2c3ccccc3ccc2c2ccccc12,O=[N+]([O-])c1cc2c3c(ccc2c2ccccc12)C(O)C(O)C=C3,MetXBioDB,0.4772727272727273,train,[H]>>O.O
,7-ethoxycoumarin,,,CYP1A1 (major); CYP2B6; CYP2E1; CYP1A2; CYP2A6; CYP3A7; CYP2C9; CYP2C19,7-ethoxycoumarin,CCOc1ccc2ccc(=O)oc2c1,CCOc1ccc2c(O)cc(=O)oc2c1,MetXBioDB,0.6052631578947368,train,O>>O.[OH]
,7-methoxycoumarin,,4-Hydroxy-7-methoxycoumarin,CYP1A2;CYP2A6,7-methoxycoumarin,COc1ccc2ccc(=O)oc2c1,COc1ccc2c(O)cc(=O)oc2c1,MetXBioDB,0.5714285714285714,train,O>>O.[OH]
,caffeine,,Theobromine,CYP1A2 (major); CYP2E1 (minor),caffeine,Cn1c(=O)c2c(ncn2C)n(C)c1=O,CC1C(O)=NC(=O)c2c1ncn2C,MetXBioDB,0.2857142857142857,train,C.CN.O>>CC.[OH]
,{4-[5-(4-Fluoro-phenyl)-2-methylsulfanyl-3H-imidazol-4-yl]-pyridin-2-yl}-(1-phenyl-ethyl)-amine,,,CYP3A4,{4-[5-(4-Fluoro-phenyl)-2-methylsulfanyl-3H-imidazol-4-yl]-pyridin-2-yl}-(1-phenyl-ethyl)-amine,CSc1nc(-c2ccc(F)cc2)c(-c2ccnc(NC(C)c3ccccc3)c2)[nH]1,C[S+]([O-])c1nc(-c2ccc(F)cc2)c(-c2cc[nH]c(=N)c2)[nH]1,MetXBioDB,0.3043478260869565,train,CCc1ccccc1.CS>>C[S+][O-]
,{4-[5-(4-Fluoro-phenyl)-2-methylsulfanyl-3H-imidazol-4-yl]-pyridin-2-yl}-(1-phenyl-ethyl)-amine,,,CYP3A4,{4-[5-(4-Fluoro-phenyl)-2-methylsulfanyl-3H-imidazol-4-yl]-pyridin-2-yl}-(1-phenyl-ethyl)-amine,CSc1nc(-c2ccc(F)cc2)c(-c2ccnc(NC(C)c3ccccc3)c2)[nH]1,CC(Nc1cc(-c2[nH]c([S+](C)[O-])nc2-c2ccc(F)cc2)cc[n+]1O)c1ccccc1,MetXBioDB,0.4647887323943662,train,CS.N>>C[S+][O-].[N+]O
,bpr-0L075,,,CYP2C9;CYP2C19;CYP2D6;CYP2E1;CYP3A4,bpr-0L075,COc1ccc2c(C(=O)c3cc(OC)c(OC)c(OC)c3)c[nH]c2c1,COc1cc(C(=O)c2c[nH]c3cc(O)ccc23)cc(O)c1OC,MetXBioDB,0.6808510638297872,train,C.C>>[H]
,CTK0G1203,,,CYP3A4,CTK0G1203,CC(NC(=NC#N)N=c1cc[nH]cc1)C(C)(C)C,CC(N=C(N=c1cc[nH]cc1)NC(N)=O)C(C)(C)C,MetXBioDB,0.4693877551020408,train,N>>N.O
,Chlorpyrifos,,Diethyl phosphorothioate,CYP2C19; CYP2B6; CYP3A4,Chlorpyrifos,CCOP(=S)(OCC)Oc1nc(Cl)c(Cl)cc1Cl,CCOP(=O)(O)OCC,MetXBioDB,0.2162162162162162,train,CC.Cl.C~C(Cl)~C(~N)Cl.S>>O
,dehydroepiandrosterone,,,CYP3A4,dehydroepiandrosterone,CC12CCC3C(CC=C4CC(O)CCC43C)C1CCC2=O,CC12CCC3C(CC=C4CC(O)CCC43C)C1CC(O)C2=O,MetXBioDB,0.6888888888888889,train,O>>O.[OH]
,Diazinon,,Diethyl thiophosphate,CYP2C19,Diazinon,CCOP(=S)(OCC)Oc1cc(C)nc(C(C)C)n1,CCOP(O)(=S)OCC,MetXBioDB,0.2564102564102564,train,CC.CC~N~C(~N)C(C)C>>[H]
,doxepin,,2-OH-doxepin,CYP2D6,doxepin,CN(C)CCC=C1c2ccccc2COc2ccccc21,CN(C)CCC=C1c2cc(O)ccc2COc2ccccc21,MetXBioDB,0.7674418604651163,train,CCCN(C)C>>C=CCN(C)C.[OH]
,eicosapentaenoic acid,,,CYP2C8;CYP2C9;CYP2C11;CYP2C23,eicosapentaenoic acid,CCC=CCC=CCC=CCC=CCC=CCCCC(=O)O,CCC=CCC=CCC=CCCCCC=CCCCC(=O)O,MetXBioDB,0.96,train,CCC=CCC.O.O>>C=CCCCC(=O)O
,eugenol,,Hydroxychavicol,CYP1A2;CYP2C9;CYP2D6;CYP2E1,eugenol,C=CCc1ccc(O)c(OC)c1,C=CCc1ccc(O)c(O)c1,MetXBioDB,0.6129032258064516,train,C.C>>[CH3]
,gepirone,,,CYP3A4,gepirone,CC1(C)CC(=O)N(CCCCN2CCN(c3ncccn3)CC2)C(=O)C1,CC1(C)CC(=O)N(CCCCN2CCN(c3ncc(O)cn3)CC2)C(=O)C1O,MetXBioDB,0.5555555555555556,train,[H]>>O.O
,irinotecan,,7-ethyl-10-[4-N-(5-aminopentanoic acid)-1-piperidino] carbonyloxycamptothecin,CYP3A4; CYP3A5,irinotecan,CCc1c2c(nc3ccc(OC(=O)N4CCC(N5CCCCC5)CC4)cc13)-c1cc3c(c(=O)n1C2)COC(=O)C3(O)CC,CCc1c2c(nc3ccc(OC(=O)N4CCC(NCCCCC(=O)O)CC4)cc13)-c1cc3c(c(=O)n1C2)COC(=O)C3(O)CC,MetXBioDB,0.7362637362637363,train,[H]>>O.O
,isotretinoin,,,CYP2B6;CYP2C8;CYP3A4,isotretinoin,CC(C=CC1=C(C)CCCC1(C)C)=CC=CC(C)=CC(=O)O,CC(C=CC(O)=C(C)C=CC1=C(C)CCCC1(C)C)=CC(=O)O,MetXBioDB,0.6956521739130435,train,C.C.CC=CC(C)=CC(=O)O>>C.C.C.C.CC(C)=CC(=O)O.O
,laquinimod,,"5-chloro-N-ethyl-4-hydroxy-2-oxo-N-phenyl-1,2-dihydroquinoline-3-carboxamide",CYP3A4,laquinimod,CCN(C(=O)c1c(O)c2c(Cl)cccc2n(C)c1=O)c1ccccc1,CCN(C(=O)c1c(O)nc2cccc(Cl)c2c1O)c1ccccc1,MetXBioDB,0.6,train,C.O.O>>O.O
,linomide,,"4-hydroxy-N-methyl-2-oxo-N-phenyl-1,2-dihydroquinoline-3-carboxamide",CYP3A4,linomide,CN(C(=O)c1c(O)c2ccccc2n(C)c1=O)c1ccccc1,CN(C(=O)c1c(O)nc2ccccc2c1O)c1ccccc1,MetXBioDB,0.5434782608695652,train,C.O.O>>O.O
,meiqx,,IQx-8-COOH,CYP1A2,meiqx,Cc1cnc2ccc3c([nH]c(=N)n3C)c2n1,Cn1c(=N)[nH]c2c3nc(C(=O)O)cnc3ccc21,MetXBioDB,0.6666666666666666,train,[H]>>O.O
,myristicin,,"5-allyl-1-methoxy-2,3-dihydroxybenzene",CYP3A4;CYP1A2,myristicin,C=CCc1cc(OC)c2c(c1)OCO2,C=CCc1cc(O)c(O)c(OC)c1,MetXBioDB,0.5,train,C.C=C>>CC
,naphthalene,,dihydrodiol,CYP1A2,naphthalene,c1ccc2ccccc2c1,Oc1ccc2ccccc2c1O,MetXBioDB,0.35,train,[H]>>O.O
,nordiazepam,,OXAZEPAM,CYP1A2;CYP2C19;CYP3A4,nordiazepam,OC1=Nc2ccc(Cl)cc2C(c2ccccc2)=NC1,OC1=Nc2ccc(Cl)cc2C(c2ccccc2)=NC1O,MetXBioDB,0.5909090909090909,train,O>>O.[OH]
,phenanthrene,,,CYP1A2;CYP2B6;CYP2C8;CYP2C9;CYP2E1;CYP3A4,phenanthrene,c1ccc2c(c1)ccc1ccccc12,Oc1ccc2c(ccc3ccccc32)c1O,MetXBioDB,0.5454545454545454,train,[H]>>O.O
,phenanthrene,,,CYP1A2;CYP2B6;CYP2C8;CYP2C9;CYP2E1;CYP3A4,phenanthrene,c1ccc2c(c1)ccc1ccccc12,Oc1ccc2ccc3ccccc3c2c1O,MetXBioDB,0.4782608695652174,train,[H]>>O.O
,phenanthrene,,,CYP1A2;CYP2B6;CYP2C8;CYP2C9;CYP2E1;CYP3A4,phenanthrene,c1ccc2c(c1)ccc1ccccc12,Oc1c(O)c2ccccc2c2ccccc12,MetXBioDB,0.3888888888888889,train,[H]>>O.O
,risperidone,,,CYP2D6,risperidone,Cc1nc2n(c(=O)c1CCN1CCC(c3noc4cc(F)ccc34)CC1)CCCC2,Cc1nc2n(c(=O)c1CCN1CCC(c3c4ccc(F)cc4[o+]n3O)CC1)CCCC2C,MetXBioDB,0.4939759036144578,train,[H]>>C.O
,schembl14141926,,,CYP2B6;CYP2C9;CYP2C19;CYP3A4,schembl14141926,COC(=O)C(c1ccccc1Cl)N1CCC2=C(CC(=O)S2)C1,COC(=O)C(c1ccccc1Cl)N1CCC(S)=C(CC=O)C1,MetXBioDB,0.5483870967741935,train,S.[OH]>>O.S
,schembl29464,,Oxazepam,CYP2B6;CYP2C8;CYP2C9;CYP2C19;CYP3A4,schembl29464,CN1C(=O)C(O)N=C(c2ccccc2)c2cc(Cl)ccc21,OC1=Nc2ccc(Cl)cc2C(c2ccccc2)=NC1O,MetXBioDB,0.52,train,C.O.O>>O.[OH]
,schembl896413,,M28,CYP2C9;CYP2C19,schembl896413,COc1cc(CC2SC(=O)N=C2O)ccc1C(=O)NCc1ccc(C(F)(F)F)cc1,O=C1N=C(O)C(O)(Cc2ccc(C(=O)NCc3ccc(C(F)(F)F)cc3)c(O)c2)S1,MetXBioDB,0.5,train,C.[OH]>>O.O
,schembl896413,,M24,CYP3A4,schembl896413,COc1cc(CC2SC(=O)N=C2O)ccc1C(=O)NCc1ccc(C(F)(F)F)cc1,COc1cc(CC2(O)SC(=O)N=C2O)ccc1C(=O)NCc1ccc(C(F)(F)F)cc1,MetXBioDB,0.6666666666666666,train,[OH]>>O.O
,tangeretin,,,CYP3A4,tangeretin,COc1ccc(-c2cc(=O)c3c(OC)c(OC)c(OC)c(OC)c3o2)cc1,COc1ccc(-c2cc(=O)c3c(O)c(O)c(OC)c(OC)c3o2)cc1,MetXBioDB,0.7560975609756098,train,C.C>>[H]
,MK-429,,,CYP2D6;CYP3A4,MK-429,COc1ccc(C(CC(=O)O)N2CCN(CCCc3ccc4c(n3)NCCC4)C2=O)cn1,O=C(O)CC(c1ccc(O)nc1)N1CCN(CCCc2ccc3c(n2)NC(O)CC3)C1=O,MetXBioDB,0.6296296296296297,train,CO>>O.O
,MK-429,,,CYP2D6;CYP3A4,MK-429,COc1ccc(C(CC(=O)O)N2CCN(CCCc3ccc4c(n3)NCCC4)C2=O)cn1,O=C(O)CC(c1ccc(O)nc1)N1CCN(CCCc2ccc3c(n2)NCCC3O)C1=O,MetXBioDB,0.5952380952380952,train,CO>>O.O
,O-isopropyl acetaminophen,,,CYP1A2,O-isopropyl acetaminophen,CC(=O)Nc1ccc(OC(C)C)cc1,COc1ccc(NC=O)cc1,MetXBioDB,0.3055555555555556,train,C.C.C>>[H]
,sulfinpyrazone_sulfide,,,CYP2C9;CYP3A4,sulfinpyrazone_sulfide,O=C1C(CCSc2ccccc2)C(=O)N(c2ccccc2)N1c1ccccc1,O=C1C(CC[S+]([O-])c2ccccc2)C(=O)N(c2ccc(O)cc2)N1c1ccccc1,MetXBioDB,0.4666666666666667,train,Sc1ccccc1>>O.[O-][S+]c1ccccc1
,zinc38309998,,,CYP2C8;CYP3A4;CYP3A5,zinc38309998,CCC(C)(C)C(=O)OC1CC(C)C=C2C=CC(C)C(CCC(O)CC(O)CC(=O)O)C21,CCC(C)(C)C(=O)OC1CC(C)C(O)=C2C=C(O)C(C)C(CCC(O)CC(O)CC(=O)O)C21,MetXBioDB,0.5972222222222222,train,[H]>>O.O
,zinc8660420,,,CYP3A4,zinc8660420,C=C(C)C1Cc2c(ccc3c2OC2COc4cc(OC)c(OC)cc4C2C3=O)O1,C=C(CO)C1Cc2c(ccc3c2OC2COc4cc(OC)c(OC)cc4C2(O)C3=O)O1,MetXBioDB,0.4868421052631579,train,[H]>>O.O
,zinc8660420,,,CYP3A4,zinc8660420,C=C(C)C1Cc2c(ccc3c2OC2COc4cc(OC)c(OC)cc4C2C3=O)O1,COc1cc2c(cc1OC)C1(O)C(=O)c3ccc4c(c3OC1CO2)CC(C1(C)CO1)O4,MetXBioDB,0.4342105263157895,train,C>>CO.O
,leflunomide,,,CYP1A2;CYP2C9;CYP3A4,leflunomide,Cc1oncc1C(=O)Nc1ccc(C(F)(F)F)cc1,CC(O)=C(C=N)C(=O)Nc1ccc(C(F)(F)F)cc1,MetXBioDB,0.4,train,N~O>>N.O
,alosetron,,,CYP1A2,alosetron,Cc1nc[nH]c1CN1CCc2c(c3ccccc3n2C)C1=O,Cc1nc(O)[nH]c1CN1CCc2c(c3cccc(O)c3n2C)C1=O,MetXBioDB,0.5396825396825397,train,[H]>>O.O
,"1Ã¢â‚¬Â{3Ã¢â‚¬Â[4Ã¢â‚¬Â(3Ã¢â‚¬ÂchloroÃ¢â‚¬Â4Ã¢â‚¬Âhydroxyphenyl)piperazinÃ¢â‚¬Â1Ã¢â‚¬Âyl]propyl}Ã¢â‚¬Â3Ã¢â‚¬ÂethylÃ¢â‚¬Â4Ã¢â‚¬Â(2Ã¢â‚¬Âphenoxyethyl)Ã¢â‚¬Â4,5Ã¢â‚¬ÂdihydroÃ¢â‚¬Â1HÃ¢â‚¬Â1,2,4Ã¢â‚¬ÂtriazolÃ¢â‚¬Â5Ã¢â‚¬Âone",,"1Ã¢â‚¬Â{3Ã¢â‚¬Â[4Ã¢â‚¬Â(3Ã¢â‚¬ÂchloroÃ¢â‚¬Â1Ã¢â‚¬ÂhydroxyÃ¢â‚¬Â4Ã¢â‚¬ÂoxocyclohexaÃ¢â‚¬Â2,5Ã¢â‚¬ÂdienÃ¢â‚¬Â1Ã¢â‚¬Âyl)piperazinÃ¢â‚¬Â1Ã¢â‚¬Âyl]propyl}Ã¢â‚¬Â3Ã¢â‚¬ÂethylÃ¢â‚¬Â4Ã¢â‚¬Â(2Ã¢â‚¬Âphenoxyethyl)Ã¢â‚¬Â4,5Ã¢â‚¬ÂdihydroÃ¢â‚¬Â1HÃ¢â‚¬Â1,2,4Ã¢â‚¬ÂtriazolÃ¢â‚¬Â5Ã¢â‚¬Âone",CYP3A4,"1Ã¢â‚¬Â{3Ã¢â‚¬Â[4Ã¢â‚¬Â(3Ã¢â‚¬ÂchloroÃ¢â‚¬Â4Ã¢â‚¬Âhydroxyphenyl)piperazinÃ¢â‚¬Â1Ã¢â‚¬Âyl]propyl}Ã¢â‚¬Â3Ã¢â‚¬ÂethylÃ¢â‚¬Â4Ã¢â‚¬Â(2Ã¢â‚¬Âphenoxyethyl)Ã¢â‚¬Â4,5Ã¢â‚¬ÂdihydroÃ¢â‚¬Â1HÃ¢â‚¬Â1,2,4Ã¢â‚¬ÂtriazolÃ¢â‚¬Â5Ã¢â‚¬Âone",CCc1nn(CCCN2CCN(c3ccc(O)c(Cl)c3)CC2)c(=O)n1CCOc1ccccc1,CCc1nn(CCCN2CCN(C3(O)C=CC(=O)C(Cl)=C3)CC2)c(=O)n1CCOc1ccccc1,MetXBioDB,0.6025641025641025,train,C~C(O)~CCl>>CC(=O)CCl.O
,"1Ã¢â‚¬Â{3Ã¢â‚¬Â[4Ã¢â‚¬Â(3Ã¢â‚¬ÂchloroÃ¢â‚¬Â4Ã¢â‚¬Âhydroxyphenyl)piperazinÃ¢â‚¬Â1Ã¢â‚¬Âyl]propyl}Ã¢â‚¬Â3Ã¢â‚¬ÂethylÃ¢â‚¬Â4Ã¢â‚¬Â(2Ã¢â‚¬Âphenoxyethyl)Ã¢â‚¬Â4,5Ã¢â‚¬ÂdihydroÃ¢â‚¬Â1HÃ¢â‚¬Â1,2,4Ã¢â‚¬ÂtriazolÃ¢â‚¬Â5Ã¢â‚¬Âone",,"1Ã¢â‚¬Â[3Ã¢â‚¬Â(4Ã¢â‚¬Â{3Ã¢â‚¬ÂchloroÃ¢â‚¬Â4Ã¢â‚¬ÂhydroxyÃ¢â‚¬Â7Ã¢â‚¬Âoxabicyclo[4.1.0]heptaÃ¢â‚¬Â2,4Ã¢â‚¬ÂdienÃ¢â‚¬Â1Ã¢â‚¬Âyl}piperazinÃ¢â‚¬Â1Ã¢â‚¬Âyl)propyl]Ã¢â‚¬Â3Ã¢â‚¬ÂethylÃ¢â‚¬Â4Ã¢â‚¬Â(2Ã¢â‚¬Âphenoxyethyl)Ã¢â‚¬Â4,5Ã¢â‚¬ÂdihydroÃ¢â‚¬Â1HÃ¢â‚¬Â1,2,4Ã¢â‚¬ÂtriazolÃ¢â‚¬Â5Ã¢â‚¬Âone",CYP3A4,"1Ã¢â‚¬Â{3Ã¢â‚¬Â[4Ã¢â‚¬Â(3Ã¢â‚¬ÂchloroÃ¢â‚¬Â4Ã¢â‚¬Âhydroxyphenyl)piperazinÃ¢â‚¬Â1Ã¢â‚¬Âyl]propyl}Ã¢â‚¬Â3Ã¢â‚¬ÂethylÃ¢â‚¬Â4Ã¢â‚¬Â(2Ã¢â‚¬Âphenoxyethyl)Ã¢â‚¬Â4,5Ã¢â‚¬ÂdihydroÃ¢â‚¬Â1HÃ¢â‚¬Â1,2,4Ã¢â‚¬ÂtriazolÃ¢â‚¬Â5Ã¢â‚¬Âone",CCc1nn(CCCN2CCN(c3ccc(O)c(Cl)c3)CC2)c(=O)n1CCOc1ccccc1,CCc1nn(CCCN2CCN(C34C=C(Cl)C(O)=CC3O4)CC2)c(=O)n1CCOc1ccccc1,MetXBioDB,0.5925925925925926,train,O>>O.O
,Bromazepam,,,CYP1A2; CYP2D6,Bromazepam,OC1=Nc2ccc(Br)cc2C(c2ccccn2)=NC1,OC1=Nc2ccc(Br)cc2C(c2ccccn2)=NC1O,MetXBioDB,0.625,train,O>>O.[OH]
,Chlorpyrifos-oxon,,Diethyl phosphate,CYP2C19; CYP2B6; CYP3A4,Chlorpyrifos,CCOP(=O)(OCC)Oc1nc(Cl)c(Cl)cc1Cl,CCOP(=O)(O)OCC,MetXBioDB,0.2857142857142857,train,CC.Cl.C~C(Cl)~C(~N)Cl>>[H]
,D-702,,,CYP3A4; CYP3A5,Verapamil,COc1cc(CCN(C)CCCC(C#N)(c2ccc(OC)c(OC)c2)C(C)C)ccc1O,COc1ccc(C(C#N)(CCCN)C(C)C)cc1OC,MetXBioDB,0.5789473684210527,train,C.CCc1ccc(O)c(OC)c1>>[H]
,Diazoxon,,Diethy phosphate,CYP2C19,Diazinon,CCOP(=O)(OCC)Oc1cc(C)nc(C(C)C)n1,CCOP(=O)(O)OCC,MetXBioDB,0.2564102564102564,train,CC.CC~N~C(~N)C(C)C>>[H]
,Nordoxepin,,2-Hydroxynordoxepin,CYP2D6,Nordoxepin,CNCCC=C1c2ccccc2COc2ccccc21,CNCCC=C1c2cc(O)ccc2COc2ccccc21,MetXBioDB,0.7727272727272727,train,CCCNC>>C=CCNC.[OH]
,Pioglitazone,,"2Ã¢â‚¬Â[6Ã¢â‚¬Â(2Ã¢â‚¬Â{4Ã¢â‚¬Â[(2,4Ã¢â‚¬ÂdioxoÃ¢â‚¬Â1,3Ã¢â‚¬ÂthiazolidinÃ¢â‚¬Â5Ã¢â‚¬Âyl)methyl]phenoxy}ethyl)pyridinÃ¢â‚¬Â3Ã¢â‚¬Âyl]acetic acid",CYP2C8; CYP3A4,Pioglitazone,CCc1ccc(CCOc2ccc(CC3SC(=O)N=C3O)cc2)nc1,O=C(O)Cc1ccc(CCOc2ccc(CC3SC(=O)N=C3O)cc2)nc1,MetXBioDB,0.7777777777777778,train,[H]>>O.O
,Perospirone,,,CYP3A4,Perospirone,O=C1C2CCCCC2C(=O)N1CCCCN1CCN(c2nsc3ccccc23)CC1,O=C1C2=C(CCCC2)C(=O)N1CCCCN1CCN(c2nsc3ccccc23)CC1,MetXBioDB,0.7222222222222222,train,[OH].[OH]>>O.O
,Nimodipine,,,CYP3A4,Nimodipine,COCCOC(=O)C1=C(C)NC(C)=C(C(=O)OC(C)C)C1c1cccc([N+](=O)[O-])c1,Cc1nc(C)c(C(=O)OC(C)C)c(-c2cccc([N+](=O)[O-])c2)c1C(=O)OCCO,MetXBioDB,0.4923076923076923,train,C.CCN>>CC~N
,N2-OH-PhIP,,N2-OH-PhIP-N3-glucuronide,UGT,N2-OH-PhIP,Cn1c(NO)nc2ncc(-c3ccccc3)cc21,C[n+]1c(NO)n(C2OC(C(=O)O)C(O)C(O)C2O)c2ncc(-c3ccccc3)cc21,MetXBioDB,0.328125,train,C.NO>>C.NO.O=C(O)C1OCC(O)C(O)C1O
,Bilirubin,,"6-[3-[2-[[3-(2-carboxyethyl)-5-[(Z)-(4-ethenyl-3-methyl-5-oxopyrrol-2-ylidene)methyl]-4-methyl-1H-pyrrol-2-yl]methyl]-5-[(Z)-(3-ethenyl-4-methyl-5-oxopyrrol-2-ylidene)methyl]-4-methyl-1H-pyrrol-3-yl]propanoyloxy]-3,4,5-trihydroxyoxane-2-carboxylic acid",UGT,Bilirubin,C=CC1=C(C)C(O)=NC1=Cc1[nH]c(Cc2[nH]c(C=C3N=C(O)C(C=C)=C3C)c(C)c2CCC(=O)O)c(CCC(=O)O)c1C,C=CC1=C(C)C(O)=NC1=Cc1[nH]c(Cc2[nH]c(C=C3N=C(O)C(C=C)=C3C)c(C)c2CCC(=O)O)c(CCC(=O)OC2OC(C(=O)O)C(O)C(O)C2O)c1C,MetXBioDB,0.7101449275362319,train,C.C=CC1=C(C)CNC1=O.CC=C1CNC(O)C1C.O>>C.C.C=C.C=C1C(=O)N=CC1=CC.CCCC(=O)O.N.O=C(O)C1OCC(O)C(O)C1O
,Bilirubin,,"(2S,3S,4S,5R,6S)Ã¢â‚¬Â6Ã¢â‚¬Â{[3Ã¢â‚¬Â(2Ã¢â‚¬Â{[3Ã¢â‚¬Â(2Ã¢â‚¬Âcarboxyethyl)Ã¢â‚¬Â5Ã¢â‚¬Â{[(2Z)Ã¢â‚¬Â4Ã¢â‚¬ÂethenylÃ¢â‚¬Â3Ã¢â‚¬ÂmethylÃ¢â‚¬Â5Ã¢â‚¬ÂoxoÃ¢â‚¬Â1HÃ¢â‚¬ÂpyrrolÃ¢â‚¬Â2Ã¢â‚¬Âylidene]methyl}Ã¢â‚¬Â4Ã¢â‚¬ÂmethylÃ¢â‚¬Â1HÃ¢â‚¬ÂpyrrolÃ¢â‚¬Â2Ã¢â‚¬Âyl]methyl}Ã¢â‚¬Â5Ã¢â‚¬Â{[(2Z)Ã¢â‚¬Â3Ã¢â‚¬ÂethenylÃ¢â‚¬Â4Ã¢â‚¬ÂmethylÃ¢â‚¬Â5Ã¢â‚¬ÂoxoÃ¢â‚¬Â1HÃ¢â‚¬ÂpyrrolÃ¢â‚¬Â2Ã¢â‚¬Âylidene]methyl}Ã¢â‚¬Â4Ã¢â‚¬ÂmethylÃ¢â‚¬Â1HÃ¢â‚¬ÂpyrrolÃ¢â‚¬Â3Ã¢â‚¬Âyl)propanoyl]oxy}Ã¢â‚¬Â3,4,5Ã¢â‚¬ÂtrihydroxyoxaneÃ¢â‚¬Â2Ã¢â‚¬Âcarboxylic acid",UGT,Bilirubin,C=CC1=C(C)C(O)=NC1=Cc1[nH]c(Cc2[nH]c(C=C3N=C(O)C(C=C)=C3C)c(C)c2CCC(=O)O)c(CCC(=O)O)c1C,C=CC1=C(C)C(O)=NC1=Cc1[nH]c(Cc2[nH]c(C=C3N=C(O)C(C=C)=C3C)c(C)c2CCC(=O)OC2OC(C(=O)O)C(O)C(O)C2O)c(CCC(=O)O)c1C,MetXBioDB,0.7101449275362319,train,C.C=CC1=C(C)CNC1=O.CC=C1CNC(O)C1C.O>>C.C.C=C.C=C1C(=O)N=CC1=CC.CCCC(=O)OC1OC(C(=O)O)C(O)C(O)C1O.N
,Brodifacoum,,Brodifacoum O-glucuronide,UGT,Brodifacoum,O=c1oc2ccccc2c(O)c1C1CC(c2ccc(-c3ccc(Br)cc3)cc2)Cc2ccccc21,O=C(O)C1OC(Oc2c(C3CC(c4ccc(-c5ccc(Br)cc5)cc4)Cc4ccccc43)c(=O)oc3ccccc23)C(O)C(O)C1O,MetXBioDB,0.647887323943662,train,O.[OH]>>O.O=C(O)C1OC(O)C(O)C(O)C1O
,4-nitrobenzyl chloride,,"S-(2,4-dinitrophenyl)glutathione",GST,4-nitrobenzyl chloride,O=[N+]([O-])c1ccc(CCl)cc1,NC(CCC(=O)NC(CSc1ccc([N+](=O)[O-])cc1[N+](=O)[O-])C(=O)NCC(=O)O)C(=O)O,MetXBioDB,0.2096774193548387,train,CCl>>NC(CCC(=O)NC(CS)C(=O)NCC(=O)O)C(=O)O.O=[N+][O-]
,cis-6-(2-acetylvinylthio)purine,,,GST,cis-6-(2-acetylvinylthio)purine,CC(=O)C=CSc1ncnc2[nH]cnc12,CC(O)=CC(SCC(NC(=O)CCC(N)C(=O)O)C(=O)NCC(=O)O)Sc1ncnc2[nH]cnc12,MetXBioDB,0.3611111111111111,train,CC(C)=O>>NC(CCC(=O)NC(CS)C(=O)NCC(=O)O)C(=O)O.[CH2]C(C)=O
,O-methoxycatechol,,,SULT,O-methoxycatechol,COOc1ccccc1O,COc1ccccc1OS(=O)(=O)O,MetXBioDB,0.3548387096774194,train,CO>>C.O=[SH](=O)O
,phenethyl isothiocyanate,,,GST,phenethyl isothiocyanate,S=C=NCCc1ccccc1,NC(CCC(=O)NC(CSC([S])=NCCc1ccccc1)C(=O)NCC(=O)O)C(=O)O,MetXBioDB,0.2711864406779661,train,S>>NC(CCC(=O)NC(CS)C(=O)NCC(=O)O)C(=O)O.[S]
,N-OH-ABA,,,"SULT1A1, SULT1A2",N-OH-ABA,O=C1c2ccccc2-c2ccc(NO)c3cccc1c23,O=C1c2ccccc2-c2ccc(NOS(=O)(=O)O)c3cccc1c23,MetXBioDB,0.65,train,NO.[OH]>>NOS(=O)(=O)O.O
,Thalifendine,,,UGT,Thalifendine,COc1ccc2cc3n(cc-2c1=O)CCc1cc2c(cc1-3)OCO2,COc1ccc2cc3[n+](cc2c1OC1OC(C(=O)O)C(O)C(O)C1O)CCc1cc2c(cc1-3)OCO2,MetXBioDB,0.3132530120481928,train,N.O>>O=C(O)C1OC(O)C(O)C(O)C1O.[N+]
,"B[a]P 7,8-epoxide",,,GST,"B[a]P 7,8-epoxide",C1=CC2OC2c2cc3ccc4cccc5ccc(c21)c3c45,NC(CCC(=O)NC(CSOC1c2cc3ccc4cccc5ccc(c2C=CC1O)c3c45)C(=O)NCC(=O)O)C(=O)O,MetXBioDB,0.3421052631578947,train,[H]>>NC(CCC(=O)NC(CS)C(=O)NCC(=O)O)C(=O)O.O
,Lorazepam,,,UGT,Lorazepam,OC1=Nc2ccc(Cl)cc2C(c2ccccc2Cl)=NC1O,O=C(O)C1OC(OC2N=C(c3ccccc3Cl)c3cc(Cl)ccc3N=C2O)C(O)C(O)C1O,MetXBioDB,0.55,train,O.[OH]>>O.O=C(O)C1OC(O)C(O)C(O)C1O
,Oxazepam,,,UGT,schembl29464,OC1=Nc2ccc(Cl)cc2C(c2ccccc2)=NC1O,O=C(O)C1OC(OC2N=C(c3ccccc3)c3cc(Cl)ccc3N=C2O)C(O)C(O)C1O,MetXBioDB,0.5517241379310345,train,O.[OH]>>O.O=C(O)C1OC(O)C(O)C(O)C1O
,rac-4-hydroxynonenal,,S-(4-hydroxy-1-oxononan-3-yl)glutathione,GST,rac-4-hydroxynonenal,CCCCCC(O)C=CC=O,CCCCCC(O)C(CC=O)SCC(NC(=O)CCC(N)C(=O)O)C(=O)NCC(=O)O,MetXBioDB,0.2833333333333333,train,CC=O>>CC=O.NC(CCC(=O)NC(CS)C(=O)NCC(=O)O)C(=O)O
,Epicatechin,,"5-(3',4'-dihydroxyphenyl)-gamma-valerolactone",Unspecified gut bacterial enzyme,Epicatechin,Oc1cc(O)c2c(c1)OC(c1ccc(O)c(O)c1)C(O)C2,O=C1CCC(Cc2ccc(O)c(O)c2)O1,MetXBioDB,0.2692307692307692,train,C~C(O)~C~CO.O>>O
DB01037,Selegiline,DB09571,Levmetamfetamine,"Cytochrome P450 2B6, Cytochrome P450 2C19, Cytochrome P450 2D6, Cytochrome P450 1A2, Cytochrome P450 2C9, Cytochrome P450 3A4",DB01037,C#CCN(C)C(C)Cc1ccccc1,CNC(C)Cc1ccccc1,Both,0.4,val,C.C#C>>[H]
DB13955,Estradiol dienanthate,DB00783,Estradiol,,DB13955,CCCCCCC(=O)Oc1ccc2c(c1)CCC1C2CCC2(C)C(OC(=O)CCCCCC)CCC12,CC12CCC3c4ccc(O)cc4CCC3C1CCC2O,DrugBank,0.4696969696969697,val,CCCCCCC=O.CCCCCCC=O>>[H]
DB00342,Terfenadine,DBMET00391,fexofenadine,Cytochrome P450 3A4,DB00342,CC(C)(C)c1ccc(C(O)CCCN2CCC(C(O)(c3ccccc3)c3ccccc3)CC2)cc1,CC(C)(C(=O)O)c1ccc(C(O)CCCN2CCC(C(O)(c3ccccc3)c3ccccc3)CC2)cc1,DrugBank,0.82,val,[H]>>O.O
DB00432,Trifluridine,DBMET00748,5-carboxy-2'-deoxyuridine,,DB00432,O=c1[nH]c(=O)n(C2CC(O)C(CO)O2)cc1C(F)(F)F,O=C(O)c1cn(C2CC(O)C(CO)O2)c(=O)nc1O,DrugBank,0.4385964912280701,val,F.F.F>>O.O
DB00481,Raloxifene,DBMET02527,"Raloxifene-6, 4′-diglucuronide","UDP-glucuronosyltransferase 1A10, UDP-glucuronosyltransferase 1A8, UDP-glucuronosyltransferase 1A1",DB00481,O=C(c1ccc(OCCN2CCCCC2)cc1)c1c(-c2ccc(O)cc2)sc2cc(O)ccc12,O=C(c1ccc(OCCN2CCCCC2)cc1)c1c(-c2ccc(OC3C(O)C(O)C(O)C(O)C3C(=O)O)cc2)sc2cc(OC3C(O)C(O)C(O)C(O)C3C(=O)O)ccc12,DrugBank,0.6716417910447762,val,[H]>>O=C(O)C1CC(O)C(O)C(O)C1O.O=C(O)C1CC(O)C(O)C(O)C1O
DB00571,Propranolol,DBMET02587,α-Naphthoxylactic Acid,,DB00571,CC(C)NCC(O)COc1cccc2ccccc12,O=C(O)C(O)COc1cccc2ccccc12,DrugBank,0.5365853658536586,val,CC(C)N>>O.O
DB00648,Mitotane,DBMET03762,"1,1-(o,p'-dichlorodiphenyl) acetic acid",,DB00648,Clc1ccc(C(c2ccccc2Cl)C(Cl)Cl)cc1,O=C(O)C(c1ccc(Cl)cc1)c1ccccc1Cl,DrugBank,0.5142857142857142,val,Cl.Cl>>O.O
DB00762,Irinotecan,DBMET03771,APC,Cytochrome P450 3A4,DB00762,CCc1c2c(nc3ccc(OC(=O)N4CCC(N5CCCCC5)CC4)cc13)-c1cc3c(c(=O)n1C2)COC(=O)C3(O)CC,CCc1c2c(nc3ccc(OC(=O)N4CCC(NCCCC(=O)O)CC4)cc13)-c1cc3c(c(=O)n1C2)COC(=O)C3(O)CC,DrugBank,0.7444444444444445,val,C>>O.O
DB00866,Alprenolol,DBMET00740,4-hydroxy-alprenolol,,DB00866,C=CCc1ccccc1OCC(O)CNC(C)C,C=CCc1cc(O)ccc1OCC(O)CNC(C)C,DrugBank,0.7333333333333333,val,C=C>>CC.[OH]
DB01217,Anastrozole,DBMET02829,"3,5-Bis-(2-methylpropiononitrile)-benzoic acid",,DB01217,CC(C)(C#N)c1cc(Cn2cncn2)cc(C(C)(C)C#N)c1,CC(C)(C#N)c1cc(C(=O)O)cc(C(C)(C)C#N)c1,DrugBank,0.3809523809523809,val,C1NCNN1>>O.O
DB04573,Estriol,DBMET00604,Estriol 3-sulfate 16-glucuronide,,DB04573,CC12CCC3c4ccc(O)cc4CCC3C1CC(O)C2O,CC12CCC3c4ccc(OS(=O)(=O)O)cc4CCC3C1CC(OC1OC(C(=O)O)C(O)C(O)C1O)C2O,DrugBank,0.4444444444444444,val,[H]>>O=C(O)C1OCC(O)C(O)C1O.O=[SH](=O)O
DB04630,Aldosterone,DBMET00605,Tetrahydroaldosterone-3-glucuronide,,DB04630,CC12CCC(=O)C=C1CCC1C2C(O)CC2(C=O)C(C(=O)CO)CCC12,CC12CCC(OC3OC(C(=O)O)C(O)C(O)C3O)CC1CCC1C2C2CC3(C(O)O2)C(C(=O)CO)CCC13,DrugBank,0.3068181818181818,val,O.O>>O.O=C(O)C1OC(O)C(O)C(O)C1O
DB06669,Arverapamil,DBMET01616,(2R)-5-amino-2-(3-methoxyphenyl)-2-(propan-2-yl)pentanenitrile,"Cytochrome P450 2C8, Cytochrome P450 3A4, Cytochrome P450 2D6",DB06669,COc1ccc(CCNCCCC(C#N)(c2ccc(OC)c(OC)c2)C(C)C)cc1OC,COc1cccc(C(C#N)(CCCN)C(C)C)c1,Both,0.4482758620689655,val,CCc1ccc(OC)c(OC)c1.CO>>[H]
DB06697,Artemether,DBMET00827,Deoxydihydro-artemisinin,,DB06697,COC1OC2OC3(C)CCC4C(C)CCC(C1C)C24OO3,CC1CCC2C(C)C(O)OC3OC4(C)CCC1C32O4,DrugBank,0.5306122448979592,val,C.O>>[H]
DB06781,Difluprednate,DBMET00883,Hydroxyfluoroprednisolone butyrate,,DB06781,CCCC(=O)OC1(C(=O)COC(C)=O)CCC2C3CC(F)C4=CC(=O)C=CC4(C)C3(F)C(O)CC21C,CCCC(=O)OC1(C(=O)CO)CCC2C3CC(O)C4=CC(=O)C=CC4(C)C3(F)C(O)CC21C,DrugBank,0.72,val,CC=O.F>>O
DB09020,Bisacodyl,DBMET03353,Bis-(p-hydroxyphenyl)-pyridyl-2-methane,,DB09020,CC(=O)Oc1ccc(C(c2ccc(OC(C)=O)cc2)c2ccccn2)cc1,Oc1ccc(C(c2ccc(O)cc2)c2ccccn2)cc1,DrugBank,0.5675675675675675,val,CC=O.CC=O>>[H]
DB11632,Opicapone,DBMET03240,BIA 9-1101,,DB11632,Cc1c(Cl)c(C)[n+]([O-])c(Cl)c1-c1noc(-c2cc(O)c(O)c([N+](=O)[O-])c2)n1,COc1cc(-c2nc(-c3c(Cl)nc(C)c(Cl)c3C)no2)cc([N+](=O)[O-])c1O,DrugBank,0.5538461538461539,val,[N+][O-]>>C.N
DB12466,Favipiravir,DBMET03065,T705M1,"Aldehyde oxidase, Xanthine dehydrogenase/oxidase",DB12466,NC(=O)c1nc(F)cnc1O,NC(=O)c1nc(F)c(O)nc1O,DrugBank,0.5161290322580645,val,O>>O.O
DB13729,Camostat,DBMET03117,4-(4-guanidinobenzoyloxy)phenylacetic Acid,,DB13729,CN(C)C(=O)COC(=O)Cc1ccc(OC(=O)c2ccc(NC(=N)N)cc2)cc1,N=C(N)Nc1ccc(C(=O)Oc2ccc(CC(=O)O)cc2)cc1,DrugBank,0.66,val,CC(=O)N(C)C.NCN>>N=CN
DB13783,Acemetacin,DBMET01881,des-4-chlorobenzoyl-indomethacin,,DB13783,COc1ccc2c(c1)c(CC(=O)OCC(=O)O)c(C)n2C(=O)c1ccc(Cl)cc1,COc1ccc2[nH]c(C)c(CC(=O)O)c2c1,DrugBank,0.365079365079365,val,CC(=O)O.O=Cc1ccc(Cl)cc1>>[H]
DBMET03760,Mitotane β-hydroxylated metabolite,DBMET03761,Mitotane acyl chloride metabolite,,DB00648,OC(Cl)(Cl)C(c1ccc(Cl)cc1)c1ccccc1Cl,O=C(Cl)C(c1ccc(Cl)cc1)c1ccccc1Cl,DrugBank,0.5135135135135135,val,Cl.O>>O
DBMET03303,4'-desethyl-drotaverine,DBMET03304,4'-desethyl-drotaveraldine,,DB06751,CCOc1ccc(C=C2NCCc3cc(OCC)c(OCC)cc32)cc1O,CCOc1cc2c(cc1O)CCNC2C(=O)c1ccc(OCC)c(OCC)c1,DrugBank,0.4098360655737705,val,CC>>CC.O
DBMET03419,M6,DBMET03421,M1 (Macitentan),,DB08932,CCCNS(=O)(=O)Nc1ncnc(OCCOc2ncc(Br)cn2)c1-c1ccc(Br)cc1,O=C(O)C1OC(NS(=O)(=O)Nc2ncnc(OCCOc3ncc(Br)cn3)c2-c2ccc(Br)cc2)C(O)C(O)C1O,DrugBank,0.5915492957746479,val,[H]>>O.O.O=C(O)C(O)CO
DBMET01880,O-demethylated acemetacin,DBMET02185,Acemetacin-acyl-beta-D-glucuronide,UDP-glucuronosyltransferase 2B7,DB13783,Cc1c(CC(=O)OCC(=O)O)c2cc(O)ccc2n1C(=O)c1ccc(Cl)cc1,COc1ccc2c(c1)c(CC(=O)OCC(O)OC1OC(C(=O)O)C(O)C(O)C1O)c(C)n2C(=O)c1ccc(Cl)cc1,DrugBank,0.4936708860759494,val,O>>C.O=C(O)C1OC(O)C(O)C(O)C1O
DBMET01200,"N,N-Didesmethyldiphenhydramine",DBMET01201,Diphenylmethoxyacetic acid,,DB00985,NCCOC(c1ccccc1)c1ccccc1,O=C(O)COC(c1ccccc1)c1ccccc1,DrugBank,0.5,val,N>>O.O
DBMET02465,Aripiprazole unnamed metabolite 8,DBMET02466,Aripiprazole unnamed metabolite 9,,DB01238,O=C1CCC2=CC(=O)C(OCCCCN3CCN(c4cccc(Cl)c4Cl)CC3)=CC2N1,NC(CCC(=O)NC(CSC1=C2CCC(=O)NC2C=C(OCCCCN2CCN(c3cccc(Cl)c3Cl)CC2)C1O)C(=O)NCC(=O)O)C(=O)O,DrugBank,0.4591836734693877,val,O>>NC(CCC(=O)NC(CS)C(=O)NCC(=O)O)C(=O)O.O
DBMET01894,M7 (Blonanserin),DBMET01895,M8 (Blonanserin),Cytochrome P450 3A4,DB09223,NCCNc1cc(-c2ccc(F)cc2)c2c(n1)CCCCCC2,O=C(O)CNc1cc(-c2ccc(F)cc2)c2c(n1)CCCCCC2,DrugBank,0.68,val,N>>O.O
DBMET00989,Phenytoin catechol,DBMET00992,Phenytoin quinone,NAD(P)H dehydrogenase [quinone] 1,DB00252,O=C1NC(=O)C(c2ccccc2)(c2ccc(O)c(O)c2)N1,O=C1NC(=O)C(C2=CC(=O)C(=O)C=C2)(c2ccccc2)N1,DrugBank,0.4883720930232558,val,C~C~C~C.O.O>>CC(=O)C(C)=O
,[2-methyl-4-(o-tolylazo)phenyl]amine,,N-hydroxy-oaminoazotohiene,CYP1A2,[2-methyl-4-(o-tolylazo)phenyl]amine,Cc1cc(N=Nc2ccccc2C)ccc1N,Cc1ccccc1N=Nc1ccc(NO)c(C)c1,MetXBioDB,0.6571428571428571,val,Cc1ccccc1N>>Cc1ccccc1[NH].O
,"2,2-dichloro-1,1,1-trifluoroethane",,Trifluoroacetyl chloride,CYP2E1,"2,2-dichloro-1,1,1-trifluoroethane",FC(F)(F)C(Cl)Cl,O=CC(F)(F)F,MetXBioDB,0.2,val,Cl.Cl>>O
,6-chrysenamine,,"6-MeC-1,2-diol",CYP1A2;CYP2A6;CYP2B6;CYP2D6;CYP3A4,6-chrysenamine,Nc1cc2c3ccccc3ccc2c2ccccc12,Nc1cc2c3c(ccc2c2ccccc12)C(O)C(O)C=C3,MetXBioDB,0.4102564102564102,val,[H]>>O.O
,Linoleic acid,,Leukotoxin,CYP2C9; CYP2C19,Linoleic acid,CCCCCC=CCC=CCCCCCCCC(=O)O,CCCCCC=CCC1OC1CCCCCCCC(=O)O,MetXBioDB,0.5897435897435898,val,CCCCCC.O.O>>CCC.CCC(=O)O.O
,Quercetin,,Dihydroquercetin,Unspecified gut bacterial enzyme,Quercitrin,O=c1c(O)c(-c2ccc(O)c(O)c2)oc2cc(O)cc(O)c12,O=C1c2c(O)cc(O)cc2OC(c2ccc(O)c(O)c2)C1O,MetXBioDB,0.320754716981132,val,O.O>>O.[OH]
,Cyanidin,,"2,4,6-Trihydroxybenzaldehyde",Unspecified gut bacterial enzyme,Cyanidin,Oc1cc(O)c2cc(O)c(-c3ccc(O)c(O)c3)[o+]c2c1,O=Cc1c(O)cc(O)cc1O,MetXBioDB,0.2432432432432432,val,[O+]~C(~CO)C1CCC(O)C(O)C1>>O.O
DB00332,Ipratropium,DB09269,Phenylacetic acid,,DB00332,CC(C)[N+]1(C)C2CCC1CC(OC(=O)C(CO)c1ccccc1)C2,O=C(O)Cc1ccccc1,DrugBank,0.2040816326530612,test,CC(C)[N+]1(C)C2CCCC1CC2.CO>>[H]
DB00783,Estradiol,DBMET00568,2-Methoxyestrone 3-glucuronide,UDP-glucuronosyltransferases (UGTs),DB13952,CC12CCC3c4ccc(O)cc4CCC3C1CCC2O,COc1cc2c(cc1OC1OC(O)C(O)C(O)C1O)CCC1C2CCC2(C)C(=O)CCC12,DrugBank,0.3478260869565217,test,O>>CO.O.OC1COC(O)C(O)C1O
DB00783,Estradiol,DBMET00332,4-hydroxyestrone,"Cytochrome P450 1B1, Cytochrome P450 3A5",DB13952,CC12CCC3c4ccc(O)cc4CCC3C1CCC2O,CC12CCC3c4ccc(O)c(O)c4CCC3C1CCC2=O,DrugBank,0.3928571428571428,test,O>>O.O
DB00783,Estradiol,DBMET00576,2-methoxy-17beta-estradiol 3-O-(beta-D-glucuronide),,DB13952,CC12CCC3c4ccc(O)cc4CCC3C1CCC2O,COc1cc2c(cc1OC1OC(C(=O)O)C(O)C(O)C1O)CCC1C2CCC2(C)C(O)CCC12,DrugBank,0.4848484848484848,test,[H]>>CO.O=C(O)C1OCC(O)C(O)C1O
DB00783,Estradiol,DBMET00606,17-beta-estradiol 3-sulfate-17-(beta-D-glucuronide),UDP-glucuronosyltransferases (UGTs),DB13952,CC12CCC3c4ccc(O)cc4CCC3C1CCC2O,CC12CCC3c4ccc(OS(=O)(=O)O)cc4CCC3C1CCC2OC1OC(C(=O)O)C(O)C(O)C1O,DrugBank,0.4305555555555556,test,[H]>>O=C(O)C1OCC(O)C(O)C1O.O=[SH](=O)O
DB00783,Estradiol,DBMET00248,2-hydroxyestrone,"Cytochrome P450 1A2, Cytochrome P450 3A4, Cytochrome P450 1A1",DB13952,CC12CCC3c4ccc(O)cc4CCC3C1CCC2O,CC12CCC3c4cc(O)c(O)cc4CCC3C1CCC2=O,DrugBank,0.4528301886792453,test,O>>O.O
DB00783,Estradiol,DBMET00642,"17-Beta-Estradiol-3,17-beta-sulfate",,DB13952,CC12CCC3c4ccc(O)cc4CCC3C1CCC2O,CC12CCC3c4ccc(OS(=O)(=O)O)cc4CCC3C1CCC2OS(=O)(=O)O,DrugBank,0.5172413793103449,test,[H]>>O=[SH](=O)O.O=[SH](=O)O
DB00503,Ritonavir,DBMET01183,Ritonavir metabolite M11,"Cytochrome P450 3A4, Cytochrome P450 3A5",DB00503,CC(C)c1nc(CN(C)C(=O)NC(C(=O)NC(Cc2ccccc2)CC(O)C(Cc2ccccc2)NC(=O)OCc2cncs2)C(C)C)cs1,CNC(=O)NC(C(=O)NC(Cc1ccccc1)CC(O)C(Cc1ccccc1)NC(=O)OCc1cncs1)C(C)C,DrugBank,0.7,test,C.CC(C)c1nccs1>>[H]
DB00641,Simvastatin,DBMET01746,"3', 5'-Dihydrodiol","Cytochrome P450 3A4, Cytochrome P450 3A5",DB00641,CCC(C)(C)C(=O)OC1CC(C)C=C2C=CC(C)C(CCC3CC(O)CC(=O)O3)C21,CCC(C)(C)C(=O)OC1CC(C)C(O)C2=CC(O)C(C)C(CCC3CC(O)CC(=O)O3)C21,Both,0.6521739130434783,test,[H]>>O.O
DB00694,Daunorubicin,DBMET03411,Deoxydaunorubicin aglycone,,DB00694,COc1cccc2c1C(=O)c1c(O)c3c(c(O)c1C2=O)CC(O)(C(C)=O)CC3OC1CC(N)C(O)C(C)O1,COc1cccc2c1C(=O)c1c(O)c3c(c(O)c1C2=O)CC(O)(C(C)O)CC3,DrugBank,0.4024390243902439,test,CC1OCCC(N)C1O.O.O.O>>O.[OH]
DB01280,Nelarabine,DBMET00412,9-β-D-arabinofuranosylguanine,Adenosine deaminase,DB01280,COc1nc(N)nc2c1ncn2C1OC(CO)C(O)C1O,Nc1nc2c(n[c]n2C2OC(CO)C(O)C2O)c(=O)[nH]1,DrugBank,0.375,test,C.CO>>O.[C]
DB01452,Diamorphine,DBMET00313,morphine,Cholinesterase,DB01452,CC(=O)Oc1ccc2c3c1OC1C(OC(C)=O)C=CC4C(C2)N(C)CCC341,CN1CCC23c4c5ccc(O)c4OC2C(O)C=CC3C1C5,DrugBank,0.5806451612903226,test,CC=O.CC=O>>[H]
DB08922,Perospirone,DBMET01502,Hydroxyperospirone,Cytochrome P450 3A4,DB08922,O=C1C2CCCCC2C(=O)N1CCCCN1CCN(c2nsc3ccccc23)CC1,O=C1C2CCCCC2(O)C(=O)N1CCCCN1CCN(c2nsc3ccccc23)CC1,Both,0.7,test,[OH].[OH]>>O.O.O
DB12016,Ponesimod,DBMET03308,Ponesimod M6 Metabolite,,DB12016,CCCN=C1SC(=Cc2ccc(OCC(O)CO)c(Cl)c2)C(=O)N1c1ccccc1C,CCCN=C1SC(Cc2ccc(OCC(O)CO)c(Cl)c2)C(=O)N1c1ccccc1C,DrugBank,0.6282051282051282,test,Cc1ccc(OCC(O)CO)c(Cl)c1.O>>Cc1ccc(OCC(O)CO)c(Cl)c1.[OH]
DB12151,Brincidofovir,DBMET03374,CMX064,Cytochrome P450 4F2,DB12151,CCCCCCCCCCCCCCCCOCCCOP(=O)(O)COC(CO)Cn1ccc(N)nc1=O,Nc1ccn(CC(CO)OCP(=O)(O)OCCCOCCCC(=O)O)c(=O)n1,DrugBank,0.7777777777777778,test,CCCCCCCCCCCC>>O.O
DB14568,Ivosidenib,DBMET03503,Ivosidenib M39 metabolite,,DB14568,N#Cc1ccnc(N2C(=O)CCC2C(=O)N(c2cncc(F)c2)C(C(=O)NC2CC(F)(F)C2)c2ccccc2Cl)c1,O=C(O)C(Nc1cncc(F)c1)c1ccccc1Cl,DrugBank,0.3,test,N#Cc1ccnc(N2C(=O)CCC2C=O)c1.NC1CC(F)(F)C1>>O
DBMET00343,N-Desmethyltramadol,DBMET00954,"N,N-didesmethyltramadol","Cytochrome P450 3A4, Cytochrome P450 2B6",DB00193,CNCC1CCCCC1(O)c1cccc(OC)c1,COc1cccc(C2(C)CCCCC2CN)c1,DrugBank,0.56,test,C.O>>C
DBMET03404,Daunorubicinol,DBMET03406,Deoxydaunorubicinol aglycone,,DB00694,COc1cccc2c1C(=O)c1c(O)c3c(c(O)c1C2=O)CC(O)(C(C)O)CC3OC1CC(N)C(O)C(C)O1,COc1cccc2c1C(=O)c1c(O)c3c(c(O)c1C2=O)CC(O)(C(C)O)CC3,DrugBank,0.5333333333333333,test,CC1OCCC(N)C1O.O.O>>[OH]
DBMET01324,Nateglinide metabolite M7,DBMET01322,Nateglinide metabolite M11/M12,,DB00731,C=C(C)C1CCC(C(=O)NC(Cc2ccccc2)C(=O)O)CC1,CC(O)(CO)C1CCC(C(=O)NC(Cc2ccccc2)C(=O)O)CC1,DrugBank,0.6530612244897959,test,C>>CO.O
DBMET00954,"N,N-didesmethyltramadol",DBMET00956,"N,N,O-tridesmethyl-tramadol",,DB00193,COc1cccc(C2(C)CCCCC2CN)c1,NCC1CCCCC1(O)c1cccc(O)c1,DrugBank,0.46,test,C.C>>O
DBMET03390,Dabigatran M630,DBMET03391,Dabigatran M602,,DB06695,Cn1c(CNc2ccc(C(=N)NC(=O)OCCCCCC(=O)O)cc2)nc2cc(C(=O)N(CCC(=O)O)c3ccccn3)ccc21,Cn1c(CNc2ccc(C(=N)NC(=O)OCCCC(=O)O)cc2)nc2cc(C(=O)N(CCC(=O)O)c3ccccn3)ccc21,DrugBank,0.945945945945946,test,CC(=O)O>>O.O
DBMET03391,Dabigatran M602,DBMET03392,Dabigatran M574,,DB06695,Cn1c(CNc2ccc(C(=N)NC(=O)OCCCC(=O)O)cc2)nc2cc(C(=O)N(CCC(=O)O)c3ccccn3)ccc21,Cn1c(CNc2ccc(C(=N)NC(=O)OCC(=O)O)cc2)nc2cc(C(=O)N(CCC(=O)O)c3ccccn3)ccc21,DrugBank,0.8666666666666667,test,CC(=O)O>>O.O
DBMET02036,CDMDHC,DBMET02038,CDMHHC,,DB11251,Cc1c(C)c2c(c(C)c1O)CCC(C)(CCCC(C)CCCC(C)CCC(=O)O)O2,Cc1c(C)c2c(c(C)c1O)CCC(C)(CCCC(C)CCC(=O)O)O2,DrugBank,0.9782608695652174,test,CCCCC(=O)O>>O.O
DBMET02038,CDMHHC,DBMET02039,CMBHC,,DB11251,Cc1c(C)c2c(c(C)c1O)CCC(C)(CCCC(C)CCC(=O)O)O2,Cc1c(C)c2c(c(C)c1O)CCC(C)(CCCC(C)C(=O)O)O2,DrugBank,0.74,test,CC(=O)O>>O.O
DBMET02039,CMBHC,DBMET02040,CEHC,,DB11251,Cc1c(C)c2c(c(C)c1O)CCC(C)(CCCC(C)C(=O)O)O2,Cc1c(C)c2c(c(C)c1O)CCC(C)(CCC(=O)O)O2,DrugBank,0.6808510638297872,test,CCC(=O)O>>O.O
,4-nitropyrene,,,CYP1A2,4-nitropyrene,O=[N+]([O-])c1cc2cccc3ccc4cccc1c4c32,O=[N+]([O-])c1cc2cccc3c2c2c(cccc12)C(O)C3O,MetXBioDB,0.6216216216216216,test,[H]>>O.O
,7-methylbenz(c)acridine,,,CYP1A2;CYP3A4,7-methylbenz(c)acridine,Cc1c2ccccc2nc2c1ccc1ccccc12,Cc1c2c(nc3c1ccc1ccccc13)C=CC(O)C2O,MetXBioDB,0.4878048780487805,test,[H]>>O.O
,7-methylbenz(c)acridine,,,CYP1A2;CYP3A4,7-methylbenz(c)acridine,Cc1c2ccccc2nc2c1ccc1ccccc12,Cc1c2ccccc2nc2c1c(O)c(O)c1ccccc12,MetXBioDB,0.4864864864864865,test,[H]>>O.O
,7-methylbenz(c)acridine,,,CYP1A2;CYP3A4,7-methylbenz(c)acridine,Cc1c2ccccc2nc2c1ccc1ccccc12,Cc1c2ccccc2nc2c1ccc1c(O)c(O)ccc12,MetXBioDB,0.6285714285714286,test,[H]>>O.O
,"(2R,3S)â€2â€(diphenylmethyl)â€Nâ€{[2â€methoxyâ€5â€(propâ€1â€enâ€2â€yl)phenyl]methyl}â€1â€azabicyclo[2.2.2]octanâ€3â€amine",,"CP-616,762",CYP2D6;CYP3A4,"(2R,3S)â€2â€(diphenylmethyl)â€Nâ€{[2â€methoxyâ€5â€(propâ€1â€enâ€2â€yl)phenyl]methyl}â€1â€azabicyclo[2.2.2]octanâ€3â€amine",C=C(C)c1ccc(OC)c(CNC2C3CCN(CC3)C2C(c2ccccc2)c2ccccc2)c1,COc1ccc(C(C)(O)CO)cc1CNC1C2CCN(CC2)C1C(c1ccccc1)c1ccccc1,MetXBioDB,0.6923076923076923,test,C>>CO.O
,"Dibenz[a,j]acridine",,"3,4-DHD",CYP1A2;CYP3A4,"Dibenz[a,j]acridine",c1ccc2c(c1)ccc1nc3ccc4ccccc4c3cc12,Oc1ccc2c(ccc3nc4ccc5ccccc5c4cc32)c1O,MetXBioDB,0.6666666666666666,test,[H]>>O.O
,"Dibenz[a,j]acridine",,"1,2-DHD",CYP1A2;CYP3A4,"Dibenz[a,j]acridine",c1ccc2c(c1)ccc1nc3ccc4ccccc4c3cc12,Oc1ccc2ccc3nc4ccc5ccccc5c4cc3c2c1O,MetXBioDB,0.6451612903225806,test,[H]>>O.O
,"Dibenz[a,j]acridine",,"5,6-DHD",CYP1A2;CYP3A4,"Dibenz[a,j]acridine",c1ccc2c(c1)ccc1nc3ccc4ccccc4c3cc12,Oc1c(O)c2nc3ccc4ccccc4c3cc2c2ccccc12,MetXBioDB,0.6129032258064516,test,[H]>>O.O
,"7,12 Dimethylbenzanthracene",,,CYP1A2;CYP2B6;CYP2C8;CYP2C9;CYP2E1;CYP3A4,"7,12 Dimethylbenzanthracene",Cc1c2ccccc2c(C)c2c1ccc1ccccc12,Cc1c2ccccc2c(C)c2c1c(O)c(O)c1ccccc12,MetXBioDB,0.4193548387096774,test,[H]>>O.O
,"7,12 Dimethylbenzanthracene",,,CYP1A2;CYP2B6;CYP2C8;CYP2C9;CYP2E1;CYP3A4,"7,12 Dimethylbenzanthracene",Cc1c2ccccc2c(C)c2c1ccc1ccccc12,Cc1c2ccc3ccccc3c2c(C)c2ccc(O)c(O)c12,MetXBioDB,0.6666666666666666,test,[H]>>O.O
,"7,12 Dimethylbenzanthracene",,,CYP1A2;CYP2B6;CYP2C8;CYP2C9;CYP2E1;CYP3A4,"7,12 Dimethylbenzanthracene",Cc1c2ccccc2c(C)c2c1ccc1ccccc12,Cc1c2ccccc2c(C)c2c1ccc1c(O)c(O)ccc12,MetXBioDB,0.5483870967741935,test,[H]>>O.O
,carvone metabo6,,,UGT,carvone metabo6,C=C(C)C1CC=C(C)C(=O)C1O,C=C(C)C1CC=C(C)C(=O)C1OC1OC(C(=O)O)C(O)C(O)C1O,MetXBioDB,0.4693877551020408,test,C.[OH]>>C.O.O=C(O)C1OCC(O)C(O)C1O
