parent_name	child_name	reactants	products	generation	set
Apixaban	M2	COc1ccc(-n2nc(C(N)=O)c3c2C(=O)N(c2ccc(N4CCCCC4=O)cc2)CC3)cc1	NC(=O)c1nn(-c2ccc(O)cc2)c2c1CCN(c1ccc(N3CCCCC3=O)cc1)C2=O	1	test
Lenalidomide	5-hydroxy-lenalidomide	Nc1cccc2c1CN(C1CCC(=O)NC1=O)C2=O	Nc1c(O)ccc2c1CN(C1CCC(=O)NC1=O)C2=O	1	test
Lenalidomide	N-acetyl-lenalidomide	Nc1cccc2c1CN(C1CCC(=O)NC1=O)C2=O	CC(=O)Nc1cccc2c1CN(C1CCC(=O)NC1=O)C2=O	1	test
Rivaroxaban	M-2	O=C(NCC1CN(c2ccc(N3CCOCC3=O)cc2)C(=O)O1)c1ccc(Cl)s1	O=C(NCC1CN(c2ccc(N3CCOC(O)C3=O)cc2)C(=O)O1)c1ccc(Cl)s1	1	test
Rivaroxaban	M-5	O=C(NCC1CN(c2ccc(N3CCOCC3=O)cc2)C(=O)O1)c1ccc(Cl)s1	O=C(NCC1CN(c2ccc(N(CCO)C(=O)CO)cc2)C(=O)O1)c1ccc(Cl)s1	1	test
Rivaroxaban	M-6	O=C(NCC1CN(c2ccc(N3CCOCC3=O)cc2)C(=O)O1)c1ccc(Cl)s1	O=C(NCC1CN(c2ccc(NCCO)cc2)C(=O)O1)c1ccc(Cl)s1	1	test
Rivaroxaban	M-7	O=C(NCC1CN(c2ccc(N3CCOCC3=O)cc2)C(=O)O1)c1ccc(Cl)s1	O=C(O)COCCNc1ccc(N2CC(CNC(=O)c3ccc(Cl)s3)OC2=O)cc1	1	test
Rivaroxaban	M-12	O=C(NCC1CN(c2ccc(N3CCOCC3=O)cc2)C(=O)O1)c1ccc(Cl)s1	O=C(CNC(=O)c1ccc(Cl)s1)CNc1ccc(N2CCOCC2=O)cc1	1	test
Rivaroxaban	M-13	O=C(NCC1CN(c2ccc(N3CCOCC3=O)cc2)C(=O)O1)c1ccc(Cl)s1	O=C(O)c1ccc(Cl)s1	1	test
Rivaroxaban	M-15	O=C(NCC1CN(c2ccc(N3CCOCC3=O)cc2)C(=O)O1)c1ccc(Cl)s1	NCC1CN(c2ccc(N3CCOCC3=O)cc2)C(=O)O1	1	test
Rivaroxaban	M-9	O=C(NCC1CN(c2ccc(N3CCOCC3=O)cc2)C(=O)O1)c1ccc(Cl)s1	O=C(NCC1OC(=O)N(c2ccc(N3CCOCC3=O)cc2)C1O)c1ccc(Cl)s1	1	test
Rivaroxaban	M-8	O=C(NCC1CN(c2ccc(N3CCOCC3=O)cc2)C(=O)O1)c1ccc(Cl)s1	O=C(NCC1CN(c2ccc(N3C(=O)COCC3O)cc2)C(=O)O1)c1ccc(Cl)s1	1	test
Rivaroxaban	M-3	O=C(NCC1CN(c2ccc(N3CCOCC3=O)cc2)C(=O)O1)c1ccc(Cl)s1	O=C(NCC1CN(c2ccc(N3CC(O)OCC3=O)cc2)C(=O)O1)c1ccc(Cl)s1	1	test
Ibrutinib	M26	C=CC(=O)N1CCCC(n2nc(-c3ccc(Oc4ccccc4)cc3)c3c(N)ncnc32)C1	Nc1ncnc2c1c(-c1ccc(Oc3ccccc3)cc1)nn2C1CCCN(C(=O)CCSCC(NC(=O)CCC(N)C(=O)O)C(=O)NCC(=O)O)C1	1	test
Ibrutinib	M37	C=CC(=O)N1CCCC(n2nc(-c3ccc(Oc4ccccc4)cc3)c3c(N)ncnc32)C1	Nc1ncnc2c1c(-c1ccc(Oc3ccccc3)cc1)nn2C1CCCN(C(=O)C(O)CO)C1	1	test
Cobicistat	M2	CC(C)c1nc(CN(C)C(=O)NC(CCN2CCOCC2)C(=O)NC(CCC(Cc2ccccc2)NC(=O)OCc2cncs2)Cc2ccccc2)cs1	CC(C)c1nc(CN(C)C(=O)NC(CCN2CCOCC2)C(=O)NC(CCC(N)Cc2ccccc2)Cc2ccccc2)cs1	1	test
Cobicistat	M9	CC(C)c1nc(CN(C)C(=O)NC(CCN2CCOCC2)C(=O)NC(CCC(Cc2ccccc2)NC(=O)OCc2cncs2)Cc2ccccc2)cs1	CNC(=O)NC(CCN1CCOCC1)C(=O)NC(CCC(Cc1ccccc1)NC(=O)OCc1cncs1)Cc1ccccc1	1	test
Cobicistat	M3	CC(C)c1nc(CN(C)C(=O)NC(CCN2CCOCC2)C(=O)NC(CCC(Cc2ccccc2)NC(=O)OCc2cncs2)Cc2ccccc2)cs1	CC(C)c1nc(CN(C)C(=O)NC(CCNCCO)C(=O)NC(CCC(Cc2ccccc2)NC(=O)OCc2cncs2)Cc2ccccc2)cs1	1	test
Sitagliptin	M1	NC(CC(=O)N1CCn2c(nnc2C(F)(F)F)C1)Cc1cc(F)c(F)cc1F	O=C(CC(Cc1cc(F)c(F)cc1F)NS(=O)(=O)O)N1CCn2c(nnc2C(F)(F)F)C1	1	test
Sitagliptin	M4	NC(CC(=O)N1CCn2c(nnc2C(F)(F)F)C1)Cc1cc(F)c(F)cc1F	O=C(NC(CC(=O)N1CCn2c(nnc2C(F)(F)F)C1)Cc1cc(F)c(F)cc1F)OC1OC(C(=O)O)C(O)C(O)C1O	1	test
Sitagliptin	M2,M5	NC(CC(=O)N1CCn2c(nnc2C(F)(F)F)C1)Cc1cc(F)c(F)cc1F	O=C1CC(Cc2cc(F)c(F)cc2F)NC2c3nnc(C(F)(F)F)n3CCN12	1	test
Enzalutamide	carboxylic acid metabolite	CNC(=O)c1ccc(N2C(=S)N(c3ccc(C#N)c(C(F)(F)F)c3)C(=O)C2(C)C)cc1F	CC1(C)C(=O)N(c2ccc(C#N)c(C(F)(F)F)c2)C(=S)N1c1ccc(C(=O)O)c(F)c1	1	test
Enzalutamide	N-desmethyl enzalutamide	CNC(=O)c1ccc(N2C(=S)N(c3ccc(C#N)c(C(F)(F)F)c3)C(=O)C2(C)C)cc1F	CC1(C)C(=O)N(c2ccc(C#N)c(C(F)(F)F)c2)C(=S)N1c1ccc(C(N)=O)c(F)c1	1	test
Abacavir	5'-carboxylate	Nc1nc(NC2CC2)c2ncn(C3C=CC(CO)C3)c2n1	Nc1nc(NC2CC2)c2ncn(C3C=CC(C(=O)O)C3)c2n1	1	test
Abacavir	5'-glucuronide	Nc1nc(NC2CC2)c2ncn(C3C=CC(CO)C3)c2n1	Nc1nc(NC2CC2)c2ncn(C3C=CC(COC4OC(C(=O)O)C(O)C(O)C4O)C3)c2n1	1	test
Dolutegravir	M2	CC1CCOC2Cn3cc(C(=O)NCc4ccc(F)cc4F)c(=O)c(O)c3C(=O)N12	CC1CCOC2Cn3cc(C(=O)NCc4ccc(F)cc4F)c(=O)c(OC4OC(C(=O)O)C(O)C(O)C4O)c3C(=O)N12	1	test
Dolutegravir	M3	CC1CCOC2Cn3cc(C(=O)NCc4ccc(F)cc4F)c(=O)c(O)c3C(=O)N12	CC1CCOC2Cn3cc(C(=O)NC(O)c4ccc(F)cc4F)c(=O)c(O)c3C(=O)N12	1	test
Abiraterone	M75	CC12CCC(O)CC1=CCC1C2CCC2(C)C(c3cccnc3)=CCC12	CC12CCC=CC1=CCC1C2CCC2(C)C(c3cccnc3)=CCC12	1	test
Abiraterone	M45	CC12CCC(O)CC1=CCC1C2CCC2(C)C(c3cccnc3)=CCC12	CC12CCC(OS(=O)(=O)O)CC1=CCC1C2CCC2(C)C(c3cccnc3)=CCC12	1	test
Fingolimod	M1	CCCCCCCCc1ccc(CCC(N)(CO)CO)cc1	NC(CO)(CO)CCc1ccc(CCCCCCCC(=O)O)cc1	1	test
Fingolimod	phosphate	CCCCCCCCc1ccc(CCC(N)(CO)CO)cc1	CCCCCCCCc1ccc(CCC(N)(CO)COP(=O)(O)O)cc1	1	test
Fluticasone Propionate	M1	CCC(=O)OC1(C(=O)SCF)C(C)CC2C3CC(F)C4=CC(=O)C=CC4(C)C3(F)C(O)CC21C	CCC(=O)OC1(C(=O)O)C(C)CC2C3CC(F)C4=CC(=O)C=CC4(C)C3(F)C(O)CC21C	1	test
Budesonide	M-IV	CCCC1OC2CC3C4CCC5=CC(=O)C=CC5(C)C4C(O)CC3(C)C2(C(=O)CO)O1	CCC(O)C1OC2CC3C4CCC5=CC(=O)C=CC5(C)C4C(O)CC3(C)C2(C(=O)CO)O1	1	test
Budesonide	M-VI	CCCC1OC2CC3C4CCC5=CC(=O)C=CC5(C)C4C(O)CC3(C)C2(C(=O)CO)O1	CCCC1OC2CC3C4C=CC5=CC(=O)C=CC5(C)C4C(O)CC3(C)C2(C(=O)CO)O1	1	test
Budesonide	M-II/M-III	CCCC1OC2CC3C4CCC5=CC(=O)C=CC5(C)C4C(O)CC3(C)C2(C(=O)CO)O1	CCCC1OC2CC3C4CC(O)C5=CC(=O)C=CC5(C)C4C(O)CC3(C)C2(C(=O)CO)O1	1	test
Budesonide	M-VII	CCCC1OC2CC3C4CCC5=CC(=O)C=CC5(C)C4C(O)CC3(C)C2(C(=O)CO)O1	CCCC1OC2CC3C4CCC5=CC(=O)C=CC5(C)C4C(=O)CC3(C)C2(C(=O)CO)O1	1	test
Budesonide	M-VIII	CCCC1OC2CC3C4CCC5=CC(=O)C=CC5(C)C4C(O)CC3(C)C2(C(=O)CO)O1	CCCC1OC2CC3C4CCC5=CC(=O)C=CC5(C)C4C(O)CC3(C)C2(C(O)CO)O1	1	test
Budesonide	M-I	CCCC1OC2CC3C4CCC5=CC(=O)C=CC5(C)C4C(O)CC3(C)C2(C(=O)CO)O1	CC12C=CC(=O)C=C1CCC1C2C(O)CC2(C)C1CC(O)C2(O)C(=O)CO	1	test
Formoterol	Met 1	COc1ccc(CC(C)NCC(O)c2ccc(O)c(NC=O)c2)cc1	CC(Cc1ccc(O)cc1)NCC(O)c1ccc(O)c(NC=O)c1	1	test
Formoterol	FG1	COc1ccc(CC(C)NCC(O)c2ccc(O)c(NC=O)c2)cc1	COc1ccc(CC(C)NCC(O)c2ccc(OC3OC(C(=O)O)C(O)C(O)C3O)c(NC=O)c2)cc1	1	test
Formoterol	FG2	COc1ccc(CC(C)NCC(O)c2ccc(O)c(NC=O)c2)cc1	COc1ccc(CC(C)NCC(OC2OC(C(=O)O)C(O)C(O)C2O)c2ccc(O)c(NC=O)c2)cc1	1	test
Formoterol	FS	COc1ccc(CC(C)NCC(O)c2ccc(O)c(NC=O)c2)cc1	COc1ccc(CC(C)NCC(O)c2ccc(OS(=O)(=O)O)c(NC=O)c2)cc1	1	test
Esomeprazole	5-O-desmethylomeprazole	COc1ccc2[nH]c([S+]([O-])Cc3ncc(C)c(OC)c3C)nc2c1	COc1c(C)cnc(C[S+]([O-])c2nc3cc(O)ccc3[nH]2)c1C	1	test
Esomeprazole	omeprazole sulfone	COc1ccc2[nH]c([S+]([O-])Cc3ncc(C)c(OC)c3C)nc2c1	COc1ccc2[nH]c(S(=O)(=O)Cc3ncc(C)c(OC)c3C)nc2c1	1	test
Empagliflozin	M626/1	OCC1OC(c2ccc(Cl)c(Cc3ccc(OC4CCOC4)cc3)c2)C(O)C(O)C1O	O=C(O)C1OC(OC2C(c3ccc(Cl)c(Cc4ccc(OC5CCOC5)cc4)c3)OC(CO)C(O)C2O)C(O)C(O)C1O	1	test
Empagliflozin	M626/2	OCC1OC(c2ccc(Cl)c(Cc3ccc(OC4CCOC4)cc3)c2)C(O)C(O)C1O	O=C(O)C1OC(OCC2OC(c3ccc(Cl)c(Cc4ccc(OC5CCOC5)cc4)c3)C(O)C(O)C2O)C(O)C(O)C1O	1	test
Empagliflozin	M626/3	OCC1OC(c2ccc(Cl)c(Cc3ccc(OC4CCOC4)cc3)c2)C(O)C(O)C1O	O=C(O)C1OC(OC2C(O)C(CO)OC(c3ccc(Cl)c(Cc4ccc(OC5CCOC5)cc4)c3)C2O)C(O)C(O)C1O	1	test
Empagliflozin	M468/1	OCC1OC(c2ccc(Cl)c(Cc3ccc(OC4CCOC4)cc3)c2)C(O)C(O)C1O	OCCC(CO)Oc1ccc(Cc2cc(C3OC(CO)C(O)C(O)C3O)ccc2Cl)cc1	1	test
Dasatinib	M9	Cc1nc(Nc2ncc(C(=O)Nc3c(C)cccc3Cl)s2)cc(N2CCN(CCO)CC2)n1	Cc1nc(Nc2ncc(C3=Nc4c(Cl)cccc4CO3)s2)cc(N2CCN(CCO)CC2)n1	1	test
Dasatinib	M6	Cc1nc(Nc2ncc(C(=O)Nc3c(C)cccc3Cl)s2)cc(N2CCN(CCO)CC2)n1	Cc1nc(Nc2ncc(C(=O)Nc3c(C)cccc3Cl)s2)cc(N2CCN(CC(=O)O)CC2)n1	1	test
Dasatinib	M4	Cc1nc(Nc2ncc(C(=O)Nc3c(C)cccc3Cl)s2)cc(N2CCN(CCO)CC2)n1	Cc1nc(Nc2ncc(C(=O)Nc3c(C)cccc3Cl)s2)cc(N2CCNCC2)n1	1	test
Dasatinib	M20	Cc1nc(Nc2ncc(C(=O)Nc3c(C)cccc3Cl)s2)cc(N2CCN(CCO)CC2)n1	Cc1nc(Nc2ncc(C(=O)Nc3c(C)cc(O)cc3Cl)s2)cc(N2CCN(CCO)CC2)n1	1	test
Dasatinib	M24	Cc1nc(Nc2ncc(C(=O)Nc3c(C)cccc3Cl)s2)cc(N2CCN(CCO)CC2)n1	Cc1nc(Nc2ncc(C(=O)Nc3c(Cl)cccc3CO)s2)cc(N2CCN(CCO)CC2)n1	1	test
Dasatinib	M5	Cc1nc(Nc2ncc(C(=O)Nc3c(C)cccc3Cl)s2)cc(N2CCN(CCO)CC2)n1	Cc1nc(Nc2ncc(C(=O)Nc3c(C)cccc3Cl)s2)cc(N2CC[N+]([O-])(CCO)CC2)n1	1	test
Atorvastatin	para-hydroxyatorvastatin	CC(C)c1c(C(=O)Nc2ccccc2)c(-c2ccccc2)c(-c2ccc(F)cc2)n1CCC(O)CC(O)CC(=O)O	CC(C)c1c(C(=O)Nc2ccc(O)cc2)c(-c2ccccc2)c(-c2ccc(F)cc2)n1CCC(O)CC(O)CC(=O)O	1	test
Atorvastatin	ortho-hydroxyatorvastatin	CC(C)c1c(C(=O)Nc2ccccc2)c(-c2ccccc2)c(-c2ccc(F)cc2)n1CCC(O)CC(O)CC(=O)O	CC(C)c1c(C(=O)Nc2ccccc2O)c(-c2ccccc2)c(-c2ccc(F)cc2)n1CCC(O)CC(O)CC(=O)O	1	test
Pomalidomide	M10	Nc1cccc2c1C(=O)N(C1CCC(=O)NC1=O)C2=O	NC(=O)C(CCC(=O)O)N1C(=O)c2cccc(N)c2C1=O	1	test
Pomalidomide	M16	Nc1cccc2c1C(=O)N(C1CCC(=O)NC1=O)C2=O	Nc1ccc(O)c2c1C(=O)N(C1CCC(=O)NC1=O)C2=O	1	test
Pomalidomide	M12	Nc1cccc2c1C(=O)N(C1CCC(=O)NC1=O)C2=O	Nc1cccc(C(=O)O)c1C(=O)O	1	test
Pomalidomide	M19	Nc1cccc2c1C(=O)N(C1CCC(=O)NC1=O)C2=O	Nc1cccc2c1C(=O)N(C1CC(O)C(=O)NC1=O)C2=O	1	test
Pomalidomide	M11	Nc1cccc2c1C(=O)N(C1CCC(=O)NC1=O)C2=O	NC(=O)CCC(C(=O)O)N1C(=O)c2cccc(N)c2C1=O	1	test
Pomalidomide	M18	Nc1cccc2c1C(=O)N(C1CCC(=O)NC1=O)C2=O	O=C(O)Nc1cccc2c1C(=O)N(C1CCC(=O)NC1=O)C2=O	1	test
Pomalidomide	M17	Nc1cccc2c1C(=O)N(C1CCC(=O)NC1=O)C2=O	Nc1c(O)ccc2c1C(=O)N(C1CCC(=O)NC1=O)C2=O	1	test
Sofosbuvir	first metabolite	CC(C)OC(=O)C(C)NP(=O)(OCC1OC(n2ccc(=O)[nH]c2=O)C(C)(F)C1O)Oc1ccccc1	CC(NP(=O)(OCC1OC(n2ccc(=O)[nH]c2=O)C(C)(F)C1O)Oc1ccccc1)C(=O)O	1	test
Darunavir	M23	CC(C)CN(CC(O)C(Cc1ccccc1)NC(=O)OC1COC2OCCC12)S(=O)(=O)c1ccc(N)cc1	CC(C)(O)CN(CC(O)C(Cc1ccccc1)NC(=O)OC1COC2OCCC12)S(=O)(=O)c1ccc(N)cc1	1	test
Darunavir	M19	CC(C)CN(CC(O)C(Cc1ccccc1)NC(=O)OC1COC2OCCC12)S(=O)(=O)c1ccc(N)cc1	CC(C)CN(CC(O)C(N)Cc1ccccc1)S(=O)(=O)c1ccc(N)cc1	1	test
Darunavir	M33	CC(C)CN(CC(O)C(Cc1ccccc1)NC(=O)OC1COC2OCCC12)S(=O)(=O)c1ccc(N)cc1	CC(C)CN(CC(O)C(Cc1ccc(O)cc1)NC(=O)OC1COC2OCCC12)S(=O)(=O)c1ccc(N)cc1	1	test
Darunavir	M20	CC(C)CN(CC(O)C(Cc1ccccc1)NC(=O)OC1COC2OCCC12)S(=O)(=O)c1ccc(N)cc1	CC(C)CN(CC(OC1OC(C(=O)O)C(O)C(O)C1O)C(Cc1ccccc1)NC(=O)OC1COC2OCCC12)S(=O)(=O)c1ccc(N)cc1	1	test
Darunavir	M18	CC(C)CN(CC(O)C(Cc1ccccc1)NC(=O)OC1COC2OCCC12)S(=O)(=O)c1ccc(N)cc1	CC(C)CN(CC(O)C(Cc1ccccc1)NC(=O)OC1COC2OCCC12)S(=O)(=O)c1ccc(NC2OC(C(=O)O)C(O)C(O)C2O)cc1	1	test
Darunavir	M29	CC(C)CN(CC(O)C(Cc1ccccc1)NC(=O)OC1COC2OCCC12)S(=O)(=O)c1ccc(N)cc1	CC(C)CN(CC(O)C(Cc1ccccc1)NC(=O)OC1COC2OCCC12)S(=O)(=O)c1ccc(N)c(O)c1	1	test
Nilotinib 	P42.1	Cc1cn(-c2cc(NC(=O)c3ccc(C)c(Nc4nccc(-c5cccnc5)n4)c3)cc(C(F)(F)F)c2)cn1	Cc1cn(-c2cc(NC(=O)c3ccc(CO)c(Nc4nccc(-c5cccnc5)n4)c3)cc(C(F)(F)F)c2)cn1	1	test
Nilotinib 	P41.6	Cc1cn(-c2cc(NC(=O)c3ccc(C)c(Nc4nccc(-c5cccnc5)n4)c3)cc(C(F)(F)F)c2)cn1	Cc1ccc(C(=O)Nc2cc(-n3cnc(CO)c3)cc(C(F)(F)F)c2)cc1Nc1nccc(-c2cccnc2)n1	1	test
Nilotinib 	P36.5	Cc1cn(-c2cc(NC(=O)c3ccc(C)c(Nc4nccc(-c5cccnc5)n4)c3)cc(C(F)(F)F)c2)cn1	Cc1ccc(C(=O)Nc2cc(-n3cnc(C(=O)O)c3)cc(C(F)(F)F)c2)cc1Nc1nccc(-c2cccnc2)n1	1	test
Nilotinib 	P36	Cc1cn(-c2cc(NC(=O)c3ccc(C)c(Nc4nccc(-c5cccnc5)n4)c3)cc(C(F)(F)F)c2)cn1	Cc1cn(-c2cc(NC(=O)c3ccc(C)c(Nc4nccc(-c5ccc[n+]([O-])c5)n4)c3)cc(C(F)(F)F)c2)cn1	1	test
Nilotinib 	P50	Cc1cn(-c2cc(NC(=O)c3ccc(C)c(Nc4nccc(-c5cccnc5)n4)c3)cc(C(F)(F)F)c2)cn1	Cc1ccc(C(=O)Nc2cc(N)cc(C(F)(F)F)c2)cc1Nc1nccc(-c2cccnc2)n1	1	test
Osimertinib	AZ5104	C=CC(=O)Nc1cc(Nc2nccc(-c3cn(C)c4ccccc34)n2)c(OC)cc1N(C)CCN(C)C	C=CC(=O)Nc1cc(Nc2nccc(-c3c[nH]c4ccccc34)n2)c(OC)cc1N(C)CCN(C)C	1	test
Osimertinib	AZ7550	C=CC(=O)Nc1cc(Nc2nccc(-c3cn(C)c4ccccc34)n2)c(OC)cc1N(C)CCN(C)C	C=CC(=O)Nc1cc(Nc2nccc(-c3cn(C)c4ccccc34)n2)c(OC)cc1N(C)CCNC	1	test
Osimertinib	M1	C=CC(=O)Nc1cc(Nc2nccc(-c3cn(C)c4ccccc34)n2)c(OC)cc1N(C)CCN(C)C	C=CC(=O)Nc1cc(Nc2nccc(-c3cn(C)c4ccccc34)n2)c(OC)cc1N(C)CC[N+](C)(C)[O-]	1	test
Osimertinib	M8	C=CC(=O)Nc1cc(Nc2nccc(-c3cn(C)c4ccccc34)n2)c(OC)cc1N(C)CCN(C)C	COc1cc(N(C)CCN(C)C)c(NC(=O)CCSCC(N)C(=O)NCC(=O)O)cc1Nc1nccc(-c2cn(C)c3ccccc23)n1	1	test
Osimertinib	M2	C=CC(=O)Nc1cc(Nc2nccc(-c3cn(C)c4ccccc34)n2)c(OC)cc1N(C)CCN(C)C	C=CC(=O)Nc1cc(Nc2nccc(-c3cn(C)c4ccccc34)n2)c(OC)cc1NC	1	test
Osimertinib	M21	C=CC(=O)Nc1cc(Nc2nccc(-c3cn(C)c4ccccc34)n2)c(OC)cc1N(C)CCN(C)C	COc1cc(N(C)CCN(C)C)c(NC(=O)CCSCC(N)C(=O)O)cc1Nc1nccc(-c2cn(C)c3ccccc23)n1	1	test
Osimertinib	M10	C=CC(=O)Nc1cc(Nc2nccc(-c3cn(C)c4ccccc34)n2)c(OC)cc1N(C)CCN(C)C	COc1cc(N(C)CCN(C)C)c(NC(=O)CCSCC(NC(=O)CCC(N)C(=O)O)C(=O)NCC(=O)O)cc1Nc1nccc(-c2cn(C)c3ccccc23)n1	1	test
Tacrolimus	M-I	C=CCC1C=C(C)CC(C)CC(OC)C2OC(O)(C(=O)C(=O)N3CCCCC3C(=O)OC(C(C)=CC3CCC(O)C(OC)C3)C(C)C(O)CC1=O)C(C)CC2OC	C=CCC1C=C(C)CC(C)CC(OC)C(O)C2CC(C)C(O)(O2)C(=O)C(=O)N2CCCCC2C(=O)OC(C(C)=CC2CCC(O)C(OC)C2)C(C)C(O)CC1=O	1	test
Cinacalcet	M2a-Glu	CC(NCCCc1cccc(C(F)(F)F)c1)c1cccc2ccccc12	CC(NCCCc1cccc(C(F)(F)F)c1)C1=CC(O)C(OC2OC(C(=O)O)C(O)C(O)C2O)c2ccccc21	1	test
Cinacalcet	M5	CC(NCCCc1cccc(C(F)(F)F)c1)c1cccc2ccccc12	O=C(O)CCc1cccc(C(F)(F)F)c1	1	test
Tofacitinib	M1	CC1CCN(C(=O)CC#N)CC1N(C)c1ncnc2[nH]ccc12	CC1CCN(C(=O)CC#N)CC1Nc1ncnc2[nH]ccc12	1	test
Tofacitinib	M2	CC1CCN(C(=O)CC#N)CC1N(C)c1ncnc2[nH]ccc12	CC1CCN(C(=O)CO)CC1N(C)c1ncnc2[nH]ccc12	1	test
Tofacitinib	M4	CC1CCN(C(=O)CC#N)CC1N(C)c1ncnc2[nH]ccc12	CC1CCN(C(=O)C(=O)O)CC1N(C)c1ncnc2[nH]ccc12	1	test
Tofacitinib	M9	CC1CCN(C(=O)CC#N)CC1N(C)c1ncnc2[nH]ccc12	CC1CCN(C(=O)CC#N)CC1Nc1ncnc2c1CC(=O)N2	1	test
Dabigatran	M400	Cn1c(CNc2ccc(C(=N)N)cc2)nc2cc(C(=O)N(CCC(=O)O)c3ccccn3)ccc21	Cn1c(CNc2ccc(C(=N)N)cc2)nc2cc(C(=O)Nc3ccccn3)ccc21	1	test
Dabigatran	M369	Cn1c(CNc2ccc(C(=N)N)cc2)nc2cc(C(=O)N(CCC(=O)O)c3ccccn3)ccc21	Cn1c(C(=O)O)nc2cc(C(=O)N(CCC(=O)O)c3ccccn3)ccc21	1	test
Dabigatran	M324	Cn1c(CNc2ccc(C(=N)N)cc2)nc2cc(C(=O)N(CCC(=O)O)c3ccccn3)ccc21	Cn1c(CNc2ccc(C(=N)N)cc2)nc2cc(C(=O)O)ccc21	1	test
Dabigatran	M355	Cn1c(CNc2ccc(C(=N)N)cc2)nc2cc(C(=O)N(CCC(=O)O)c3ccccn3)ccc21	Cn1c(CO)nc2cc(C(=O)N(CCC(=O)O)c3ccccn3)ccc21	1	test
Dabigatran	M648	Cn1c(CNc2ccc(C(=N)N)cc2)nc2cc(C(=O)N(CCC(=O)O)c3ccccn3)ccc21	Cn1c(CNc2ccc(C(=N)N)cc2)nc2cc(C(=O)N(CCC(=O)OC3CC(C(=O)O)C(O)C(O)C3O)c3ccccn3)ccc21	1	test
Lurasidone	BITP	O=C1C2C3CCC(C3)C2C(=O)N1CC1CCCCC1CN1CCN(c2nsc3ccccc23)CC1	c1ccc2c(N3CCNCC3)nsc2c1	1	test
Clopidogrel	clopidogrel-carboxylic acid	COC(=O)C(c1ccccc1Cl)N1CCc2sccc2C1	O=C(O)C(c1ccccc1Cl)N1CCc2sccc2C1	1	test
Clopidogrel	2-oxo-clopidogrel	COC(=O)C(c1ccccc1Cl)N1CCc2sccc2C1	COC(=O)C(c1ccccc1Cl)N1CCC2SC(=O)C=C2C1	1	test
Apremilast	M1/M2	CCOc1cc(C(CS(C)(=O)=O)N2C(=O)c3cccc(NC(C)=O)c3C2=O)ccc1OC	CCOc1cc(C(CS(C)(=O)=O)NC(=O)c2cccc(NC(C)=O)c2C(=O)O)ccc1OC	1	test
Apremilast	M3	CCOc1cc(C(CS(C)(=O)=O)N2C(=O)c3cccc(NC(C)=O)c3C2=O)ccc1OC	CCOc1cc(C(CS(C)(=O)=O)N2C(=O)c3cccc(NC(C)=O)c3C2=O)ccc1O	1	test
Apremilast	M19	CCOc1cc(C(CS(C)(=O)=O)N2C(=O)c3cccc(NC(C)=O)c3C2=O)ccc1OC	CC(=O)Nc1cccc2c1C(=O)N(C(CS(C)(=O)=O)c1ccc(O)c(O)c1)C2=O	1	test
Apremilast	M22	CCOc1cc(C(CS(C)(=O)=O)N2C(=O)c3cccc(NC(C)=O)c3C2=O)ccc1OC	COc1ccc(C(CS(C)(=O)=O)N2C(=O)c3cccc(NC(C)=O)c3C2=O)cc1O	1	test
Apremilast	M13	CCOc1cc(C(CS(C)(=O)=O)N2C(=O)c3cccc(NC(C)=O)c3C2=O)ccc1OC	COc1ccc(C(CS(C)(=O)=O)N2C(=O)c3cccc(NC(C)=O)c3C2=O)cc1OC1OC(C(=O)O)C(O)C(O)C1O	1	test
Apremilast	M7	CCOc1cc(C(CS(C)(=O)=O)N2C(=O)c3cccc(NC(C)=O)c3C2=O)ccc1OC	CCOc1cc(C(CS(C)(=O)=O)N2C(=O)c3cccc(N)c3C2=O)ccc1OC	1	test
Apremilast	M17	CCOc1cc(C(CS(C)(=O)=O)N2C(=O)c3cccc(NC(C)=O)c3C2=O)ccc1OC	CCOc1cc(C(CS(C)(=O)=O)N2C(=O)c3cccc(NC(=O)CO)c3C2=O)ccc1OC	1	test
Rilpivirine	M2	Cc1cc(C=CC#N)cc(C)c1Nc1ccnc(Nc2ccc(C#N)cc2)n1	Cc1cc(C=CC#N)cc(CO)c1Nc1ccnc(Nc2ccc(C#N)cc2)n1	1	test
Rilpivirine	M4	Cc1cc(C=CC#N)cc(C)c1Nc1ccnc(Nc2ccc(C#N)cc2)n1	N#CC=Cc1cc(CO)c(Nc2ccnc(Nc3ccc(C#N)cc3)n2)c(CO)c1	1	test
Rilpivirine	M5	Cc1cc(C=CC#N)cc(C)c1Nc1ccnc(Nc2ccc(C#N)cc2)n1	Cc1cc(C=CC#N)cc(C)c1NC1C=CN(C2OC(C(=O)O)C(O)C(O)C2O)C(Nc2ccc(C#N)cc2)=N1	1	test
Linagliptin	M515	CC#CCn1c(N2CCCC(N)C2)nc2c1c(=O)n(Cc1nc(C)c3ccccc3n1)c(=O)n2C	CC#CCn1c(N2CCCC(NC(C)=O)C2)nc2c1c(=O)n(Cc1nc(C)c3ccccc3n1)c(=O)n2C	1	test
Linagliptin	M489	CC#CCn1c(N2CCCC(N)C2)nc2c1c(=O)n(Cc1nc(C)c3ccccc3n1)c(=O)n2C	Cc1nc(Cn2c(=O)c3c(nc(N4CCCC(N)C4)n3CC#CCO)n(C)c2=O)nc2ccccc12	1	test
Linagliptin	CD10604	CC#CCn1c(N2CCCC(N)C2)nc2c1c(=O)n(Cc1nc(C)c3ccccc3n1)c(=O)n2C	CC#CCn1c(N2CCCC(=O)C2)nc2c1c(=O)n(Cc1nc(C)c3ccccc3n1)c(=O)n2C	1	test
Linagliptin	M503	CC#CCn1c(N2CCCC(N)C2)nc2c1c(=O)n(Cc1nc(C)c3ccccc3n1)c(=O)n2C	CC#CCn1c(N2CCCC(N)C2)nc2c1c(=O)n(Cc1nc(C(=O)O)c3ccccc3n1)c(=O)n2C	1	test
Imatinib	CGP74588	Cc1ccc(NC(=O)c2ccc(CN3CCN(C)CC3)cc2)cc1Nc1nccc(-c2cccnc2)n1	Cc1ccc(NC(=O)c2ccc(CN3CCNCC3)cc2)cc1Nc1nccc(-c2cccnc2)n1	1	test
Imatinib	CGP72383	Cc1ccc(NC(=O)c2ccc(CN3CCN(C)CC3)cc2)cc1Nc1nccc(-c2cccnc2)n1	Cc1ccc(NC(=O)c2ccc(CN3CCN(C)CC3)cc2)cc1Nc1nccc(-c2ccc[n+]([O-])c2)n1	1	test
Imatinib	AFN911	Cc1ccc(NC(=O)c2ccc(CN3CCN(C)CC3)cc2)cc1Nc1nccc(-c2cccnc2)n1	CN1CCN(Cc2ccc(C(=O)Nc3ccc(CO)c(Nc4nccc(-c5cccnc5)n4)c3)cc2)CC1	1	test
Imatinib	CGP71422	Cc1ccc(NC(=O)c2ccc(CN3CCN(C)CC3)cc2)cc1Nc1nccc(-c2cccnc2)n1	Cc1ccc(NC(=O)c2ccc(CN3CC[N+](C)([O-])CC3)cc2)cc1Nc1nccc(-c2cccnc2)n1	1	test
Imatinib	AGP050	Cc1ccc(NC(=O)c2ccc(CN3CCN(C)CC3)cc2)cc1Nc1nccc(-c2cccnc2)n1	Cc1ccc(NC(=O)c2ccc(CN3CCN(C)C(=O)C3)cc2)cc1Nc1nccc(-c2cccnc2)n1	1	test
Imatinib	M29.6	Cc1ccc(NC(=O)c2ccc(CN3CCN(C)CC3)cc2)cc1Nc1nccc(-c2cccnc2)n1	Cc1ccc(NC(=O)c2ccc(CN3CCN(C)CC3=O)cc2)cc1Nc1nccc(-c2cccnc2)n1	1	test
Imatinib	M42.2	Cc1ccc(NC(=O)c2ccc(CN3CCN(C)CC3)cc2)cc1Nc1nccc(-c2cccnc2)n1	Cc1ccc(NC(=O)c2ccc(C(=O)O)cc2)cc1Nc1nccc(-c2cccnc2)n1	1	test
Everolimus	16-O-des	COC1CC2CCC(C)C(O)(O2)C(=O)C(=O)N2CCCCC2C(=O)OC(C(C)CC2CCC(OCCO)C(OC)C2)CC(=O)C(C)C=C(C)C(O)C(OC)C(=O)C(C)CC(C)C=CC=CC=C1C	COC1CC(CC(C)C2CC(=O)C(C)C=C(C)C(O)C(OC)C(=O)C(C)CC(C)C=CC=CC=C(C)C(O)CC3CCC(C)C(O)(O3)C(=O)C(=O)N3CCCCC3C(=O)O2)CCC1OCCO	1	test
Everolimus	27-O-des	COC1CC2CCC(C)C(O)(O2)C(=O)C(=O)N2CCCCC2C(=O)OC(C(C)CC2CCC(OCCO)C(OC)C2)CC(=O)C(C)C=C(C)C(O)C(OC)C(=O)C(C)CC(C)C=CC=CC=C1C	COC1CC2CCC(C)C(O)(O2)C(=O)C(=O)N2CCCCC2C(=O)OC(C(C)CC2CCC(OCCO)C(OC)C2)CC(=O)C(C)C=C(C)C(O)C(O)C(=O)C(C)CC(C)C=CC=CC=C1C	1	test
Everolimus	39-O-des	COC1CC2CCC(C)C(O)(O2)C(=O)C(=O)N2CCCCC2C(=O)OC(C(C)CC2CCC(OCCO)C(OC)C2)CC(=O)C(C)C=C(C)C(O)C(OC)C(=O)C(C)CC(C)C=CC=CC=C1C	COC1CC2CCC(C)C(O)(O2)C(=O)C(=O)N2CCCCC2C(=O)OC(C(C)CC2CCC(OCCO)C(O)C2)CC(=O)C(C)C=C(C)C(O)C(OC)C(=O)C(C)CC(C)C=CC=CC=C1C	1	test
Everolimus	11-OH	COC1CC2CCC(C)C(O)(O2)C(=O)C(=O)N2CCCCC2C(=O)OC(C(C)CC2CCC(OCCO)C(OC)C2)CC(=O)C(C)C=C(C)C(O)C(OC)C(=O)C(C)CC(C)C=CC=CC=C1C	COC1CC2CCC(C)(O)C(O)(O2)C(=O)C(=O)N2CCCCC2C(=O)OC(C(C)CC2CCC(OCCO)C(OC)C2)CC(=O)C(C)C=C(C)C(O)C(OC)C(=O)C(C)CC(C)C=CC=CC=C1C	1	test
Everolimus	12-OH	COC1CC2CCC(C)C(O)(O2)C(=O)C(=O)N2CCCCC2C(=O)OC(C(C)CC2CCC(OCCO)C(OC)C2)CC(=O)C(C)C=C(C)C(O)C(OC)C(=O)C(C)CC(C)C=CC=CC=C1C	COC1CC2CC(O)C(C)C(O)(O2)C(=O)C(=O)N2CCCCC2C(=O)OC(C(C)CC2CCC(OCCO)C(OC)C2)CC(=O)C(C)C=C(C)C(O)C(OC)C(=O)C(C)CC(C)C=CC=CC=C1C	1	test
Everolimus	14-OH	COC1CC2CCC(C)C(O)(O2)C(=O)C(=O)N2CCCCC2C(=O)OC(C(C)CC2CCC(OCCO)C(OC)C2)CC(=O)C(C)C=C(C)C(O)C(OC)C(=O)C(C)CC(C)C=CC=CC=C1C	COC1CC2(O)CCC(C)C(O)(O2)C(=O)C(=O)N2CCCCC2C(=O)OC(C(C)CC2CCC(OCCO)C(OC)C2)CC(=O)C(C)C=C(C)C(O)C(OC)C(=O)C(C)CC(C)C=CC=CC=C1C	1	test
Everolimus	24-OH	COC1CC2CCC(C)C(O)(O2)C(=O)C(=O)N2CCCCC2C(=O)OC(C(C)CC2CCC(OCCO)C(OC)C2)CC(=O)C(C)C=C(C)C(O)C(OC)C(=O)C(C)CC(C)C=CC=CC=C1C	COC1CC2CCC(C)C(O)(O2)C(=O)C(=O)N2CCCCC2C(=O)OC(C(C)CC2CCC(OCCO)C(OC)C2)CC(=O)C(C)C=C(C)C(O)C(OC)C(=O)C(C)C(O)C(C)C=CC=CC=C1C	1	test
Everolimus	25-OH	COC1CC2CCC(C)C(O)(O2)C(=O)C(=O)N2CCCCC2C(=O)OC(C(C)CC2CCC(OCCO)C(OC)C2)CC(=O)C(C)C=C(C)C(O)C(OC)C(=O)C(C)CC(C)C=CC=CC=C1C	COC1CC2CCC(C)C(O)(O2)C(=O)C(=O)N2CCCCC2C(=O)OC(C(C)CC2CCC(OCCO)C(OC)C2)CC(=O)C(C)C=C(C)C(O)C(OC)C(=O)C(C)(O)CC(C)C=CC=CC=C1C	1	test
Everolimus	46-OH	COC1CC2CCC(C)C(O)(O2)C(=O)C(=O)N2CCCCC2C(=O)OC(C(C)CC2CCC(OCCO)C(OC)C2)CC(=O)C(C)C=C(C)C(O)C(OC)C(=O)C(C)CC(C)C=CC=CC=C1C	COC1CC2CCC(C)C(O)(O2)C(=O)C(=O)N2CCCCC2C(=O)OC(C(C)CC2CCC(OCCO)C(OC)C2)CC(=O)C(C)C=C(C)C(O)C(OC)C(=O)C(CO)CC(C)C=CC=CC=C1C	1	test
Everolimus	49-OH	COC1CC2CCC(C)C(O)(O2)C(=O)C(=O)N2CCCCC2C(=O)OC(C(C)CC2CCC(OCCO)C(OC)C2)CC(=O)C(C)C=C(C)C(O)C(OC)C(=O)C(C)CC(C)C=CC=CC=C1C	COC1CC2CCC(C)C(O)(O2)C(=O)C(=O)N2CCCCC2C(=O)OC(C(CO)CC2CCC(OCCO)C(OC)C2)CC(=O)C(C)C=C(C)C(O)C(OC)C(=O)C(C)CC(C)C=CC=CC=C1C	1	test
Everolimus	rapamycin	COC1CC2CCC(C)C(O)(O2)C(=O)C(=O)N2CCCCC2C(=O)OC(C(C)CC2CCC(OCCO)C(OC)C2)CC(=O)C(C)C=C(C)C(O)C(OC)C(=O)C(C)CC(C)C=CC=CC=C1C	COC1CC2CCC(C)C(O)(O2)C(=O)C(=O)N2CCCCC2C(=O)OC(C(C)CC2CCC(O)C(OC)C2)CC(=O)C(C)C=C(C)C(O)C(OC)C(=O)C(C)CC(C)C=CC=CC=C1C	1	test
Everolimus	ATG181	COC1CC2CCC(C)C(O)(O2)C(=O)C(=O)N2CCCCC2C(=O)OC(C(C)CC2CCC(OCCO)C(OC)C2)CC(=O)C(C)C=C(C)C(O)C(OC)C(=O)C(C)CC(C)C=CC=CC=C1C	COC1CC2CCC(C)C(O)(O2)C(=O)C(=O)N2CCCCC2C(=O)OC(C(C)CC2CCC(OCCOP(=O)(O)OCC[N+](C)(C)C)C(OC)C2)CC(=O)C(C)C=C(C)C(O)C(OC)C(=O)C(C)CC(C)C=CC=CC=C1C	1	test
Rosuvastatin	N-desmethyl rosuvastatin	CC(C)c1nc(N(C)S(C)(=O)=O)nc(-c2ccc(F)cc2)c1C=CC(O)CC(O)CC(=O)O	CC(C)c1nc(NS(C)(=O)=O)nc(-c2ccc(F)cc2)c1C=CC(O)CC(O)CC(=O)O	1	test
Rosuvastatin	rosuvastatin-5S-lactone	CC(C)c1nc(N(C)S(C)(=O)=O)nc(-c2ccc(F)cc2)c1C=CC(O)CC(O)CC(=O)O	CC(C)c1nc(N(C)S(C)(=O)=O)nc(-c2ccc(F)cc2)c1C=CC1(O)CC(O)CC(=O)O1	1	test
Dapagliflozin	M8	CCOc1ccc(Cc2cc(C3OC(CO)C(O)C(O)C3O)ccc2Cl)cc1	OCC1OC(c2ccc(Cl)c(Cc3ccc(O)cc3)c2)C(O)C(O)C1O	1	test
Dapagliflozin	M12	CCOc1ccc(Cc2cc(C3OC(CO)C(O)C(O)C3O)ccc2Cl)cc1	CCOc1ccc(C(O)c2cc(C3OC(CO)C(O)C(O)C3O)ccc2Cl)cc1	1	test
Ticagrelor	M5	CCCSc1nc(NC2CC2c2ccc(F)c(F)c2)c2nnn(C3CC(OCCO)C(O)C3O)c2n1	CCCSc1nc(N)c2nnn(C3CC(OCCO)C(O)C3O)c2n1	1	test
Ticagrelor	M8	CCCSc1nc(NC2CC2c2ccc(F)c(F)c2)c2nnn(C3CC(OCCO)C(O)C3O)c2n1	CCCSc1nc(NC2CC2c2ccc(F)c(F)c2)c2nnn(C3CC(O)C(O)C3O)c2n1	1	test
